Charleston,Charleston,South Carolina,45019,Charleston,32.8168,-79.9687,706884,503.3,shape,false,true,America/New_York,2,29414 29424 29425 29455 29405 29407 29401 29403 29409 29492 29412 29402 29413 29417 29422 29457,1840015163
Columbia,Columbia,South Carolina,45079,Richland,34.0378,-80.9036,604065,383.1,shape,false,true,America/New_York,2,29203 29207 29205 29208 29209 29225 29212 29210 29201 29206 29204 29202 29214 29215 29216 29217 29218 29220 29224 29226 29240 29250,1840014730
Greenville,Greenville,South Carolina,45045,Greenville,34.8354,-82.3646,401443,917.9,shape,false,true,America/New_York,2,29614 29607 29605 29601 29609 29602 29603 29604 29612 29616,1840013501
Myrtle Beach,Myrtle Beach,South Carolina,45051,Horry,33.7094,-78.8844,332181,594.6,shape,false,true,America/New_York,2,29572 29577 29578,1840014717
Rock Hill,Rock Hill,South Carolina,45091,York,34.9415,-81.0241,228811,655.4,shape,false,true,America/New_York,2,29732 29733 29730 29731,1840014618
Spartanburg,Spartanburg,South Carolina,45083,Spartanburg,34.9442,-81.9251,200000,730.2,shape,false,true,America/New_York,2,29302 29301 29307 29306 29304 29319,1840015482
Mauldin,Mauldin,South Carolina,45045,Greenville,34.7821,-82.3032,168313,808.4,shape,false,true,America/New_York,2,29662 29607 29681,1840015476
North Charleston,North Charleston,South Carolina,45019,Charleston,32.9067,-80.0722,115755,575.7,shape,false,true,America/New_York,2,29420 29456 29485 29404 29405 29406 29418 29416 29419 29423,1840015164
Mount Pleasant,Mount Pleasant,South Carolina,45019,Charleston,32.8537,-79.8203,90945,708.7,shape,false,true,America/New_York,3,29466 29464 29465,1840017286
Florence,Florence,South Carolina,45041,Florence,34.178,-79.7898,90419,659.0,shape,false,true,America/New_York,3,29505 29506 29501 29502 29503 29504,1840013643
Sumter,Sumter,South Carolina,45085,Sumter,33.9392,-80.393,71234,505.8,shape,false,true,America/New_York,3,29154 29152 29153 29150 29151,1840015612
Summerville,Summerville,South Carolina,45035,Dorchester,33.0016,-80.1799,50839,871.0,shape,false,true,America/New_York,3,29485 29486 29483 29484,1840016886
Goose Creek,Goose Creek,South Carolina,45015,Berkeley,32.9927,-80.0055,45858,418.1,shape,false,true,America/New_York,3,29486 29445,1840013761
Hilton Head Island,Hilton Head Island,South Carolina,45013,Beaufort,32.1896,-80.7499,37708,352.1,shape,false,true,America/New_York,3,29928 29926 29925 29938,1840016974
Greer,Greer,South Carolina,45045,Greenville,34.933,-82.2313,37010,609.7,shape,false,true,America/New_York,3,29651 29650,1840013502
Aiken,Aiken,South Carolina,45003,Aiken,33.5303,-81.7271,32014,576.2,shape,false,true,America/New_York,3,29801 29803 29802,1840013722
Bluffton,Bluffton,South Carolina,45013,Beaufort,32.2135,-80.9316,29375,218.2,shape,false,true,America/New_York,3,29910,1840015799
Anderson,Anderson,South Carolina,45007,Anderson,34.5211,-82.6478,29345,715.8,shape,false,true,America/New_York,3,29625 29621 29624 29622,1840013579
Fort Mill,Fort Mill,South Carolina,45091,York,35.0061,-80.9389,26022,509.8,shape,false,true,America/New_York,3,29715 29716,1840016479
Conway,Conway,South Carolina,45051,Horry,33.8401,-79.0431,25121,395.8,shape,false,true,America/New_York,3,29527 29526 29528,1840014716
Carolina Forest,Carolina Forest,South Carolina,45051,Horry,33.7651,-78.913,24823,570.0,shape,false,false,America/New_York,3,29579,1840147796
Socastee,Socastee,South Carolina,45051,Horry,33.6871,-79.0086,24464,706.7,shape,false,false,America/New_York,3,29588,1840013647
North Augusta,North Augusta,South Carolina,45003,Aiken,33.5214,-81.9547,24425,442.9,shape,false,true,America/New_York,3,29841 29860 29861,1840014788
Simpsonville,Simpsonville,South Carolina,45045,Greenville,34.7287,-82.2569,24133,988.5,shape,false,true,America/New_York,3,29680 29681,1840015477
Lexington,Lexington,South Carolina,45063,Lexington,33.989,-81.2202,23665,763.3,shape,false,true,America/New_York,3,29072 29071,1840016724
Easley,Easley,South Carolina,45077,Pickens,34.8188,-82.5827,23135,684.4,shape,false,true,America/New_York,3,29642 29640,1840013526
Taylors,Taylors,South Carolina,45045,Greenville,34.9157,-82.3124,23005,841.0,shape,false,false,America/New_York,3,29687,1840013498
Greenwood,Greenwood,South Carolina,45047,Greenwood,34.1947,-82.1542,22528,523.3,shape,false,true,America/New_York,3,29649 29646 29647 29648,1840013626
St. Andrews,St. Andrews,South Carolina,45079,Richland,34.051,-81.1057,21909,1375.9,shape,false,false,America/New_York,3,29212 29210 29221,1840135211
Wade Hampton,Wade Hampton,South Carolina,45045,Greenville,34.8821,-82.3336,21029,914.0,shape,false,false,America/New_York,3,29615 29687 29606,1840035800
Hanahan,Hanahan,South Carolina,45015,Berkeley,32.9302,-80.0027,20731,761.0,shape,false,true,America/New_York,3,29410,1840014256
North Myrtle Beach,North Myrtle Beach,South Carolina,45051,Horry,33.8232,-78.7082,18850,334.8,shape,false,true,America/New_York,3,29582 29568 29566 29597,1840014718
Five Forks,Five Forks,South Carolina,45045,Greenville,34.8069,-82.2271,18592,948.2,shape,false,false,America/New_York,3,29681,1840013491
Clemson,Clemson,South Carolina,45077,Pickens,34.6837,-82.8124,17557,881.3,shape,false,true,America/New_York,3,29631 29632,1840014626
West Columbia,West Columbia,South Carolina,45063,Lexington,33.9932,-81.0936,17459,725.2,shape,false,true,America/New_York,3,29170 29169 29171,1840015605
Dentsville,Dentsville,South Carolina,45079,Richland,34.0754,-80.9547,16399,946.3,shape,false,false,America/New_York,3,29223,1840013089
Berea,Berea,South Carolina,45045,Greenville,34.8802,-82.465,16184,811.8,shape,false,false,America/New_York,3,29617 29611,1840013495
Seven Oaks,Seven Oaks,South Carolina,45063,Lexington,34.0475,-81.1435,15826,798.6,shape,false,false,America/New_York,3,29212 29210 29227,1840035850
Red Hill,Red Hill,South Carolina,45051,Horry,33.7777,-79.0111,15585,546.5,shape,false,false,America/New_York,3,29588 29526,1840013649
Ladson,Ladson,South Carolina,45015,Berkeley,33.0093,-80.1078,15298,840.0,shape,false,false,America/New_York,3,29456,1840014254
Port Royal,Port Royal,South Carolina,45013,Beaufort,32.3557,-80.7029,14573,331.7,shape,false,true,America/New_York,3,29902 29905 29906 29935,1840016975
Lake Wylie,Lake Wylie,South Carolina,45091,York,35.0997,-81.0678,14382,703.9,shape,false,false,America/New_York,3,29745 29710,1840013518
Gantt,Gantt,South Carolina,45045,Greenville,34.7837,-82.4027,14276,563.3,shape,false,false,America/New_York,3,29673 29605,1840013492
Cayce,Cayce,South Carolina,45063,Lexington,33.9459,-81.0429,13755,314.6,shape,false,true,America/New_York,3,29209 29172 29033 29201,1840014734
Beaufort,Beaufort,South Carolina,45013,Beaufort,32.4597,-80.7235,13582,214.6,shape,false,true,America/New_York,3,29902 29904 29906 29941 29901,1840013818
Moncks Corner,Moncks Corner,South Carolina,45015,Berkeley,33.173,-80.0107,13456,456.8,shape,false,true,America/New_York,3,29461,1840016863
Orangeburg,Orangeburg,South Carolina,45075,Orangeburg,33.4928,-80.8671,13220,566.4,shape,false,true,America/New_York,3,29118 29117 29115,1840014812
Tega Cay,Tega Cay,South Carolina,45091,York,35.039,-81.0111,12816,1102.6,shape,false,true,America/New_York,3,29708,1840015488
Gaffney,Gaffney,South Carolina,45021,Cherokee,35.0743,-81.6552,12651,562.5,shape,false,true,America/New_York,3,29341 29340,1840013515
Parker,Parker,South Carolina,45045,Greenville,34.8513,-82.4512,12466,701.8,shape,false,false,America/New_York,3,29617 29611,1840035848
James Island,James Island,South Carolina,45019,Charleston,32.7353,-79.9394,11689,951.4,shape,false,true,America/New_York,3,29412,1840043446
Irmo,Irmo,South Carolina,45079,Richland,34.1018,-81.1956,11685,647.5,shape,false,true,America/New_York,3,29212 29063,1840016723
Oak Grove,Oak Grove,South Carolina,45063,Lexington,33.978,-81.1468,11385,579.6,shape,false,false,America/New_York,3,29073 29170,1840135088
Boiling Springs,Boiling Springs,South Carolina,45083,Spartanburg,35.045,-81.9779,11191,632.0,shape,false,false,America/New_York,3,29316,1840013509
Garden City,Garden City,South Carolina,45051,Horry,33.5926,-79.0071,10885,786.3,shape,false,false,America/New_York,3,29575 29576,1840013645
Newberry,Newberry,South Carolina,45071,Newberry,34.2813,-81.601,10682,458.7,shape,false,true,America/New_York,3,29108,1840014694
Powdersville,Powdersville,South Carolina,45007,Anderson,34.7826,-82.4959,10678,299.7,shape,false,false,America/New_York,3,29673 29611 29642,1840013581
Fountain Inn,Fountain Inn,South Carolina,45045,Greenville,34.6989,-82.2005,10675,487.7,shape,false,true,America/New_York,3,29644,1840013500
Red Bank,Red Bank,South Carolina,45063,Lexington,33.9309,-81.2322,10544,324.7,shape,false,false,America/New_York,3,29073,1840013658
Forest Acres,Forest Acres,South Carolina,45079,Richland,34.0323,-80.9716,10514,880.2,shape,false,true,America/New_York,3,29206 29204 29260,1840013653
Murrells Inlet,Murrells Inlet,South Carolina,45043,Georgetown,33.556,-79.0594,10297,543.5,shape,false,false,America/New_York,3,29576,1840013742
Little River,Little River,South Carolina,45051,Horry,33.8786,-78.6393,9815,361.6,shape,false,false,America/New_York,3,29566,1840013648
Woodfield,Woodfield,South Carolina,45079,Richland,34.0587,-80.9309,9466,1332.4,shape,false,false,America/New_York,3,29223 29219,1840035853
Lugoff,Lugoff,South Carolina,45055,Kershaw,34.2113,-80.6973,9423,159.7,shape,false,false,America/New_York,3,29078,1840013597
Laurens,Laurens,South Carolina,45059,Laurens,34.5022,-82.0207,9276,363.9,shape,false,true,America/New_York,3,29360,1840014668
Litchfield Beach,Litchfield Beach,South Carolina,45043,Georgetown,33.4773,-79.1181,8908,306.4,shape,false,false,America/New_York,3,29585,1840107237
Seneca,Seneca,South Carolina,45073,Oconee,34.6818,-82.96,8834,413.8,shape,false,true,America/New_York,3,29672 29678 29679,1840015506
Sangaree,Sangaree,South Carolina,45015,Berkeley,33.0327,-80.1253,8680,1649.8,shape,false,false,America/New_York,3,29486,1840035792
Lancaster,Lancaster,South Carolina,45057,Lancaster,34.7248,-80.7804,8592,487.3,shape,false,true,America/New_York,3,29720,1840014630
York,York,South Carolina,45091,York,34.9967,-81.2341,8534,388.6,shape,false,true,America/New_York,3,29745,1840015489
Georgetown,Georgetown,South Carolina,45043,Georgetown,33.3594,-79.2958,8465,467.4,shape,false,true,America/New_York,3,29440 29442,1840013743
Union,Union,South Carolina,45087,Union,34.7235,-81.6248,8099,391.9,shape,false,true,America/New_York,3,29379,1840015533
Hardeeville,Hardeeville,South Carolina,45053,Jasper,32.2949,-81.0321,8048,54.8,shape,false,true,America/New_York,3,29927,1840013808
Sans Souci,Sans Souci,South Carolina,45045,Greenville,34.8901,-82.4241,8042,937.9,shape,false,false,America/New_York,3,29617 29609,1840013497
Travelers Rest,Travelers Rest,South Carolina,45045,Greenville,34.9582,-82.4412,7929,490.5,shape,false,true,America/New_York,3,29617 29613 29690,1840015478
Camden,Camden,South Carolina,45055,Kershaw,34.257,-80.609,7834,272.3,shape,false,true,America/New_York,3,29020,1840013598
Clinton,Clinton,South Carolina,45059,Laurens,34.4781,-81.8638,7624,283.5,shape,false,true,America/New_York,3,29325,1840014667
Burton,Burton,South Carolina,45013,Beaufort,32.4232,-80.7456,7603,351.5,shape,false,false,America/New_York,3,29902 29906 29903,1840013816
Homeland Park,Homeland Park,South Carolina,45007,Anderson,34.4644,-82.6593,7451,611.0,shape,false,false,America/New_York,3,29626 29624,1840013578
Hartsville,Hartsville,South Carolina,45031,Darlington,34.3675,-80.0829,7450,481.0,shape,false,true,America/New_York,3,29550 29551,1840013610
Forestbrook,Forestbrook,South Carolina,45051,Horry,33.7242,-78.9677,7414,780.0,shape,false,false,America/New_York,3,29588 29579,1840035797
Centerville,Centerville,South Carolina,45007,Anderson,34.5257,-82.7161,7217,471.9,shape,false,false,America/New_York,3,29625 29623,1840134659
White Knoll,White Knoll,South Carolina,45063,Lexington,33.8902,-81.2391,7185,453.4,shape,false,false,America/New_York,3,29073,1840148513
Welcome,Welcome,South Carolina,45045,Greenville,34.8203,-82.46,7153,598.7,shape,false,false,America/New_York,3,29611,1840013499
Valley Falls,Valley Falls,South Carolina,45083,Spartanburg,35.0073,-81.9692,7104,528.8,shape,false,false,America/New_York,3,29303 29316,1840013512
Bennettsville,Bennettsville,South Carolina,45069,Marlboro,34.6303,-79.6875,6975,436.0,shape,false,true,America/New_York,3,29512,1840013583
Lake Murray of Richland,Lake Murray of Richland,South Carolina,45079,Richland,34.1209,-81.2653,6914,480.0,shape,false,true,America/New_York,3,29177 29036 29063,1840073861
Clover,Clover,South Carolina,45091,York,35.1125,-81.2202,6800,555.2,shape,false,true,America/New_York,3,29710,1840016478
Dillon,Dillon,South Carolina,45033,Dillon,34.4233,-79.3689,6454,466.8,shape,false,true,America/New_York,3,29536,1840014676
Marion,Marion,South Carolina,45067,Marion,34.1787,-79.3956,6402,552.1,shape,false,true,America/New_York,3,29571,1840015595
Clemson University,Clemson University,South Carolina,45077,Pickens,34.675,-82.8344,6217,1133.9,shape,false,false,America/New_York,3,29631 29634,1840146556
Darlington,Darlington,South Carolina,45031,Darlington,34.3015,-79.867,6172,505.7,shape,false,true,America/New_York,3,29532,1840014693
Lyman,Lyman,South Carolina,45083,Spartanburg,34.9667,-82.1232,6099,355.4,shape,false,true,America/New_York,3,29385 29365,1840016461
Lake City,Lake City,South Carolina,45041,Florence,33.8676,-79.7534,6080,430.9,shape,false,true,America/New_York,3,29560,1840014715
Belvedere,Belvedere,South Carolina,45003,Aiken,33.537,-81.9424,5786,652.6,shape,false,false,America/New_York,3,29841,1840013720
Walterboro,Walterboro,South Carolina,45029,Colleton,32.901,-80.676,5515,311.1,shape,false,true,America/New_York,3,29488,1840015757
Laurel Bay,Laurel Bay,South Carolina,45013,Beaufort,32.4599,-80.7869,5513,511.2,shape,false,false,America/New_York,3,29906,1840013817
Piedmont,Piedmont,South Carolina,45007,Anderson,34.7074,-82.4651,5510,247.5,shape,false,false,America/New_York,3,29673,1840013580
Hollywood,Hollywood,South Carolina,45019,Charleston,32.752,-80.2118,5397,88.4,shape,false,true,America/New_York,3,29470 29449,1840017281
Central,Central,South Carolina,45077,Pickens,34.7235,-82.7788,5272,664.7,shape,false,true,America/New_York,3,29630,1840016494
Chester,Chester,South Carolina,45023,Chester,34.7051,-81.2132,5260,614.4,shape,false,true,America/New_York,3,29706,1840014663
Cheraw,Cheraw,South Carolina,45025,Chesterfield,34.6956,-79.9084,5056,327.9,shape,false,true,America/New_York,3,29520,1840016582
Batesburg-Leesville,Batesburg-Leesville,South Carolina,45063,Lexington,33.9126,-81.5313,5004,235.7,shape,false,true,America/New_York,3,29070 29006,1840003900
Abbeville,Abbeville,South Carolina,45001,Abbeville,34.1787,-82.3774,4892,303.9,shape,false,true,America/New_York,3,29620,1840013618
Blythewood,Blythewood,South Carolina,45079,Richland,34.2121,-80.9921,4890,177.6,shape,false,true,America/New_York,3,29016,1840015598
Barnwell,Barnwell,South Carolina,45011,Barnwell,33.2419,-81.3659,4643,228.6,shape,false,true,America/New_York,3,29812 29813,1840013763
Baxter Village,Baxter Village,South Carolina,45091,York,35.028,-80.9792,4419,1200.0,shape,false,false,America/New_York,3,29708,1840144599
India Hook,India Hook,South Carolina,45091,York,35.0142,-81.0378,4385,642.2,shape,false,false,America/New_York,3,29732,1840013517
Belton,Belton,South Carolina,45007,Anderson,34.5237,-82.4938,4357,445.3,shape,false,true,America/New_York,3,29627,1840013582
Isle of Palms,Isle of Palms,South Carolina,45019,Charleston,32.8043,-79.7552,4347,378.4,shape,false,true,America/New_York,3,29451,1840015165
Woodruff,Woodruff,South Carolina,45083,Spartanburg,34.7421,-82.0371,4262,324.3,shape,false,true,America/New_York,3,29388,1840015484
Newport,Newport,South Carolina,45091,York,34.9833,-81.0992,4226,202.7,shape,false,false,America/New_York,3,29732,1840013520
Surfside Beach,Surfside Beach,South Carolina,45051,Horry,33.6093,-78.9772,4179,828.2,shape,false,true,America/New_York,3,29575,1840016712
Saxon,Saxon,South Carolina,45083,Spartanburg,34.9616,-81.9713,4171,676.4,shape,false,false,America/New_York,3,29378 29301,1840013510
Walhalla,Walhalla,South Carolina,45073,Oconee,34.7705,-83.0615,4102,407.7,shape,false,true,America/New_York,3,29691,1840015507
Williamston,Williamston,South Carolina,45007,Anderson,34.6194,-82.4794,4072,426.2,shape,false,true,America/New_York,3,29697,1840016576
Brookdale,Brookdale,South Carolina,45075,Orangeburg,33.5183,-80.8332,4069,431.4,shape,false,false,America/New_York,3,29115,1840035795
Duncan,Duncan,South Carolina,45083,Spartanburg,34.9342,-82.1443,4053,289.0,shape,false,true,America/New_York,3,29334 29651,1840016464
Mullins,Mullins,South Carolina,45067,Marion,34.204,-79.2536,4014,513.0,shape,false,true,America/New_York,3,29574,1840014719
Northlake,Northlake,South Carolina,45007,Anderson,34.5691,-82.6838,3989,372.2,shape,false,false,America/New_York,3,29625 29621,1840035847
Manning,Manning,South Carolina,45027,Clarendon,33.6933,-80.2167,3862,508.1,shape,false,true,America/New_York,3,29102,1840015655
Southern Shops,Southern Shops,South Carolina,45083,Spartanburg,34.9846,-81.9934,3856,417.7,shape,false,false,America/New_York,3,29303,1840035851
Roebuck,Roebuck,South Carolina,45083,Spartanburg,34.8789,-81.9646,3837,345.2,shape,false,false,America/New_York,3,29369 29376,1840013514
Wyboo,Wyboo,South Carolina,45027,Clarendon,33.5613,-80.2148,3786,97.7,shape,false,false,America/New_York,4,29102 29148,1840153106
Ridgeland,Ridgeland,South Carolina,45053,Jasper,32.4681,-80.9178,3737,29.8,shape,false,true,America/New_York,3,29936,1840018086
Whitney,Whitney,South Carolina,45083,Spartanburg,34.9835,-81.926,3734,472.5,shape,false,false,America/New_York,3,29303,1840107216
Honea Path,Honea Path,South Carolina,45007,Anderson,34.4476,-82.395,3662,402.4,shape,false,true,America/New_York,3,29654,1840016572
Andrews,Andrews,South Carolina,45043,Georgetown,33.4494,-79.566,3617,631.8,shape,false,true,America/New_York,3,29510,1840015685
East Camden,East Camden,South Carolina,45055,Kershaw,34.2687,-80.5681,3584,386.5,shape,false,false,America/New_York,3,29020,1840145502
Pendleton,Pendleton,South Carolina,45007,Anderson,34.6451,-82.7818,3498,279.8,shape,false,true,America/New_York,3,29670,1840016578
Capitol View,Capitol View,South Carolina,45079,Richland,33.965,-80.9223,3491,822.3,shape,false,false,America/New_York,3,29209,1840146555
Dunean,Dunean,South Carolina,45045,Greenville,34.8203,-82.4225,3427,842.4,shape,false,false,America/New_York,3,29611 29605,1840013078
Dalzell,Dalzell,South Carolina,45085,Sumter,34.0189,-80.4297,3417,225.6,shape,false,false,America/New_York,3,29040,1840013090
Clearwater,Clearwater,South Carolina,45003,Aiken,33.5038,-81.91,3403,313.4,shape,false,false,America/New_York,3,29841 29842 29822,1840013721
Pickens,Pickens,South Carolina,45077,Pickens,34.8856,-82.7104,3374,428.7,shape,false,true,America/New_York,3,29671,1840014627
Wellford,Wellford,South Carolina,45083,Spartanburg,34.962,-82.0937,3330,280.9,shape,false,true,America/New_York,3,29377 29385,1840015483
Liberty,Liberty,South Carolina,45077,Pickens,34.7904,-82.6961,3329,283.9,shape,false,true,America/New_York,3,29657,1840015501
Golden Grove,Golden Grove,South Carolina,45045,Greenville,34.7324,-82.4407,3282,219.4,shape,false,false,America/New_York,3,29673,1840013493
North Hartsville,North Hartsville,South Carolina,45031,Darlington,34.401,-80.071,3261,278.0,shape,false,false,America/New_York,3,29550,1840013609
Hilltop,Hilltop,South Carolina,45083,Spartanburg,34.9755,-81.9586,3253,688.3,shape,false,false,America/New_York,3,29303,1840107603
Winnsboro,Winnsboro,South Carolina,45039,Fairfield,34.3718,-81.0907,3239,354.9,shape,false,true,America/New_York,3,29180,1840016627
Kingstree,Kingstree,South Carolina,45089,Williamsburg,33.6665,-79.8292,3202,388.7,shape,false,true,America/New_York,3,29556,1840016790
Denmark,Denmark,South Carolina,45009,Bamberg,33.3152,-81.1364,3156,312.0,shape,false,true,America/New_York,3,29042,1840014837
Lakewood,Lakewood,South Carolina,45085,Sumter,33.8428,-80.3492,3135,160.7,shape,false,false,America/New_York,3,29150,1840035840
Saluda,Saluda,South Carolina,45081,Saluda,34.0009,-81.7713,3124,371.3,shape,false,true,America/New_York,3,29138,1840017971
Lesslie,Lesslie,South Carolina,45091,York,34.8856,-80.9541,3114,198.3,shape,false,false,America/New_York,3,29704 29730,1840013519
Gloverville,Gloverville,South Carolina,45003,Aiken,33.5274,-81.8144,3099,329.8,shape,false,false,America/New_York,3,29828 29851,1840013719
Bamberg,Bamberg,South Carolina,45009,Bamberg,33.2995,-81.0323,3074,332.0,shape,false,true,America/New_York,3,29003,1840015730
Keowee Key,Keowee Key,South Carolina,45073,Oconee,34.8257,-82.9158,3059,340.6,shape,false,false,America/New_York,3,29676,1840145674
Burnettown,Burnettown,South Carolina,45003,Aiken,33.5186,-81.8635,3052,213.9,shape,false,true,America/New_York,3,29829 29841 29851 29816,1840015666
Arthurtown,Arthurtown,South Carolina,45079,Richland,33.9644,-81.0023,3007,623.9,shape,false,false,America/New_York,3,29201,1840106710
Inman,Inman,South Carolina,45083,Spartanburg,35.0463,-82.0897,2987,666.6,shape,false,true,America/New_York,3,29349,1840014615
Bishopville,Bishopville,South Carolina,45061,Lee,34.2202,-80.2483,2986,493.3,shape,false,true,America/New_York,3,29010,1840013634
East Gaffney,East Gaffney,South Carolina,45021,Cherokee,35.0846,-81.6218,2972,379.5,shape,false,false,America/New_York,3,29340,1840013080
Elgin,Elgin,South Carolina,45057,Lancaster,34.6724,-80.7215,2882,229.0,shape,false,false,America/New_York,3,29720,1840152916
Williston,Williston,South Carolina,45011,Barnwell,33.4018,-81.422,2877,124.1,shape,false,true,America/New_York,3,29853,1840016870
Arcadia,Arcadia,South Carolina,45083,Spartanburg,34.9609,-81.9929,2846,560.5,shape,false,false,America/New_York,3,29320 29301,1840026955
Cherryvale,Cherryvale,South Carolina,45085,Sumter,33.9543,-80.4609,2843,606.9,shape,false,false,America/New_York,3,29154,1840013667
McCormick,McCormick,South Carolina,45065,McCormick,33.9128,-82.2876,2760,263.0,shape,false,true,America/New_York,3,29899 29835,1840016751
Pageland,Pageland,South Carolina,45025,Chesterfield,34.772,-80.3897,2726,216.7,shape,false,true,America/New_York,3,29728,1840016584
Hampton,Hampton,South Carolina,45049,Hampton,32.8676,-81.1093,2725,233.2,shape,false,true,America/New_York,3,29924,1840016927
Springdale,Springdale,South Carolina,45063,Lexington,33.9616,-81.1119,2711,387.1,shape,false,true,America/New_York,3,29170,1840017969
Allendale,Allendale,South Carolina,45005,Allendale,33.008,-81.3092,2702,315.2,shape,false,true,America/New_York,3,29810,1840015758
Pine Ridge,Pine Ridge,South Carolina,45063,Lexington,33.9082,-81.0977,2687,220.8,shape,false,true,America/New_York,3,29053 29172 29228,1840035828
Arkwright,Arkwright,South Carolina,45083,Spartanburg,34.9131,-81.9395,2589,386.8,shape,false,false,America/New_York,3,29376 29306,1840106709
Ninety Six,Ninety Six,South Carolina,45047,Greenwood,34.1696,-82.0239,2579,546.4,shape,false,true,America/New_York,3,29666,1840016675
Ravenel,Ravenel,South Carolina,45019,Charleston,32.778,-80.2281,2572,75.4,shape,false,true,America/New_York,3,29470,1840018341
Loris,Loris,South Carolina,45051,Horry,34.0578,-78.8876,2513,213.1,shape,false,true,America/New_York,3,29569,1840015591
New Ellenton,New Ellenton,South Carolina,45003,Aiken,33.4199,-81.6826,2508,218.1,shape,false,true,America/New_York,3,29809 29803,1840016797
Landrum,Landrum,South Carolina,45083,Spartanburg,35.1747,-82.1848,2504,365.5,shape,false,true,America/New_York,3,29356,1840014616
Edgefield,Edgefield,South Carolina,45037,Edgefield,33.787,-81.9291,2504,230.0,shape,false,true,America/New_York,3,29824,1840016779
Graniteville,Graniteville,South Carolina,45003,Aiken,33.5646,-81.8078,2465,287.8,shape,false,false,America/New_York,3,29829,1840026989
Johnston,Johnston,South Carolina,45037,Edgefield,33.8328,-81.8051,2375,346.3,shape,false,true,America/New_York,3,29832,1840016778
Sullivan's Island,Sullivan's Island,South Carolina,45019,Charleston,32.7684,-79.8355,2317,358.1,shape,false,true,America/New_York,3,29482,1840035787
Kershaw,Kershaw,South Carolina,45057,Lancaster,34.5462,-80.5873,2311,480.4,shape,false,true,America/New_York,3,29067,1840016498
McColl,McColl,South Carolina,45069,Marlboro,34.6665,-79.5447,2304,847.2,shape,false,true,America/New_York,3,29570,1840016586
South Congaree,South Congaree,South Carolina,45063,Lexington,33.9094,-81.1375,2256,264.9,shape,false,true,America/New_York,3,29170 29172,1840017968
Pimlico,Pimlico,South Carolina,45015,Berkeley,33.0989,-79.9606,2232,1255.5,shape,false,false,America/New_York,3,29461,1840106699
Estill,Estill,South Carolina,45049,Hampton,32.7538,-81.2412,2230,266.6,shape,false,true,America/New_York,3,29918,1840016924
Westminster,Westminster,South Carolina,45073,Oconee,34.6656,-83.0911,2215,248.1,shape,false,true,America/New_York,3,29693,1840015508
Slater-Marietta,Slater-Marietta,South Carolina,45045,Greenville,35.0348,-82.4926,2199,197.1,shape,false,true,America/New_York,4,29661 29683,1840035725
Privateer,Privateer,South Carolina,45085,Sumter,33.8169,-80.3946,2191,103.5,shape,false,false,America/New_York,3,29154,1840013673
Varnville,Varnville,South Carolina,45049,Hampton,32.8521,-81.0802,2173,218.9,shape,false,true,America/New_York,3,29944,1840016928
Ben Avon,Ben Avon,South Carolina,45083,Spartanburg,34.9328,-81.8763,2161,499.4,shape,false,false,America/New_York,3,29302,1840106730
Kiawah Island,Kiawah Island,South Carolina,45019,Charleston,32.6157,-80.0613,2130,73.6,shape,false,true,America/New_York,3,29455,1840017282
Tigerville,Tigerville,South Carolina,45045,Greenville,35.0669,-82.3695,2122,616.7,shape,false,false,America/New_York,3,29690 29687,1840026953
Timmonsville,Timmonsville,South Carolina,45041,Florence,34.1334,-79.9408,2119,294.6,shape,false,true,America/New_York,3,29161,1840016706
Blacksburg,Blacksburg,South Carolina,45021,Cherokee,35.122,-81.5182,2115,436.4,shape,false,true,America/New_York,3,29702,1840015487
Seabrook Island,Seabrook Island,South Carolina,45019,Charleston,32.5823,-80.1738,2062,134.1,shape,false,true,America/New_York,3,29455,1840018343
Wedgefield,Wedgefield,South Carolina,45085,Sumter,33.883,-80.5156,2050,93.1,shape,false,false,America/New_York,3,29168,1840013670
Fairfax,Fairfax,South Carolina,45005,Allendale,32.9594,-81.2363,2035,237.2,shape,false,true,America/New_York,3,29827,1840016904
Blackville,Blackville,South Carolina,45011,Barnwell,33.3552,-81.2835,2034,87.9,shape,false,true,America/New_York,3,29817,1840015723
Shell Point,Shell Point,South Carolina,45013,Beaufort,32.3746,-80.7523,2026,194.9,shape,false,false,America/New_York,3,29906,1840035794
Watts Mills,Watts Mills,South Carolina,45059,Laurens,34.5164,-81.9856,2013,339.8,shape,false,true,America/New_York,3,29360,1840073854
Riverview,Riverview,South Carolina,45091,York,35.0119,-80.9828,2010,622.1,shape,false,false,America/New_York,3,29708,1840013521
Gaston,Gaston,South Carolina,45063,Lexington,33.818,-81.0997,1991,144.6,shape,false,true,America/New_York,3,29053,1840016726
Pacolet,Pacolet,South Carolina,45083,Spartanburg,34.9102,-81.7662,1970,131.6,shape,false,true,America/New_York,3,29372 29373,1840016465
Calhoun Falls,Calhoun Falls,South Carolina,45001,Abbeville,34.0933,-82.5963,1939,221.0,shape,false,true,America/New_York,3,29628,1840015571
Ware Shoals,Ware Shoals,South Carolina,45047,Greenwood,34.3894,-82.239,1934,227.9,shape,false,true,America/New_York,3,29692,1840016674
St. Matthews,St. Matthews,South Carolina,45017,Calhoun,33.664,-80.778,1932,388.2,shape,false,true,America/New_York,3,29135,1840017999
Mayo,Mayo,South Carolina,45083,Spartanburg,35.0857,-81.8535,1925,244.4,shape,false,false,America/New_York,3,29368 29323 29330,1840013513
Wilkinson Heights,Wilkinson Heights,South Carolina,45075,Orangeburg,33.4919,-80.8286,1919,247.8,shape,false,false,America/New_York,3,29115,1840035796
Edisto,Edisto,South Carolina,45075,Orangeburg,33.4777,-80.8999,1904,139.6,shape,false,false,America/New_York,3,29115,1840035843
St. George,St. George,South Carolina,45035,Dorchester,33.1861,-80.5794,1901,257.9,shape,false,true,America/New_York,3,29477,1840018042
Eureka Mill,Eureka Mill,South Carolina,45023,Chester,34.718,-81.1929,1889,579.7,shape,false,false,America/New_York,3,29706,1840035844
Jackson,Jackson,South Carolina,45003,Aiken,33.3283,-81.7925,1882,206.4,shape,false,true,America/New_York,3,29831,1840016794
Judson,Judson,South Carolina,45045,Greenville,34.8335,-82.4272,1879,922.1,shape,false,false,America/New_York,3,29611 29601,1840013494
Irwin,Irwin,South Carolina,45057,Lancaster,34.6942,-80.8197,1868,241.6,shape,false,false,America/New_York,3,29720,1840013531
Cowpens,Cowpens,South Carolina,45083,Spartanburg,35.0186,-81.8041,1862,313.3,shape,false,true,America/New_York,3,29330,1840016463
Langley,Langley,South Carolina,45003,Aiken,33.512,-81.8344,1776,603.8,shape,false,false,America/New_York,3,29851 29834,1840025039
Monarch Mill,Monarch Mill,South Carolina,45087,Union,34.7161,-81.5847,1766,121.5,shape,false,true,America/New_York,4,29379,1840073867
Arial,Arial,South Carolina,45077,Pickens,34.8463,-82.6405,1750,147.7,shape,false,false,America/New_York,3,29640,1840013525
Stateburg,Stateburg,South Carolina,45085,Sumter,33.9752,-80.5263,1739,144.2,shape,false,false,America/New_York,3,29040 29154,1840013669
Hopkins,Hopkins,South Carolina,45079,Richland,33.8983,-80.8599,1738,40.6,shape,false,false,America/New_York,3,29061 29290,1840026977
Reidville,Reidville,South Carolina,45083,Spartanburg,34.8657,-82.1063,1734,380.1,shape,false,true,America/New_York,3,29334 29375 29388,1840017882
City View,City View,South Carolina,45045,Greenville,34.862,-82.425,1696,1492.3,shape,false,false,America/New_York,3,29611 29601,1840013496
Camp Croft,Camp Croft,South Carolina,45083,Spartanburg,34.9102,-81.8595,1693,246.7,shape,false,false,America/New_York,3,29302,1840106284
Winnsboro Mills,Winnsboro Mills,South Carolina,45039,Fairfield,34.3561,-81.0708,1682,252.6,shape,false,false,America/New_York,3,29180,1840013605
Great Falls,Great Falls,South Carolina,45023,Chester,34.5753,-80.9048,1669,152.0,shape,false,true,America/New_York,3,29055,1840016571
Utica,Utica,South Carolina,45073,Oconee,34.6764,-82.9252,1654,564.3,shape,false,false,America/New_York,3,29678,1840013532
Fairforest,Fairforest,South Carolina,45083,Spartanburg,34.9532,-82.0157,1626,300.1,shape,false,false,America/New_York,3,29301 29336,1840026960
South Sumter,South Sumter,South Carolina,45085,Sumter,33.8855,-80.3378,1564,253.9,shape,false,false,America/New_York,3,29150,1840035799
Ridgeville,Ridgeville,South Carolina,45035,Dorchester,33.09,-80.3071,1548,332.7,shape,false,true,America/New_York,3,29472,1840018041
Awendaw,Awendaw,South Carolina,45019,Charleston,32.9661,-79.6586,1548,34.5,shape,false,true,America/New_York,3,29429,1840016011
Chapin,Chapin,South Carolina,45063,Lexington,34.165,-81.3446,1543,300.9,shape,false,true,America/New_York,3,29036,1840016725
Cane Savannah,Cane Savannah,South Carolina,45085,Sumter,33.8923,-80.4396,1534,163.1,shape,false,false,America/New_York,3,29154,1840013666
Latta,Latta,South Carolina,45033,Dillon,34.339,-79.4337,1519,535.2,shape,false,true,America/New_York,3,29565,1840016616
Bonneau Beach,Bonneau Beach,South Carolina,45015,Berkeley,33.3229,-79.99,1500,246.9,shape,false,false,America/New_York,3,29431,1840025042
Pelzer,Pelzer,South Carolina,45007,Anderson,34.6433,-82.4588,1480,625.3,shape,false,true,America/New_York,3,29669,1840016577
Murphys Estates,Murphys Estates,South Carolina,45037,Edgefield,33.6003,-81.9439,1477,277.9,shape,false,false,America/New_York,3,29860,1840035841
Catawba,Catawba,South Carolina,45091,York,34.8464,-80.9061,1439,55.7,shape,false,false,America/New_York,3,29704,1840026964
Chesterfield,Chesterfield,South Carolina,45025,Chesterfield,34.733,-80.0778,1424,134.8,shape,false,true,America/New_York,3,29709,1840016583
Joanna,Joanna,South Carolina,45059,Laurens,34.4149,-81.8086,1406,173.0,shape,false,false,America/New_York,3,29351,1840013584
St. Stephen,St. Stephen,South Carolina,45015,Berkeley,33.4047,-79.9264,1386,221.2,shape,false,true,America/New_York,3,29479,1840018013
Holly Hill,Holly Hill,South Carolina,45075,Orangeburg,33.3245,-80.413,1384,408.9,shape,false,true,America/New_York,3,29059,1840016818
Gadsden,Gadsden,South Carolina,45079,Richland,33.848,-80.7663,1373,46.1,shape,false,false,America/New_York,3,29052 29061,1840026976
Beech Island,Beech Island,South Carolina,45003,Aiken,33.4288,-81.8905,1361,106.8,shape,false,false,America/New_York,3,29842,1840107315
Meggett,Meggett,South Carolina,45019,Charleston,32.6968,-80.273,1348,28.7,shape,false,true,America/New_York,3,29449,1840017285
Branchville,Branchville,South Carolina,45075,Orangeburg,33.2517,-80.8161,1301,158.6,shape,false,true,America/New_York,3,29432,1840015694
Homewood,Homewood,South Carolina,45051,Horry,33.8927,-79.0518,1290,245.3,shape,false,false,America/New_York,3,29526,1840035802
Whitmire,Whitmire,South Carolina,45071,Newberry,34.5041,-81.6144,1255,387.7,shape,false,true,America/New_York,3,29178,1840016633
Lake Secession,Lake Secession,South Carolina,45001,Abbeville,34.2821,-82.5904,1246,82.9,shape,false,false,America/New_York,3,29620 29655,1840035839
Olympia,Olympia,South Carolina,45079,Richland,33.9768,-81.0349,1226,661.4,shape,false,false,America/New_York,3,29201 29222,1840107637
Lamar,Lamar,South Carolina,45031,Darlington,34.1695,-80.0649,1217,387.4,shape,false,true,America/New_York,3,29069,1840016631
Conestee,Conestee,South Carolina,45045,Greenville,34.7638,-82.3497,1212,440.7,shape,false,false,America/New_York,3,29605 29636,1840107523
Santee,Santee,South Carolina,45075,Orangeburg,33.4801,-80.4852,1189,189.3,shape,false,true,America/New_York,3,29142,1840018008
Buffalo,Buffalo,South Carolina,45087,Union,34.7244,-81.6844,1159,111.3,shape,false,false,America/New_York,3,29321,1840013563
West Pelzer,West Pelzer,South Carolina,45007,Anderson,34.645,-82.4738,1155,850.0,shape,false,true,America/New_York,3,29669,1840016575
Edmund,Edmund,South Carolina,45063,Lexington,33.8629,-81.1996,1149,64.9,shape,false,false,America/New_York,3,29073,1840107562
Fort Lawn,Fort Lawn,South Carolina,45023,Chester,34.7003,-80.8991,1149,318.6,shape,false,true,America/New_York,3,29714,1840016570
Due West,Due West,South Carolina,45001,Abbeville,34.3335,-82.3885,1148,271.0,shape,false,true,America/New_York,3,29639,1840016668
Cottageville,Cottageville,South Carolina,45029,Colleton,32.9362,-80.4803,1144,129.3,shape,false,true,America/New_York,3,29435,1840016901
Prosperity,Prosperity,South Carolina,45071,Newberry,34.2121,-81.5329,1139,223.0,shape,false,true,America/New_York,3,29127,1840017939
Johnsonville,Johnsonville,South Carolina,45041,Florence,33.815,-79.4443,1108,202.4,shape,false,true,America/New_York,3,29555,1840014714
Seabrook,Seabrook,South Carolina,45013,Beaufort,32.5227,-80.7479,1087,76.3,shape,false,false,America/New_York,3,29940,1840106446
Six Mile,Six Mile,South Carolina,45077,Pickens,34.8082,-82.8154,1086,205.8,shape,false,true,America/New_York,3,29682,1840017888
Gayle Mill,Gayle Mill,South Carolina,45023,Chester,34.7023,-81.2391,1082,637.6,shape,false,false,America/New_York,3,29706,1840035845
Pamplico,Pamplico,South Carolina,45041,Florence,33.9957,-79.5698,1073,255.8,shape,false,true,America/New_York,3,29583,1840016708
Dunbar,Dunbar,South Carolina,45043,Georgetown,33.5341,-79.3533,1059,402.0,shape,false,false,America/New_York,3,29440,1840106845
Pelion,Pelion,South Carolina,45063,Lexington,33.775,-81.2502,1056,110.7,shape,false,true,America/New_York,3,29123,1840016730
McBee,McBee,South Carolina,45025,Chesterfield,34.467,-80.2571,1046,308.0,shape,false,true,America/New_York,3,29101,1840016580
Iva,Iva,South Carolina,45007,Anderson,34.3071,-82.6636,1030,388.3,shape,false,true,America/New_York,3,29655,1840016573
Wagener,Wagener,South Carolina,45003,Aiken,33.6512,-81.3625,1030,296.8,shape,false,true,America/New_York,3,29164,1840016795
Folly Beach,Folly Beach,South Carolina,45019,Charleston,32.6692,-79.95,1020,31.5,shape,false,true,America/New_York,3,29439 29412,1840014255
Drayton,Drayton,South Carolina,45083,Spartanburg,34.9762,-81.9026,1011,278.4,shape,false,false,America/New_York,3,29333 29307,1840141873
Elloree,Elloree,South Carolina,45075,Orangeburg,33.5301,-80.5712,993,377.9,shape,false,true,America/New_York,3,29047,1840016822
La France,La France,South Carolina,45007,Anderson,34.6115,-82.7667,991,295.2,shape,false,false,America/New_York,3,29670 29625 29656,1840107402
Aynor,Aynor,South Carolina,45051,Horry,34.0002,-79.2071,989,211.9,shape,false,true,America/New_York,3,29544 29511,1840015593
Yemassee,Yemassee,South Carolina,45013,Beaufort,32.6733,-80.8515,974,46.4,shape,false,true,America/New_York,3,29945,1840016929
Cateechee,Cateechee,South Carolina,45077,Pickens,34.7694,-82.7767,973,735.7,shape,false,false,America/New_York,3,29630,1840106292
Clifton,Clifton,South Carolina,45083,Spartanburg,34.9846,-81.8222,962,346.3,shape,false,false,America/New_York,3,29324 29307,1840026956
Oakland,Oakland,South Carolina,45085,Sumter,33.9868,-80.4972,958,543.8,shape,false,false,America/New_York,3,29154,1840013671
Dale,Dale,South Carolina,45013,Beaufort,32.5555,-80.7015,957,155.8,shape,false,false,America/New_York,3,29940 29914,1840107538
Inman Mills,Inman Mills,South Carolina,45083,Spartanburg,35.0408,-82.1024,956,341.9,shape,false,false,America/New_York,3,29349,1840013508
Dovesville,Dovesville,South Carolina,45031,Darlington,34.4028,-79.903,948,52.2,shape,false,false,America/New_York,3,29540,1840107551
Pinopolis,Pinopolis,South Carolina,45015,Berkeley,33.2287,-80.0386,933,251.6,shape,false,false,America/New_York,3,29461 29469,1840025043
Jonesville,Jonesville,South Carolina,45087,Union,34.8348,-81.6811,925,352.0,shape,false,true,America/New_York,3,29353,1840016542
North,North,South Carolina,45075,Orangeburg,33.6164,-81.103,916,409.3,shape,false,true,America/New_York,3,29112,1840016827
Scranton,Scranton,South Carolina,45041,Florence,33.9174,-79.7441,897,437.1,shape,false,true,America/New_York,3,29591,1840017961
Quinby,Quinby,South Carolina,45041,Florence,34.2282,-79.7357,897,265.0,shape,false,true,America/New_York,3,29506,1840017960
Edisto Beach,Edisto Beach,South Carolina,45029,Colleton,32.4922,-80.3239,884,159.7,shape,false,true,America/New_York,3,29438,1840016902
Harleyville,Harleyville,South Carolina,45035,Dorchester,33.213,-80.4478,879,319.5,shape,false,true,America/New_York,3,29448,1840016885
Van Wyck,Van Wyck,South Carolina,45057,Lancaster,34.8531,-80.8333,873,33.6,shape,false,true,America/New_York,3,29720 29744,1840030329
Sandy Springs,Sandy Springs,South Carolina,45007,Anderson,34.5974,-82.7493,873,117.4,shape,false,false,America/New_York,3,29670 29625,1840035786
Arcadia Lakes,Arcadia Lakes,South Carolina,45079,Richland,34.0536,-80.9615,871,603.7,shape,false,true,America/New_York,3,29223 29206,1840015597
Campobello,Campobello,South Carolina,45083,Spartanburg,35.126,-82.1488,866,120.2,shape,false,true,America/New_York,3,29322,1840015481
The Cliffs Valley,The Cliffs Valley,South Carolina,45045,Greenville,35.1458,-82.4481,842,50.3,shape,false,false,America/New_York,3,29690,1840147797
Jefferson,Jefferson,South Carolina,45025,Chesterfield,34.6512,-80.3866,830,177.8,shape,false,true,America/New_York,3,29718,1840016579
Heath Springs,Heath Springs,South Carolina,45057,Lancaster,34.5933,-80.675,800,190.1,shape,false,true,America/New_York,3,29058,1840015505
Pinewood,Pinewood,South Carolina,45085,Sumter,33.7396,-80.462,790,284.8,shape,false,true,America/New_York,3,29125,1840016739
East Sumter,East Sumter,South Carolina,45085,Sumter,33.9261,-80.295,789,91.9,shape,false,false,America/New_York,3,29153,1840035842
Warrenville,Warrenville,South Carolina,45003,Aiken,33.5461,-81.799,786,279.8,shape,false,false,America/New_York,3,29851,1840026990
Gray Court,Gray Court,South Carolina,45059,Laurens,34.6079,-82.1143,778,163.4,shape,false,true,America/New_York,3,29645,1840016594
McClellanville,McClellanville,South Carolina,45019,Charleston,33.0865,-79.468,770,133.5,shape,false,true,America/New_York,3,29458,1840017284
Newtown,Newtown,South Carolina,45033,Dillon,34.4013,-79.3566,769,570.6,shape,false,false,America/New_York,3,29536,1840145096
Fripp Island,Fripp Island,South Carolina,45013,Beaufort,32.3231,-80.4789,767,90.8,shape,false,false,America/New_York,3,29920,1840150176
Hamer,Hamer,South Carolina,45033,Dillon,34.4741,-79.3258,760,58.2,shape,false,false,America/New_York,3,29547,1840106344
Bucksport,Bucksport,South Carolina,45051,Horry,33.6706,-79.1102,744,68.3,shape,false,false,America/New_York,3,29527,1840013646
Swansea,Swansea,South Carolina,45063,Lexington,33.7397,-81.1052,739,136.7,shape,false,true,America/New_York,3,29160,1840016729
Norris,Norris,South Carolina,45077,Pickens,34.7661,-82.7525,737,151.1,shape,false,true,America/New_York,3,29630 29667 29657,1840016495
Ridge Spring,Ridge Spring,South Carolina,45081,Saluda,33.8453,-81.6617,720,152.6,shape,false,true,America/New_York,3,29129,1840017970
Summerton,Summerton,South Carolina,45027,Clarendon,33.6013,-80.3527,714,203.6,shape,false,true,America/New_York,3,29148,1840016787
Turbeville,Turbeville,South Carolina,45027,Clarendon,33.8895,-80.0161,710,204.6,shape,false,true,America/New_York,3,29162,1840016788
Lake View,Lake View,South Carolina,45033,Dillon,34.3405,-79.1664,702,158.9,shape,false,true,America/New_York,3,29563,1840016615
DeBordieu Colony,DeBordieu Colony,South Carolina,45043,Georgetown,33.3707,-79.1776,696,65.2,shape,false,false,America/New_York,3,29440,1840148886
Clio,Clio,South Carolina,45069,Marlboro,34.5791,-79.5461,679,306.2,shape,false,true,America/New_York,3,29525,1840016587
Mayesville,Mayesville,South Carolina,45085,Sumter,33.9849,-80.2044,670,252.7,shape,false,true,America/New_York,3,29104,1840016738
Wallace,Wallace,South Carolina,45069,Marlboro,34.7201,-79.8479,662,38.9,shape,false,false,America/New_York,3,29596,1840026967
Manville,Manville,South Carolina,45061,Lee,34.1597,-80.2974,658,93.4,shape,false,false,America/New_York,3,29010,1840107429
Bowman,Bowman,South Carolina,45075,Orangeburg,33.3483,-80.6843,652,213.9,shape,false,true,America/New_York,3,29018,1840015693
Lincolnville,Lincolnville,South Carolina,45019,Charleston,33.0079,-80.156,641,205.6,shape,false,true,America/New_York,3,29485,1840017283
Pine Ridge,Pine Ridge,South Carolina,45031,Darlington,34.3927,-80.1679,640,108.9,shape,false,false,America/New_York,3,29550,1840153107
Unity,Unity,South Carolina,45057,Lancaster,34.8024,-80.6936,633,115.6,shape,false,false,America/New_York,3,29720,1840106482
Eastover,Eastover,South Carolina,45079,Richland,33.8779,-80.6949,616,195.9,shape,false,true,America/New_York,3,29044,1840016716
Chickasaw Point,Chickasaw Point,South Carolina,45073,Oconee,34.5363,-83.0751,603,106.5,shape,false,false,America/New_York,3,29693,1840145673
Modoc,Modoc,South Carolina,45065,McCormick,33.7192,-82.2174,602,58.3,shape,false,false,America/New_York,3,29838,1840013693
Chesnee,Chesnee,South Carolina,45083,Spartanburg,35.1461,-81.863,597,215.3,shape,false,true,America/New_York,3,29323,1840014614
Olanta,Olanta,South Carolina,45041,Florence,33.9357,-79.932,588,228.2,shape,false,true,America/New_York,3,29114,1840016707
Fairview Crossroads,Fairview Crossroads,South Carolina,45063,Lexington,33.7577,-81.3621,588,39.8,shape,false,false,America/New_York,3,29070,1840107256
Centenary,Centenary,South Carolina,45067,Marion,34.0258,-79.3524,585,239.1,shape,false,false,America/New_York,3,29571 29519,1840035724
Bonneau,Bonneau,South Carolina,45015,Berkeley,33.3081,-79.9573,582,74.3,shape,false,true,America/New_York,3,29431,1840015720
Fair Play,Fair Play,South Carolina,45073,Oconee,34.5077,-82.9862,574,32.7,shape,false,false,America/New_York,3,29643,1840024986
Daufuskie Island,Daufuskie Island,South Carolina,45013,Beaufort,32.1181,-80.8656,569,22.4,shape,false,false,America/New_York,3,29915,1840150958
Coward,Coward,South Carolina,45041,Florence,33.9721,-79.749,568,62.1,shape,false,true,America/New_York,3,29530,1840016705
Briarcliffe Acres,Briarcliffe Acres,South Carolina,45051,Horry,33.7901,-78.749,568,345.0,shape,false,true,America/New_York,3,29572,1840015594
Gilbert,Gilbert,South Carolina,45063,Lexington,33.9245,-81.3928,563,80.2,shape,false,true,America/New_York,3,29054,1840016727
Furman,Furman,South Carolina,45049,Hampton,32.6813,-81.1877,559,69.2,shape,false,true,America/New_York,3,29918 29921,1840016925
Elliott,Elliott,South Carolina,45061,Lee,34.1087,-80.1703,558,116.2,shape,false,false,America/New_York,3,29046 29010,1840035819
Startex,Startex,South Carolina,45083,Spartanburg,34.9305,-82.0942,553,192.8,shape,false,false,America/New_York,3,29377 29385,1840013511
Hickory Grove,Hickory Grove,South Carolina,45091,York,34.9785,-81.418,541,125.1,shape,false,true,America/New_York,3,29717,1840015490
Lane,Lane,South Carolina,45089,Williamsburg,33.5251,-79.8797,539,52.7,shape,false,true,America/New_York,3,29564,1840016791
Summit,Summit,South Carolina,45063,Lexington,33.9246,-81.4226,539,139.8,shape,false,true,America/New_York,3,29070,1840016728
Carlisle,Carlisle,South Carolina,45087,Union,34.5921,-81.4645,526,143.4,shape,false,true,America/New_York,3,29031,1840015532
Little Rock,Little Rock,South Carolina,45033,Dillon,34.4691,-79.39,525,82.5,shape,false,false,America/New_York,3,29536,1840035806
Brunson,Brunson,South Carolina,45049,Hampton,32.9241,-81.1886,525,199.3,shape,false,true,America/New_York,3,29911,1840015764
Buford,Buford,South Carolina,45057,Lancaster,34.748,-80.6285,523,88.6,shape,false,false,America/New_York,3,29720,1840107488
Cross Hill,Cross Hill,South Carolina,45059,Laurens,34.3045,-81.9836,522,63.3,shape,false,true,America/New_York,3,29332,1840016593
Finklea,Finklea,South Carolina,45051,Horry,34.0989,-78.9858,519,74.4,shape,false,false,America/New_York,3,29569,1840107575
Patrick,Patrick,South Carolina,45025,Chesterfield,34.5752,-80.0446,500,201.3,shape,false,true,America/New_York,3,29584,1840016585
Cameron,Cameron,South Carolina,45017,Calhoun,33.558,-80.715,486,60.1,shape,false,true,America/New_York,3,29030,1840015665
Helena,Helena,South Carolina,45071,Newberry,34.2807,-81.6445,484,131.7,shape,false,false,America/New_York,3,29108,1840106929
Springfield,Springfield,South Carolina,45075,Orangeburg,33.4967,-81.2795,482,107.0,shape,false,true,America/New_York,3,29146,1840018009
Danwood,Danwood,South Carolina,45041,Florence,34.0903,-79.7695,470,95.6,shape,false,false,America/New_York,3,29505 29541,1840107272
North Santee,North Santee,South Carolina,45027,Clarendon,33.5368,-80.4182,470,19.9,shape,false,false,America/New_York,3,29148,1840144327
Ehrhardt,Ehrhardt,South Carolina,45009,Bamberg,33.0985,-81.0138,462,57.3,shape,false,true,America/New_York,3,29081,1840016873
Lockhart,Lockhart,South Carolina,45087,Union,34.7922,-81.4613,459,188.3,shape,false,true,America/New_York,3,29364,1840016543
Little Mountain,Little Mountain,South Carolina,45071,Newberry,34.1968,-81.4124,456,115.8,shape,false,true,America/New_York,3,29075,1840016632
Bethune,Bethune,South Carolina,45055,Kershaw,34.4143,-80.3487,454,159.0,shape,false,true,America/New_York,3,29009,1840015553
Adams Run,Adams Run,South Carolina,45019,Charleston,32.7219,-80.3465,447,121.8,shape,false,false,America/New_York,3,29426 29449,1840106249
Enoree,Enoree,South Carolina,45083,Spartanburg,34.6593,-81.9609,441,109.9,shape,false,false,America/New_York,3,29335,1840026959
Sheldon,Sheldon,South Carolina,45013,Beaufort,32.5985,-80.7961,439,37.4,shape,false,false,America/New_York,3,29940,1840035748
Hilda,Hilda,South Carolina,45011,Barnwell,33.274,-81.2466,430,54.1,shape,false,true,America/New_York,3,29812,1840016867
West Union,West Union,South Carolina,45073,Oconee,34.759,-83.0432,422,205.5,shape,false,true,America/New_York,3,29696 29691,1840016499
Hemingway,Hemingway,South Carolina,45089,Williamsburg,33.7534,-79.4462,421,188.2,shape,false,true,America/New_York,3,29554,1840015664
Grover,Grover,South Carolina,45035,Dorchester,33.1092,-80.592,419,62.5,shape,false,false,America/New_York,3,29477 29447,1840035733
Greeleyville,Greeleyville,South Carolina,45089,Williamsburg,33.5801,-79.9901,418,131.9,shape,false,true,America/New_York,3,29056,1840016792
Cash,Cash,South Carolina,45025,Chesterfield,34.6197,-79.8895,417,105.7,shape,false,false,America/New_York,3,29520,1840107502
Society Hill,Society Hill,South Carolina,45031,Darlington,34.5098,-79.8539,415,74.6,shape,false,true,America/New_York,3,29593,1840017938
Sharon,Sharon,South Carolina,45091,York,34.952,-81.3435,411,121.1,shape,false,true,America/New_York,3,29742,1840017884
Eutawville,Eutawville,South Carolina,45075,Orangeburg,33.3978,-80.343,396,160.6,shape,false,true,America/New_York,3,29048,1840016823
Rowesville,Rowesville,South Carolina,45075,Orangeburg,33.3722,-80.8362,388,179.6,shape,false,true,America/New_York,3,29133,1840018007
Alcolu,Alcolu,South Carolina,45027,Clarendon,33.7547,-80.2221,385,32.7,shape,false,false,America/New_York,3,29001,1840026988
South Union,South Union,South Carolina,45073,Oconee,34.5536,-83.0509,383,56.8,shape,false,false,America/New_York,3,29693 29643,1840107155
Mount Carmel,Mount Carmel,South Carolina,45065,McCormick,34.0185,-82.5045,379,15.9,shape,false,false,America/New_York,3,29840,1840013694
Cokesbury,Cokesbury,South Carolina,45047,Greenwood,34.29,-82.2087,376,244.6,shape,false,false,America/New_York,3,29653,1840013087
Donalds,Donalds,South Carolina,45001,Abbeville,34.3766,-82.3467,374,173.6,shape,false,true,America/New_York,3,29638,1840016667
Neeses,Neeses,South Carolina,45075,Orangeburg,33.5365,-81.1236,370,83.7,shape,false,true,America/New_York,3,29107,1840016826
Ruby,Ruby,South Carolina,45025,Chesterfield,34.7462,-80.1799,359,56.1,shape,false,true,America/New_York,3,29741,1840017925
Richburg,Richburg,South Carolina,45023,Chester,34.7168,-81.0196,354,156.0,shape,false,true,America/New_York,3,29729,1840017924
Oswego,Oswego,South Carolina,45085,Sumter,34.0056,-80.2862,352,112.8,shape,false,false,America/New_York,3,29153,1840013672
Paxville,Paxville,South Carolina,45027,Clarendon,33.739,-80.3586,342,125.7,shape,false,true,America/New_York,3,29102,1840016789
Newry,Newry,South Carolina,45073,Oconee,34.724,-82.9141,341,155.2,shape,false,false,America/New_York,3,29665,1840024987
Promised Land,Promised Land,South Carolina,45047,Greenwood,34.1276,-82.2307,334,82.7,shape,false,false,America/New_York,3,29646,1840013625
Atlantic Beach,Atlantic Beach,South Carolina,45051,Horry,33.8035,-78.7177,332,1295.1,shape,false,true,America/New_York,3,29582 29598,1840015592
Norway,Norway,South Carolina,45075,Orangeburg,33.4503,-81.1266,325,158.4,shape,false,true,America/New_York,3,29113,1840016828
McConnells,McConnells,South Carolina,45091,York,34.8695,-81.2266,323,36.8,shape,false,true,America/New_York,3,29726,1840016477
Gillisonville,Gillisonville,South Carolina,45053,Jasper,32.6116,-81.0001,319,104.2,shape,false,false,America/New_York,3,29936,1840106893
Trenton,Trenton,South Carolina,45037,Edgefield,33.7401,-81.8404,309,94.6,shape,false,true,America/New_York,3,29847,1840016780
Salley,Salley,South Carolina,45003,Aiken,33.5671,-81.3038,297,149.8,shape,false,true,America/New_York,3,29137,1840018000
Lowrys,Lowrys,South Carolina,45023,Chester,34.804,-81.2372,297,36.3,shape,false,true,America/New_York,3,29706,1840016569
Windsor,Windsor,South Carolina,45003,Aiken,33.4809,-81.5137,294,129.8,shape,false,true,America/New_York,3,29856,1840016796
Perry,Perry,South Carolina,45003,Aiken,33.6281,-81.3079,288,116.1,shape,false,true,America/New_York,3,29137,1840016798
Antreville,Antreville,South Carolina,45001,Abbeville,34.2971,-82.5541,286,28.5,shape,false,false,America/New_York,3,29620 29655,1840013617
Russellville,Russellville,South Carolina,45015,Berkeley,33.397,-79.9637,280,28.9,shape,false,false,America/New_York,3,29479 29476,1840026993
Harbor Island,Harbor Island,South Carolina,45013,Beaufort,32.4033,-80.4377,277,104.1,shape,false,false,America/New_York,3,29920,1840150957
Reevesville,Reevesville,South Carolina,45035,Dorchester,33.2021,-80.6456,272,65.3,shape,false,true,America/New_York,3,29471,1840018040
Jacksonboro,Jacksonboro,South Carolina,45029,Colleton,32.7718,-80.4768,270,7.2,shape,false,false,America/New_York,3,29474 29452,1840026998
Snelling,Snelling,South Carolina,45011,Barnwell,33.2416,-81.4622,262,25.1,shape,false,true,America/New_York,3,29812,1840018026
Rembert,Rembert,South Carolina,45085,Sumter,34.1037,-80.5306,255,25.7,shape,false,false,America/New_York,3,29128,1840013674
Glendale,Glendale,South Carolina,45083,Spartanburg,34.9452,-81.8364,254,476.8,shape,false,false,America/New_York,3,29346,1840026962
Ward,Ward,South Carolina,45081,Saluda,33.8573,-81.7313,252,125.4,shape,false,true,America/New_York,3,29166,1840016737
Ridgeway,Ridgeway,South Carolina,45039,Fairfield,34.3066,-80.9601,251,200.0,shape,false,true,America/New_York,3,29130,1840017933
Lynchburg,Lynchburg,South Carolina,45061,Lee,34.06,-80.077,247,84.3,shape,false,true,America/New_York,3,29080,1840016681
Daviston,Daviston,South Carolina,45067,Marion,33.8862,-79.3718,246,73.7,shape,false,false,America/New_York,3,29546,1840146687
Waterloo,Waterloo,South Carolina,45059,Laurens,34.3561,-82.0572,244,52.8,shape,false,true,America/New_York,3,29384,1840016595
Stuckey,Stuckey,South Carolina,45089,Williamsburg,33.7321,-79.5132,243,100.4,shape,false,true,America/New_York,3,29554,1840016793
Converse,Converse,South Carolina,45083,Spartanburg,34.994,-81.8421,241,134.8,shape,false,false,America/New_York,3,29329 29307,1840026957
Pauline,Pauline,South Carolina,45083,Spartanburg,34.8321,-81.8693,229,62.0,shape,false,false,America/New_York,3,29374,1840035826
Lydia,Lydia,South Carolina,45031,Darlington,34.2866,-80.1185,227,33.2,shape,false,false,America/New_York,3,29079 29550 29069,1840026973
Dacusville,Dacusville,South Carolina,45077,Pickens,34.9343,-82.5606,218,38.3,shape,false,false,America/New_York,3,29640,1840106307
Cordova,Cordova,South Carolina,45075,Orangeburg,33.4345,-80.9211,214,189.5,shape,false,true,America/New_York,3,29039,1840016821
Elko,Elko,South Carolina,45011,Barnwell,33.3808,-81.3805,213,78.4,shape,false,true,America/New_York,3,29826 29853,1840016869
Wisacky,Wisacky,South Carolina,45061,Lee,34.1465,-80.1905,205,14.3,shape,false,false,America/New_York,3,29010,1840035836
Williams,Williams,South Carolina,45029,Colleton,33.0341,-80.8428,203,92.5,shape,false,true,America/New_York,3,29475 29493,1840016903
Gifford,Gifford,South Carolina,45049,Hampton,32.8601,-81.2385,201,80.2,shape,false,true,America/New_York,3,29923,1840016926
Lobeco,Lobeco,South Carolina,45013,Beaufort,32.5512,-80.7354,196,28.8,shape,false,false,America/New_York,3,29940 29931,1840035807
Kline,Kline,South Carolina,45011,Barnwell,33.1252,-81.3426,195,24.2,shape,false,true,America/New_York,3,29812,1840016868
Shiloh,Shiloh,South Carolina,45085,Sumter,33.9462,-80.0208,195,7.7,shape,false,false,America/New_York,3,29080,1840013668
Starr,Starr,South Carolina,45007,Anderson,34.3774,-82.6954,194,50.0,shape,false,true,America/New_York,3,29684,1840016574
Central Pacolet,Central Pacolet,South Carolina,45083,Spartanburg,34.9096,-81.7527,194,166.8,shape,false,true,America/New_York,3,29372,1840016462
Glenn Springs,Glenn Springs,South Carolina,45083,Spartanburg,34.8134,-81.8415,187,32.6,shape,false,false,America/New_York,3,29374 29302,1840107334
Monetta,Monetta,South Carolina,45081,Saluda,33.8501,-81.61,184,103.0,shape,false,true,America/New_York,3,29105,1840016736
Lowndesville,Lowndesville,South Carolina,45001,Abbeville,34.2099,-82.6476,184,91.7,shape,false,true,America/New_York,3,29659 29655,1840016666
Mulberry,Mulberry,South Carolina,45085,Sumter,33.9565,-80.3315,184,36.2,shape,false,false,America/New_York,3,29153,1840035846
Olar,Olar,South Carolina,45009,Bamberg,33.1799,-81.1854,179,88.0,shape,false,true,America/New_York,3,29843,1840016875
Mount Croghan,Mount Croghan,South Carolina,45025,Chesterfield,34.7697,-80.2264,177,90.1,shape,false,true,America/New_York,3,29727,1840016581
Luray,Luray,South Carolina,45049,Hampton,32.8142,-81.2403,176,65.8,shape,false,true,America/New_York,3,29932,1840016923
Hodges,Hodges,South Carolina,45047,Greenwood,34.2876,-82.248,173,85.6,shape,false,true,America/New_York,3,29653 29695,1840016672
Lodge,Lodge,South Carolina,45029,Colleton,33.0678,-80.9537,170,20.9,shape,false,true,America/New_York,3,29082,1840016900
Troy,Troy,South Carolina,45047,Greenwood,33.988,-82.2974,165,79.7,shape,false,true,America/New_York,3,29848,1840016673
Woodford,Woodford,South Carolina,45075,Orangeburg,33.6687,-81.112,163,80.2,shape,false,true,America/New_York,3,29112,1840016825
Bradley,Bradley,South Carolina,45047,Greenwood,34.0391,-82.2435,163,8.0,shape,false,false,America/New_York,3,29819,1840013624
Nichols,Nichols,South Carolina,45067,Marion,34.235,-79.149,160,46.2,shape,false,true,America/New_York,3,29581,1840016713
Livingston,Livingston,South Carolina,45075,Orangeburg,33.5531,-81.1196,149,73.1,shape,false,true,America/New_York,3,29107,1840016819
Silverstreet,Silverstreet,South Carolina,45071,Newberry,34.2177,-81.7146,147,17.0,shape,false,true,America/New_York,3,29108 29145,1840017940
Salem,Salem,South Carolina,45073,Oconee,34.8879,-82.9752,145,61.2,shape,false,true,America/New_York,3,29676,1840017889
Floydale,Floydale,South Carolina,45033,Dillon,34.321,-79.3371,139,26.5,shape,false,false,America/New_York,3,29536 29565,1840035821
Mountville,Mountville,South Carolina,45059,Laurens,34.3664,-81.9758,135,18.2,shape,false,false,America/New_York,3,29370,1840013585
Sellers,Sellers,South Carolina,45067,Marion,34.2826,-79.4724,133,76.7,shape,false,true,America/New_York,3,29592,1840017962
Foreston,Foreston,South Carolina,45027,Clarendon,33.6367,-80.0607,133,22.6,shape,false,false,America/New_York,3,29102,1840035822
Smoaks,Smoaks,South Carolina,45029,Colleton,33.0895,-80.8142,125,29.6,shape,false,true,America/New_York,3,29481,1840018047
Rockville,Rockville,South Carolina,45019,Charleston,32.6024,-80.1935,113,103.0,shape,false,true,America/New_York,3,29487,1840018342
Scotia,Scotia,South Carolina,45049,Hampton,32.6805,-81.2433,111,13.5,shape,false,true,America/New_York,3,29939,1840018052
Boykin,Boykin,South Carolina,45055,Kershaw,34.1198,-80.5886,109,6.1,shape,false,false,America/New_York,3,29128,1840026972
Parksville,Parksville,South Carolina,45065,McCormick,33.7866,-82.2174,104,55.2,shape,false,true,America/New_York,3,29845 29844,1840016752
Pawleys Island,Pawleys Island,South Carolina,45043,Georgetown,33.4269,-79.1246,104,57.3,shape,false,true,America/New_York,3,29585,1840016814
Zion,Zion,South Carolina,45067,Marion,34.2587,-79.3116,102,80.1,shape,false,false,America/New_York,3,29574,1840106499
Fingerville,Fingerville,South Carolina,45083,Spartanburg,35.1351,-82.0002,99,124.3,shape,false,false,America/New_York,3,29338 29349,1840026961
Rains,Rains,South Carolina,45067,Marion,34.0942,-79.3214,98,28.3,shape,false,false,America/New_York,3,29589 29571 29574,1840035746
Ware Place,Ware Place,South Carolina,45045,Greenville,34.6266,-82.3881,96,40.4,shape,false,false,America/New_York,3,29669,1840026954
Sycamore,Sycamore,South Carolina,45005,Allendale,33.0362,-81.2223,94,11.4,shape,false,true,America/New_York,3,29827 29846,1840016905
Vance,Vance,South Carolina,45075,Orangeburg,33.4365,-80.4201,92,70.0,shape,false,true,America/New_York,3,29163,1840016824
Ulmer,Ulmer,South Carolina,45005,Allendale,33.0987,-81.208,92,13.0,shape,false,true,America/New_York,3,29849,1840016906
Pomaria,Pomaria,South Carolina,45071,Newberry,34.2677,-81.4192,91,33.6,shape,false,true,America/New_York,3,29126,1840016635
Browntown,Browntown,South Carolina,45061,Lee,34.2053,-80.316,90,14.1,shape,false,false,America/New_York,3,29010,1840145503
Tamassee,Tamassee,South Carolina,45073,Oconee,34.8812,-83.0175,82,27.2,shape,false,false,America/New_York,3,29676 29686,1840107730
Willington,Willington,South Carolina,45065,McCormick,33.9687,-82.4576,80,5.2,shape,false,false,America/New_York,3,29840 29835,1840013692
Gramling,Gramling,South Carolina,45083,Spartanburg,35.0782,-82.1332,79,30.4,shape,false,false,America/New_York,3,29349 29322 29348,1840026963
Peak,Peak,South Carolina,45071,Newberry,34.2363,-81.3288,79,47.8,shape,false,true,America/New_York,3,29075 29122,1840016634
Jamestown,Jamestown,South Carolina,45015,Berkeley,33.2858,-79.6945,78,49.7,shape,false,true,America/New_York,3,29453,1840016862
Clarks Hill,Clarks Hill,South Carolina,45065,McCormick,33.6582,-82.166,78,9.4,shape,false,false,America/New_York,3,29821,1840013691
Princeton,Princeton,South Carolina,45059,Laurens,34.4913,-82.2958,78,38.6,shape,false,false,America/New_York,3,29654,1840013586
Plum Branch,Plum Branch,South Carolina,45065,McCormick,33.8482,-82.2587,76,69.1,shape,false,true,America/New_York,3,29845,1840016753
Saint Charles,Saint Charles,South Carolina,45061,Lee,34.0806,-80.2249,75,6.8,shape,false,false,America/New_York,3,29104 29010,1840035747
Tatum,Tatum,South Carolina,45069,Marlboro,34.6438,-79.5867,72,30.6,shape,false,true,America/New_York,3,29594,1840016588
Tradesville,Tradesville,South Carolina,45057,Lancaster,34.7705,-80.5487,67,13.0,shape,false,false,America/New_York,3,29720,1840035749
Blenheim,Blenheim,South Carolina,45069,Marlboro,34.5098,-79.6526,63,37.2,shape,false,true,America/New_York,3,29516,1840015544
Ashwood,Ashwood,South Carolina,45061,Lee,34.1142,-80.3039,63,6.8,shape,false,false,America/New_York,3,29153 29010,1840106714
Green Sea,Green Sea,South Carolina,45051,Horry,34.1288,-78.9721,63,13.8,shape,false,false,America/New_York,3,29545,1840106906
Govan,Govan,South Carolina,45009,Bamberg,33.2227,-81.1748,56,28.8,shape,false,true,America/New_York,3,29843,1840016874
Jenkinsville,Jenkinsville,South Carolina,45039,Fairfield,34.3129,-81.2874,54,92.0,shape,false,true,America/New_York,3,29065,1840022842
Caesars Head,Caesars Head,South Carolina,45045,Greenville,35.1072,-82.6182,42,11.0,shape,false,false,America/New_York,3,29635,1840106764
Islandton,Islandton,South Carolina,45029,Colleton,32.9093,-80.9359,40,5.6,shape,false,false,America/New_York,3,29929,1840026997
Coronaca,Coronaca,South Carolina,45047,Greenwood,34.2595,-82.0969,32,7.4,shape,false,false,America/New_York,3,29649,1840013088
Cherokee Falls,Cherokee Falls,South Carolina,45021,Cherokee,35.0645,-81.5436,30,91.6,shape,false,false,America/New_York,3,29702,1840035761
Longcreek,Longcreek,South Carolina,45073,Oconee,34.7776,-83.2602,29,5.9,shape,false,false,America/New_York,3,29693 29658,1840106379
Smyrna,Smyrna,South Carolina,45091,York,35.042,-81.4094,28,15.3,shape,false,true,America/New_York,3,29743,1840017885
Cope,Cope,South Carolina,45075,Orangeburg,33.3777,-81.0079,28,64.9,shape,false,true,America/New_York,3,29038,1840016820
Cross Anchor,Cross Anchor,South Carolina,45083,Spartanburg,34.644,-81.8585,25,12.5,shape,false,false,America/New_York,3,29331,1840026958
Abney Crossroads,Abney Crossroads,South Carolina,45055,Kershaw,34.5063,-80.5107,21,17.8,shape,false,false,America/New_York,3,29067,1840106248
Coosawhatchie,Coosawhatchie,South Carolina,45053,Jasper,32.5851,-80.9328,10,6.6,shape,false,false,America/New_York,3,29912 29936,1840035727
Live Oak,Live Oak,South Carolina,45051,Horry,34.056,-78.9397,9,4.1,shape,false,false,America/New_York,3,29569,1840106996
Ketchuptown,Ketchuptown,South Carolina,45051,Horry,34.1091,-79.1557,5,18.9,shape,false,false,America/New_York,3,29581,1840106367
