Birmingham,Birmingham,Alabama,1073,Jefferson,33.5279,-86.7971,782111,526.4,shape,false,true,America/Chicago,2,35218 35214 35215 35217 35210 35211 35212 35213 35224 35221 35222 35203 35207 35206 35205 35204 35209 35208 35094 35254 35068 35061 35228 35234 35235 35233 35243 35242 35249 35201 35202 35220 35232 35237 35238 35246 35255 35259 35261 35270 35282 35283 35285 35287 35290 35291 35292 35294 35295 35298,1840006507
Huntsville,Huntsville,Alabama,1089,Madison,34.6981,-86.6412,349482,376.2,shape,false,true,America/Chicago,2,35801 35803 35802 35805 35806 35741 35824 35763 35757 35756 35810 35811 35816 35896 35742 35762 35804 35807 35809 35814 35815 35893 35894 35895 35897 35899,1840005061
Mobile,Mobile,Alabama,1097,Mobile,30.6782,-88.1162,320855,515.7,shape,false,true,America/Chicago,2,36652 36606 36607 36604 36605 36602 36603 36608 36609 36688 36582 36615 36617 36611 36610 36619 36618 36695 36693 36601 36616 36628 36633 36640 36641 36644 36660 36670 36675 36689 36691,1840006009
Montgomery,Montgomery,Alabama,1101,Montgomery,32.3482,-86.2668,251158,482.6,shape,false,true,America/Chicago,2,36112 36113 36110 36111 36116 36114 36115 36109 36130 36117 36101 36105 36104 36107 36106 36057 36108 36118 36120 36121 36123 36124 36125 36131 36132 36135 36140 36141 36142 36177 36191,1840008353
Tuscaloosa,Tuscaloosa,Alabama,1125,Tuscaloosa,33.2348,-87.5268,164414,660.0,shape,false,true,America/Chicago,2,35475 35476 35405 35404 35406 35401 35487 35403 35407 35486,1840005563
Auburn,Auburn,Alabama,1081,Lee,32.6087,-85.4903,105386,476.6,shape,false,true,America/Chicago,2,36849 36832 36830 36831,1840013810
Hoover,Hoover,Alabama,1073,Jefferson,33.3763,-86.8068,91995,720.1,shape,false,true,America/Chicago,3,35216 35226 35244 35242 35236 35260,1840014795
Florence,Florence,Alabama,1077,Lauderdale,34.8303,-87.6655,81268,593.8,shape,false,true,America/Chicago,3,35632 35633 35630 35631,1840002083
Anniston,Anniston,Alabama,1015,Calhoun,33.6712,-85.8135,79717,181.2,shape,false,true,America/Chicago,3,36201 36206 36207 36205 36204,1840006563
Dothan,Dothan,Alabama,1069,Houston,31.2336,-85.407,73037,303.8,shape,false,true,America/Chicago,3,36303 36301 36305 36321 36302 36304,1840001518
Decatur,Decatur,Alabama,1103,Morgan,34.5731,-86.9905,57525,406.8,shape,false,true,America/Chicago,3,35603 35601 35602 35609,1840001403
Madison,Madison,Alabama,1089,Madison,34.7114,-86.7626,56967,724.1,shape,false,true,America/Chicago,3,35756 35758,1840015524
Vestavia Hills,Vestavia Hills,Alabama,1073,Jefferson,33.4518,-86.7437,38600,744.5,shape,false,true,America/Chicago,3,35216 35243 35242 35266 35288 35296,1840015673
Phenix City,Phenix City,Alabama,1113,Russell,32.4585,-85.0253,38413,528.6,shape,false,true,America/Chicago,3,36869 36867 36868,1840006012
Prattville,Prattville,Alabama,1001,Autauga,32.4597,-86.4573,38124,412.0,shape,false,true,America/Chicago,3,36066 36067 36068,1840004086
Gadsden,Gadsden,Alabama,1055,Etowah,34.0086,-86.0157,33881,349.4,shape,false,true,America/Chicago,3,35901 35903 35904 35902,1840006332
Alabaster,Alabaster,Alabama,1117,Shelby,33.2198,-86.8225,33417,492.4,shape,false,true,America/Chicago,3,35114 35007 35144,1840013756
Opelika,Opelika,Alabama,1081,Lee,32.6612,-85.3769,31361,198.0,shape,false,true,America/Chicago,3,36801 36804 36803,1840005210
Northport,Northport,Alabama,1125,Tuscaloosa,33.2586,-87.5993,30714,666.4,shape,false,true,America/Chicago,3,35473 35475 35476 35452,1840014819
Enterprise,Enterprise,Alabama,1031,Coffee,31.3275,-85.8463,28513,355.6,shape,false,true,America/Chicago,3,36330 36331,1840001548
Daphne,Daphne,Alabama,1003,Baldwin,30.6263,-87.8816,27861,563.8,shape,false,true,America/Chicago,3,36527 36526,1840006178
Homewood,Homewood,Alabama,1073,Jefferson,33.4619,-86.809,27557,1287.8,shape,false,true,America/Chicago,3,35229 35209 35219 35293,1840014794
Athens,Athens,Alabama,1083,Limestone,34.7843,-86.9503,26179,248.9,shape,false,true,America/Chicago,3,35611 35613 35612,1840000935
Bessemer,Bessemer,Alabama,1073,Jefferson,33.3712,-86.9728,25890,247.7,shape,false,true,America/Chicago,3,35022 35020,1840013732
Trussville,Trussville,Alabama,1073,Jefferson,33.6405,-86.5815,25621,285.0,shape,false,true,America/Chicago,3,35235 35173,1840015672
Pelham,Pelham,Alabama,1117,Shelby,33.3114,-86.7573,24221,241.4,shape,false,true,America/Chicago,3,35124,1840014826
Fairhope,Fairhope,Alabama,1003,Baldwin,30.5209,-87.8813,22605,590.5,shape,false,true,America/Chicago,3,36532 36559,1840002039
Albertville,Albertville,Alabama,1095,Marshall,34.2633,-86.2108,22433,321.5,shape,false,true,America/Chicago,3,35951 35950,1840013599
Mountain Brook,Mountain Brook,Alabama,1073,Jefferson,33.4871,-86.74,22259,669.3,shape,false,true,America/Chicago,3,35213 35223 35243 35253 35297,1840014792
Oxford,Oxford,Alabama,1015,Calhoun,33.5967,-85.8687,22019,267.1,shape,false,true,America/Chicago,3,36260 36203 36253,1840014780
Foley,Foley,Alabama,1003,Baldwin,30.3983,-87.665,21113,250.7,shape,false,true,America/Chicago,3,36535 36580 36536,1840002084
Helena,Helena,Alabama,1117,Shelby,33.2837,-86.8791,21036,368.2,shape,false,true,America/Chicago,3,35022 35080,1840014827
Prichard,Prichard,Alabama,1097,Mobile,30.7735,-88.1301,19353,295.3,shape,false,true,America/Chicago,3,36663 36610 36613 36612,1840014990
Cullman,Cullman,Alabama,1043,Cullman,34.1775,-86.8407,18434,314.7,shape,false,true,America/Chicago,3,35058 35057 35055 35056,1840001354
Tillmans Corner,Tillmans Corner,Alabama,1097,Mobile,30.5819,-88.2128,18018,535.5,shape,false,false,America/Chicago,3,36582 36619,1840013896
Selma,Selma,Alabama,1047,Dallas,32.4166,-87.0336,17875,499.8,shape,false,true,America/Chicago,3,36703 36701 36702,1840008329
Troy,Troy,Alabama,1109,Pike,31.8021,-85.9664,17757,241.9,shape,false,true,America/Chicago,3,36079 36081 36082,1840005558
Hueytown,Hueytown,Alabama,1073,Jefferson,33.4239,-87.022,16655,321.9,shape,false,true,America/Chicago,3,35023,1840014796
Calera,Calera,Alabama,1117,Shelby,33.1254,-86.7449,16644,264.7,shape,false,true,America/Chicago,3,35040,1840013757
Millbrook,Millbrook,Alabama,1051,Elmore,32.5027,-86.3737,16631,449.2,shape,false,true,America/Chicago,3,36054 36022,1840014877
Muscle Shoals,Muscle Shoals,Alabama,1033,Colbert,34.7432,-87.6343,16334,375.3,shape,false,true,America/Chicago,3,35674 35661 35662,1840014657
Center Point,Center Point,Alabama,1073,Jefferson,33.6447,-86.6852,16279,1011.3,shape,false,true,America/Chicago,3,35215,1840014789
Saraland,Saraland,Alabama,1097,Mobile,30.8479,-88.1004,16109,193.5,shape,false,true,America/Chicago,3,36571,1840015886
Gardendale,Gardendale,Alabama,1073,Jefferson,33.6677,-86.8069,16051,269.4,shape,false,true,America/Chicago,3,35071 35119,1840002820
Scottsboro,Scottsboro,Alabama,1071,Jackson,34.6438,-86.0491,15543,118.5,shape,false,true,America/Chicago,3,35768 35769,1840005605
Hartselle,Hartselle,Alabama,1103,Morgan,34.4391,-86.9396,15414,357.4,shape,false,true,America/Chicago,3,35640,1840013593
Chelsea,Chelsea,Alabama,1117,Shelby,33.3262,-86.63,15201,181.7,shape,false,true,America/Chicago,3,35051 35043,1840014823
Gulf Shores,Gulf Shores,Alabama,1003,Baldwin,30.2764,-87.7017,15178,206.4,shape,false,true,America/Chicago,3,36542 36547,1840013886
Talladega,Talladega,Alabama,1121,Talladega,33.4333,-86.0986,15071,223.4,shape,false,true,America/Chicago,3,35160 35161,1840008244
Fort Payne,Fort Payne,Alabama,1049,DeKalb,34.4559,-85.6965,14815,101.4,shape,false,true,America/Chicago,3,35967 35968,1840004822
Alexander City,Alexander City,Alabama,1123,Tallapoosa,32.9229,-85.9358,14788,130.7,shape,false,true,America/Chicago,3,35010 35011,1840013788
McCalla,McCalla,Alabama,1073,Jefferson,33.3023,-87.0302,14509,165.9,shape,false,false,America/Chicago,3,35022 35111,1840041400
Jasper,Jasper,Alabama,1127,Walker,33.8508,-87.271,14453,190.3,shape,false,true,America/Chicago,3,35503 35504 35501 35502,1840003778
Ozark,Ozark,Alabama,1045,Dale,31.4508,-85.6473,14373,162.7,shape,false,true,America/Chicago,3,36360 36361,1840005283
Jacksonville,Jacksonville,Alabama,1015,Calhoun,33.8088,-85.7545,14227,503.6,shape,false,true,America/Chicago,3,36265,1840007433
Irondale,Irondale,Alabama,1073,Jefferson,33.5439,-86.6606,13455,300.0,shape,false,true,America/Chicago,3,35210 35015,1840014797
Moody,Moody,Alabama,1115,St. Clair,33.5986,-86.4963,13235,208.3,shape,false,true,America/Chicago,3,35094 35173 35004 35120,1840014770
Pell City,Pell City,Alabama,1115,St. Clair,33.561,-86.2669,13148,203.0,shape,false,true,America/Chicago,3,35125 35128,1840014771
Eufaula,Eufaula,Alabama,1005,Barbour,31.9102,-85.1505,12746,82.7,shape,false,true,America/Chicago,3,36027 36072,1840001685
Sylacauga,Sylacauga,Alabama,1121,Talladega,33.178,-86.2605,12465,237.6,shape,false,true,America/Chicago,3,35151 35150,1840015700
Leeds,Leeds,Alabama,1073,Jefferson,33.5436,-86.5639,12292,208.1,shape,false,true,America/Chicago,3,35094 35173,1840005106
Russellville,Russellville,Alabama,1059,Franklin,34.5055,-87.7283,10767,310.0,shape,false,true,America/Chicago,3,35654 35653,1840004247
Saks,Saks,Alabama,1015,Calhoun,33.7118,-85.8536,10523,333.7,shape,false,false,America/Chicago,3,36201 36206 36202,1840013708
Valley,Valley,Alabama,1017,Chambers,32.8088,-85.181,10442,312.8,shape,false,true,America/Chicago,3,36854 36872,1840015760
Clay,Clay,Alabama,1073,Jefferson,33.6951,-86.609,10315,353.2,shape,false,true,America/Chicago,3,35173 35126,1840014790
Boaz,Boaz,Alabama,1095,Marshall,34.1985,-86.1529,10248,271.9,shape,false,true,America/Chicago,3,35957 35956,1840013602
Rainbow City,Rainbow City,Alabama,1055,Etowah,33.9336,-86.0922,10184,153.7,shape,false,true,America/Chicago,3,35906,1840014732
Spanish Fort,Spanish Fort,Alabama,1003,Baldwin,30.7254,-87.8597,10083,125.5,shape,false,true,America/Chicago,3,36507 36527 36577,1840015879
Fairfield,Fairfield,Alabama,1073,Jefferson,33.4747,-86.9194,9975,1111.9,shape,false,true,America/Chicago,3,35064,1840001883
Fultondale,Fultondale,Alabama,1073,Jefferson,33.6174,-86.8014,9756,310.4,shape,false,true,America/Chicago,3,35217 35119 35068,1840002481
Pike Road,Pike Road,Alabama,1101,Montgomery,32.2939,-86.09,9651,109.5,shape,false,true,America/Chicago,3,36064 36013,1840017000
Pleasant Grove,Pleasant Grove,Alabama,1073,Jefferson,33.494,-86.9782,9549,375.4,shape,false,true,America/Chicago,3,35127,1840014793
Meridianville,Meridianville,Alabama,1089,Madison,34.8729,-86.5722,9528,236.5,shape,false,false,America/Chicago,3,35773 35750 35759,1840013546
Southside,Southside,Alabama,1055,Etowah,33.9007,-86.0238,9358,189.1,shape,false,true,America/Chicago,3,35907,1840015604
Meadowbrook,Meadowbrook,Alabama,1117,Shelby,33.3935,-86.7041,9338,827.8,shape,false,false,America/Chicago,3,35242,1840027633
Sheffield,Sheffield,Alabama,1033,Colbert,34.757,-87.6977,9330,518.1,shape,false,true,America/Chicago,3,35660,1840015537
Tuskegee,Tuskegee,Alabama,1087,Macon,32.4409,-85.7131,9173,207.6,shape,false,true,America/Chicago,3,36083 36088 36087,1840004337
Forestdale,Forestdale,Alabama,1073,Jefferson,33.5737,-86.9,9138,522.9,shape,false,false,America/Chicago,3,35214 35005 35231,1840013723
Tuscumbia,Tuscumbia,Alabama,1033,Colbert,34.7204,-87.7035,9029,378.3,shape,false,true,America/Chicago,3,35674,1840005567
Andalusia,Andalusia,Alabama,1039,Covington,31.3102,-86.4781,8841,172.3,shape,false,true,America/Chicago,4,36420 36421,1840004591
Clanton,Clanton,Alabama,1021,Chilton,32.8444,-86.6233,8776,146.7,shape,false,true,America/Chicago,4,35045 35046,1840006157
Guntersville,Guntersville,Alabama,1095,Marshall,34.3671,-86.2637,8644,130.2,shape,false,true,America/Chicago,4,35976,1840006456
Arab,Arab,Alabama,1095,Marshall,34.3309,-86.4991,8552,247.9,shape,false,true,America/Chicago,3,35016,1840013600
Atmore,Atmore,Alabama,1053,Escambia,31.0927,-87.4762,8465,149.5,shape,false,true,America/Chicago,3,36503 36502 36504,1840013888
Bay Minette,Bay Minette,Alabama,1003,Baldwin,30.893,-87.7912,8159,182.5,shape,false,true,America/Chicago,4,36507,1840000959
Orange Beach,Orange Beach,Alabama,1003,Baldwin,30.2942,-87.5849,8048,211.2,shape,false,true,America/Chicago,3,36561 36530,1840014980
Brook Highland,Brook Highland,Alabama,1117,Shelby,33.4359,-86.6849,8008,1110.6,shape,false,false,America/Chicago,3,35242,1840027551
Greenville,Greenville,Alabama,1013,Butler,31.8437,-86.638,7326,132.5,shape,false,true,America/Chicago,4,36037,1840003498
Montevallo,Montevallo,Alabama,1117,Shelby,33.1246,-86.8477,7288,219.6,shape,false,true,America/Chicago,3,35115,1840014825
Pinson,Pinson,Alabama,1073,Jefferson,33.7055,-86.6678,7209,240.7,shape,false,true,America/Chicago,3,35215 35126 35123,1840022941
Wetumpka,Wetumpka,Alabama,1051,Elmore,32.5406,-86.2053,7129,251.3,shape,false,true,America/Chicago,3,36093 36092,1840006013
Demopolis,Demopolis,Alabama,1091,Marengo,32.498,-87.8298,7080,154.1,shape,false,true,America/Chicago,3,36732 36742,1840014897
Lincoln,Lincoln,Alabama,1121,Talladega,33.5935,-86.1365,6968,104.8,shape,false,true,America/Chicago,3,35160 35096,1840015698
Oneonta,Oneonta,Alabama,1009,Blount,33.9394,-86.4932,6925,168.9,shape,false,true,America/Chicago,4,35121,1840005206
Hamilton,Hamilton,Alabama,1093,Marion,34.1346,-87.9755,6880,69.8,shape,false,true,America/Chicago,4,35570,1840003629
Lanett,Lanett,Alabama,1017,Chambers,32.8577,-85.2078,6880,425.8,shape,false,true,America/Chicago,3,36863,1840014858
Robertsdale,Robertsdale,Alabama,1003,Baldwin,30.5535,-87.7023,6793,379.3,shape,false,true,America/Chicago,3,36567,1840014981
Opp,Opp,Alabama,1039,Covington,31.2848,-86.257,6741,110.0,shape,false,true,America/Chicago,3,36467,1840014960
Satsuma,Satsuma,Alabama,1097,Mobile,30.8578,-88.0631,6740,354.1,shape,false,true,America/Chicago,3,36572,1840015887
Chickasaw,Chickasaw,Alabama,1097,Mobile,30.7715,-88.0793,6398,587.2,shape,false,true,America/Chicago,3,36611 36671,1840014986
Harvest,Harvest,Alabama,1089,Madison,34.8558,-86.752,6328,198.1,shape,false,false,America/Chicago,3,35749,1840013544
Tarrant,Tarrant,Alabama,1073,Jefferson,33.5945,-86.7685,6077,368.4,shape,false,true,America/Chicago,3,35217,1840015671
Moores Mill,Moores Mill,Alabama,1089,Madison,34.8491,-86.5222,6007,170.6,shape,false,false,America/Chicago,3,35759 35810 35811,1840013547
Monroeville,Monroeville,Alabama,1099,Monroe,31.5162,-87.3279,5917,171.1,shape,false,true,America/Chicago,4,36460 36461,1840005191
Attalla,Attalla,Alabama,1055,Etowah,34.005,-86.1039,5849,322.7,shape,false,true,America/Chicago,3,35954,1840013655
Grayson Valley,Grayson Valley,Alabama,1073,Jefferson,33.6467,-86.6417,5696,1176.9,shape,false,false,America/Chicago,3,35235,1840027631
Highland Lakes,Highland Lakes,Alabama,1117,Shelby,33.3973,-86.6495,5628,579.0,shape,false,true,America/Chicago,3,35242,1840075149
Rainsville,Rainsville,Alabama,1049,DeKalb,34.4938,-85.8436,5545,103.3,shape,false,true,America/Chicago,3,35986,1840014658
Smiths Station,Smiths Station,Alabama,1081,Lee,32.528,-85.0943,5441,257.3,shape,false,true,America/Chicago,3,36877,1840015792
Fort Rucker,Fort Rucker,Alabama,1045,Dale,31.3428,-85.7154,5422,192.7,shape,true,true,America/Chicago,4,36362,1840073838
Roanoke,Roanoke,Alabama,1111,Randolph,33.1453,-85.3694,5346,110.2,shape,false,true,America/Chicago,3,36274,1840014834
Glencoe,Glencoe,Alabama,1055,Etowah,33.9447,-85.9322,5343,121.4,shape,false,true,America/Chicago,4,35903 35905,1840003257
Margaret,Margaret,Alabama,1115,St. Clair,33.6734,-86.468,5294,208.1,shape,false,true,America/Chicago,3,35112 35120,1840016772
Brewton,Brewton,Alabama,1053,Escambia,31.1113,-87.0737,5257,179.7,shape,false,true,America/Chicago,4,36426 36427,1840006146
Tallassee,Tallassee,Alabama,1051,Elmore,32.5315,-85.8903,5174,175.7,shape,false,true,America/Chicago,3,36078,1840015790
Midfield,Midfield,Alabama,1073,Jefferson,33.4553,-86.9224,5159,749.7,shape,false,true,America/Chicago,3,35221 35228,1840014791
Semmes,Semmes,Alabama,1097,Mobile,30.7899,-88.2389,5123,133.5,shape,false,true,America/Chicago,3,36613 36575,1840027491
Theodore,Theodore,Alabama,1097,Mobile,30.5408,-88.1885,5123,247.8,shape,false,false,America/Chicago,3,36582 36590,1840013895
Headland,Headland,Alabama,1067,Henry,31.3501,-85.3523,5027,64.0,shape,false,true,America/Chicago,3,36345,1840014949
Holtville,Holtville,Alabama,1051,Elmore,32.6314,-86.3268,4986,89.2,shape,false,false,America/Chicago,3,36092 36022,1840023043
Redland,Redland,Alabama,1051,Elmore,32.4754,-86.1375,4960,79.4,shape,false,true,America/Chicago,4,36093,1840037844
Daleville,Daleville,Alabama,1045,Dale,31.2915,-85.7117,4901,133.8,shape,false,true,America/Chicago,3,36322,1840014955
Odenville,Odenville,Alabama,1115,St. Clair,33.6978,-86.4228,4873,134.7,shape,false,true,America/Chicago,3,35146 35120,1840016774
Winfield,Winfield,Alabama,1093,Marion,33.9334,-87.7961,4832,104.9,shape,false,true,America/Chicago,3,35594,1840015587
Springville,Springville,Alabama,1115,St. Clair,33.7643,-86.4742,4824,193.6,shape,false,true,America/Chicago,3,35146,1840015642
Piedmont,Piedmont,Alabama,1015,Calhoun,33.9269,-85.6149,4761,187.1,shape,false,true,America/Chicago,3,36272,1840014781
Childersburg,Childersburg,Alabama,1121,Talladega,33.2962,-86.3456,4743,148.5,shape,false,true,America/Chicago,3,35044,1840014813
Jackson,Jackson,Alabama,1025,Clarke,31.5318,-87.8915,4719,116.5,shape,false,true,America/Chicago,3,36545,1840014935
Columbiana,Columbiana,Alabama,1117,Shelby,33.193,-86.6114,4552,100.2,shape,false,true,America/Chicago,4,35051,1840006158
Hokes Bluff,Hokes Bluff,Alabama,1055,Etowah,33.9902,-85.8639,4449,144.0,shape,false,true,America/Chicago,3,35903 35905,1840014733
Argo,Argo,Alabama,1115,St. Clair,33.6963,-86.5063,4416,160.3,shape,false,true,America/Chicago,3,35173 35120,1840015668
Haleyville,Haleyville,Alabama,1133,Winston,34.2331,-87.6175,4339,199.8,shape,false,true,America/Chicago,3,35565,1840013644
Adamsville,Adamsville,Alabama,1073,Jefferson,33.6073,-86.974,4325,63.7,shape,false,true,America/Chicago,3,35224 35060 35073 35005,1840013724
Fayette,Fayette,Alabama,1057,Fayette,33.6943,-87.8307,4266,192.7,shape,false,true,America/Chicago,4,35555,1840006295
Geneva,Geneva,Alabama,1061,Geneva,31.0437,-85.8763,4235,103.0,shape,false,true,America/Chicago,4,36340,1840003161
Mount Olive,Mount Olive,Alabama,1073,Jefferson,33.6778,-86.8727,4224,175.4,shape,false,false,America/Chicago,3,35117,1840013727
Valley Grande,Valley Grande,Alabama,1047,Dallas,32.4862,-87.0305,4147,47.8,shape,false,true,America/Chicago,3,36703 36701,1840015794
Kimberly,Kimberly,Alabama,1073,Jefferson,33.7758,-86.7964,4045,249.7,shape,false,true,America/Chicago,3,35071 35091 35116,1840016799
Ladonia,Ladonia,Alabama,1113,Russell,32.4609,-85.0877,4025,497.6,shape,false,false,America/Chicago,3,36870 36869,1840013828
Hazel Green,Hazel Green,Alabama,1089,Madison,34.9236,-86.5671,3971,152.8,shape,false,false,America/Chicago,3,35761 35750,1840013545
Citronelle,Citronelle,Alabama,1097,Mobile,31.0952,-88.2467,3930,58.6,shape,false,true,America/Chicago,3,36522,1840014987
Pine Level,Pine Level,Alabama,1001,Autauga,32.5785,-86.4523,3881,59.5,shape,false,false,America/Chicago,3,36066 36067 36022,1840023046
Loxley,Loxley,Alabama,1003,Baldwin,30.6812,-87.7416,3757,45.5,shape,false,true,America/Chicago,3,36551 36578,1840017123
Alexandria,Alexandria,Alabama,1015,Calhoun,33.7675,-85.8792,3748,130.0,shape,false,false,America/Chicago,3,36265 36250,1840013707
Holt,Holt,Alabama,1125,Tuscaloosa,33.2302,-87.4827,3665,447.3,shape,false,false,America/Chicago,3,35404,1840013753
Thomasville,Thomasville,Alabama,1025,Clarke,31.911,-87.7419,3656,161.7,shape,false,true,America/Chicago,3,36784,1840015849
Lake View,Lake View,Alabama,1125,Tuscaloosa,33.2802,-87.1259,3611,663.2,shape,false,true,America/Chicago,3,35111,1840016839
Centre,Centre,Alabama,1019,Cherokee,34.1537,-85.6689,3609,119.1,shape,false,true,America/Chicago,4,35960,1840001099
Grand Bay,Grand Bay,Alabama,1097,Mobile,30.4717,-88.345,3607,160.5,shape,false,false,America/Chicago,3,36541,1840013894
Emerald Mountain,Emerald Mountain,Alabama,1051,Elmore,32.4396,-86.0857,3569,85.6,shape,false,true,America/Chicago,4,36093 36078,1840037820
Priceville,Priceville,Alabama,1103,Morgan,34.5246,-86.8856,3561,233.9,shape,false,true,America/Chicago,3,35603,1840017927
Evergreen,Evergreen,Alabama,1035,Conecuh,31.4342,-86.9723,3497,68.4,shape,false,true,America/Chicago,4,36401,1840001842
Elba,Elba,Alabama,1031,Coffee,31.4172,-86.0759,3463,87.2,shape,false,true,America/Chicago,4,36323,1840001532
Heflin,Heflin,Alabama,1029,Cleburne,33.647,-85.5698,3440,82.4,shape,false,true,America/Chicago,4,36264,1840007380
Moulton,Moulton,Alabama,1079,Lawrence,34.4844,-87.2833,3392,218.5,shape,false,true,America/Chicago,3,35650,1840008190
Union Springs,Union Springs,Alabama,1011,Bullock,32.1395,-85.7141,3341,194.6,shape,false,true,America/Chicago,4,36089,1840004415
West End-Cobb Town,West End-Cobb Town,Alabama,1015,Calhoun,33.6526,-85.8741,3322,311.3,shape,false,true,America/Chicago,3,36201,1840073855
Weaver,Weaver,Alabama,1015,Calhoun,33.7601,-85.8117,3312,369.9,shape,false,true,America/Chicago,3,36277,1840015646
Livingston,Livingston,Alabama,1119,Sumter,32.5982,-88.1891,3297,178.5,shape,false,true,America/Chicago,4,35470,1840005153
Hanceville,Hanceville,Alabama,1043,Cullman,34.0632,-86.7645,3216,282.0,shape,false,true,America/Chicago,3,35077,1840013642
East Brewton,East Brewton,Alabama,1053,Escambia,31.0906,-87.0556,3215,364.3,shape,false,true,America/Chicago,3,36426,1840013889
Cottondale,Cottondale,Alabama,1125,Tuscaloosa,33.1923,-87.4543,3211,360.0,shape,false,false,America/Chicago,3,35404 35453,1840023723
Red Bay,Red Bay,Alabama,1059,Franklin,34.4357,-88.1361,3210,127.1,shape,false,true,America/Chicago,3,35582,1840014682
Warrior,Warrior,Alabama,1073,Jefferson,33.8149,-86.8157,3206,126.6,shape,false,true,America/Chicago,3,35180,1840015674
Moundville,Moundville,Alabama,1065,Hale,32.9968,-87.6272,3173,265.7,shape,false,true,America/Chicago,3,35474,1840016942
Marion,Marion,Alabama,1105,Perry,32.6318,-87.3172,3128,114.3,shape,false,true,America/Chicago,4,36756,1840008188
Triana,Triana,Alabama,1089,Madison,34.5888,-86.7489,3114,429.2,shape,false,true,America/Chicago,3,35756,1840016520
Underwood-Petersville,Underwood-Petersville,Alabama,1077,Lauderdale,34.877,-87.6975,3077,205.0,shape,false,true,America/Chicago,3,35633,1840073851
Dadeville,Dadeville,Alabama,1123,Tallapoosa,32.8326,-85.7675,3062,74.2,shape,false,true,America/Chicago,4,36853,1840001397
Huguley,Huguley,Alabama,1017,Chambers,32.8431,-85.2396,3020,141.0,shape,false,false,America/Chicago,3,36863,1840013787
Brent,Brent,Alabama,1007,Bibb,32.9421,-87.1753,2994,131.3,shape,false,true,America/Chicago,3,35042 35034,1840013781
Brighton,Brighton,Alabama,1073,Jefferson,33.4396,-86.9454,2983,814.1,shape,false,true,America/Chicago,3,35020,1840013734
Taylor,Taylor,Alabama,1069,Houston,31.1658,-85.4697,2891,154.3,shape,false,true,America/Chicago,3,36301 36305,1840017133
Eutaw,Eutaw,Alabama,1063,Greene,32.8436,-87.8986,2890,93.5,shape,false,true,America/Chicago,4,35462,1840001838
New Hope,New Hope,Alabama,1089,Madison,34.537,-86.4128,2875,128.2,shape,false,true,America/Chicago,3,35760,1840014646
Bon Secour,Bon Secour,Alabama,1003,Baldwin,30.3222,-87.7271,2791,249.4,shape,false,false,America/Chicago,3,36511 36535,1840027557
Centreville,Centreville,Alabama,1007,Bibb,32.9598,-87.1334,2782,113.7,shape,false,true,America/Chicago,4,35042,1840007089
Choccolocco,Choccolocco,Alabama,1015,Calhoun,33.6683,-85.7128,2776,92.0,shape,false,false,America/Chicago,3,36207 36254,1840022930
Eagle Point,Eagle Point,Alabama,1117,Shelby,33.3937,-86.6779,2746,479.8,shape,false,false,America/Chicago,3,35242,1840144721
Lineville,Lineville,Alabama,1027,Clay,33.3129,-85.7508,2733,109.1,shape,false,true,America/Chicago,4,36266,1840008076
Luverne,Luverne,Alabama,1041,Crenshaw,31.7186,-86.2687,2728,67.3,shape,false,true,America/Chicago,4,36049,1840004042
Dora,Dora,Alabama,1127,Walker,33.7288,-87.0842,2718,132.7,shape,false,true,America/Chicago,4,35130 35062,1840005829
La Fayette,La Fayette,Alabama,1017,Chambers,32.8997,-85.4007,2700,117.7,shape,false,true,America/Chicago,4,36862,1840008339
Graysville,Graysville,Alabama,1073,Jefferson,33.6567,-86.9665,2700,64.9,shape,false,true,America/Chicago,4,35117 35073,1840003493
Jemison,Jemison,Alabama,1021,Chilton,32.9696,-86.7339,2671,90.9,shape,false,true,America/Chicago,3,35085,1840014862
Hartford,Hartford,Alabama,1061,Geneva,31.1055,-85.6916,2660,164.7,shape,false,true,America/Chicago,3,36344,1840013892
Guin,Guin,Alabama,1093,Marion,33.9832,-87.9023,2636,68.0,shape,false,true,America/Chicago,3,35563,1840013640
Owens Cross Roads,Owens Cross Roads,Alabama,1089,Madison,34.5845,-86.4574,2567,125.0,shape,false,true,America/Chicago,3,35763,1840016521
Henagar,Henagar,Alabama,1049,DeKalb,34.6306,-85.7413,2559,43.7,shape,false,true,America/Chicago,3,35978,1840014659
Remlap,Remlap,Alabama,1009,Blount,33.8049,-86.597,2555,60.6,shape,false,false,America/Chicago,3,35133,1840041606
Thorsby,Thorsby,Alabama,1021,Chilton,32.9169,-86.7203,2552,169.0,shape,false,true,America/Chicago,3,35171,1840016920
Sumiton,Sumiton,Alabama,1127,Walker,33.7502,-87.0483,2516,186.8,shape,false,true,America/Chicago,3,35062 35148,1840015640
Deatsville,Deatsville,Alabama,1051,Elmore,32.5864,-86.3917,2514,201.7,shape,false,true,America/Chicago,3,36022,1840016964
Trinity,Trinity,Alabama,1103,Morgan,34.6011,-87.0816,2510,193.5,shape,false,true,America/Chicago,3,35673,1840016612
Good Hope,Good Hope,Alabama,1043,Cullman,34.1102,-86.8662,2502,123.1,shape,false,true,America/Chicago,4,35057 35055 35077,1840003328
Ashford,Ashford,Alabama,1069,Houston,31.1858,-85.2359,2476,154.1,shape,false,true,America/Chicago,4,36312,1840000737
Ashville,Ashville,Alabama,1115,St. Clair,33.8331,-86.2698,2438,49.0,shape,false,true,America/Chicago,3,35953 35987,1840013697
Creola,Creola,Alabama,1097,Mobile,30.8906,-88.0132,2428,59.8,shape,false,true,America/Chicago,3,36525,1840014988
Butler,Butler,Alabama,1023,Choctaw,32.0965,-88.2108,2428,138.9,shape,false,true,America/Chicago,3,36904,1840015823
York,York,Alabama,1119,Sumter,32.4998,-88.2938,2423,136.3,shape,false,true,America/Chicago,3,36925,1840015778
Brookwood,Brookwood,Alabama,1125,Tuscaloosa,33.2398,-87.3277,2420,111.6,shape,false,true,America/Chicago,3,35444,1840015711
Greensboro,Greensboro,Alabama,1065,Hale,32.7014,-87.595,2417,392.6,shape,false,true,America/Chicago,3,36744,1840006442
Riverside,Riverside,Alabama,1115,St. Clair,33.6171,-86.2042,2409,107.3,shape,false,true,America/Chicago,3,35135 35125,1840017995
Westover,Westover,Alabama,1117,Shelby,33.3684,-86.5346,2404,47.0,shape,false,true,America/Chicago,3,35185 35147 35078,1840016849
Stapleton,Stapleton,Alabama,1003,Baldwin,30.7395,-87.7943,2392,84.6,shape,false,false,America/Chicago,3,36527 36578,1840027497
Lipscomb,Lipscomb,Alabama,1073,Jefferson,33.426,-86.9261,2390,784.6,shape,false,true,America/Chicago,3,35020,1840015667
Bridgeport,Bridgeport,Alabama,1071,Jackson,34.9496,-85.7243,2366,211.1,shape,false,true,America/Chicago,3,35740,1840001007
Indian Springs Village,Indian Springs Village,Alabama,1117,Shelby,33.359,-86.7492,2341,233.1,shape,false,true,America/Chicago,3,35242 35124,1840014828
Aliceville,Aliceville,Alabama,1107,Pickens,33.1237,-88.1593,2325,196.4,shape,false,true,America/Chicago,3,35442,1840013758
Brundidge,Brundidge,Alabama,1109,Pike,31.7182,-85.8178,2309,91.5,shape,false,true,America/Chicago,3,36010,1840013848
Abbeville,Abbeville,Alabama,1067,Henry,31.5664,-85.2528,2309,57.4,shape,false,true,America/Chicago,4,36310,1840000552
Morris,Morris,Alabama,1073,Jefferson,33.7464,-86.8042,2273,271.8,shape,false,true,America/Chicago,3,35071 35116,1840016801
Kinsey,Kinsey,Alabama,1069,Houston,31.2926,-85.3353,2254,71.9,shape,false,true,America/Chicago,3,36303 36345,1840017127
Carlisle-Rockledge,Carlisle-Rockledge,Alabama,1055,Etowah,34.114,-86.1191,2232,53.2,shape,false,true,America/Chicago,4,35956 35954,1840037805
Clayton,Clayton,Alabama,1005,Barbour,31.8823,-85.4605,2230,127.1,shape,false,true,America/Chicago,4,36016,1840001251
Bayou La Batre,Bayou La Batre,Alabama,1097,Mobile,30.4126,-88.2611,2215,114.2,shape,false,true,America/Chicago,3,36544 36509,1840013897
Coaling,Coaling,Alabama,1125,Tuscaloosa,33.1641,-87.3534,2203,169.7,shape,false,true,America/Chicago,3,35453 35449,1840016840
Cowarts,Cowarts,Alabama,1069,Houston,31.2034,-85.3057,2174,109.7,shape,false,true,America/Chicago,3,36303 36321,1840017131
Camden,Camden,Alabama,1131,Wilcox,32.0007,-87.2967,2149,198.3,shape,false,true,America/Chicago,4,36726,1840001060
Elberta,Elberta,Alabama,1003,Baldwin,30.3855,-87.5888,2140,118.4,shape,false,true,America/Chicago,3,36530,1840017125
Whitesboro,Whitesboro,Alabama,1055,Etowah,34.1682,-86.0572,2134,47.1,shape,false,false,America/Chicago,3,35956,1840022891
Marbury,Marbury,Alabama,1001,Autauga,32.6793,-86.4608,2126,35.5,shape,false,false,America/Chicago,3,36022 36051,1840023045
Stevenson,Stevenson,Alabama,1071,Jackson,34.8487,-85.8437,2071,103.9,shape,false,true,America/Chicago,3,35772,1840016526
Linden,Linden,Alabama,1091,Marengo,32.3001,-87.7926,2070,223.3,shape,false,true,America/Chicago,3,36748,1840005138
Crossville,Crossville,Alabama,1049,DeKalb,34.2852,-85.9996,2043,94.3,shape,false,true,America/Chicago,3,35962,1840016554
Collinsville,Collinsville,Alabama,1049,DeKalb,34.2664,-85.8679,2036,235.0,shape,false,true,America/Chicago,3,35961,1840016553
Wilsonville,Wilsonville,Alabama,1117,Shelby,33.2346,-86.4884,1998,72.6,shape,false,true,America/Chicago,3,35186,1840016850
Grove Hill,Grove Hill,Alabama,1025,Clarke,31.7006,-87.7748,1995,101.5,shape,false,true,America/Chicago,4,36451,1840005924
Sylvania,Sylvania,Alabama,1049,DeKalb,34.5616,-85.8056,1971,89.4,shape,false,true,America/Chicago,3,35988 35968,1840016558
Cordova,Cordova,Alabama,1127,Walker,33.7613,-87.1926,1971,130.5,shape,false,true,America/Chicago,3,35550,1840014767
Lillian,Lillian,Alabama,1003,Baldwin,30.4122,-87.432,1946,393.5,shape,false,false,America/Chicago,3,36549,1840025228
Sardis City,Sardis City,Alabama,1055,Etowah,34.1749,-86.1125,1941,95.3,shape,false,true,America/Chicago,3,35956,1840017967
Malvern,Malvern,Alabama,1061,Geneva,31.1428,-85.521,1926,53.0,shape,false,true,America/Chicago,3,36375 36301 36305,1840017137
Reform,Reform,Alabama,1107,Pickens,33.3788,-88.0173,1913,92.2,shape,false,true,America/Chicago,3,35481,1840018010
Rehobeth,Rehobeth,Alabama,1069,Houston,31.1242,-85.4383,1896,97.8,shape,false,true,America/Chicago,3,36301,1840018195
Selmont-West Selmont,Selmont-West Selmont,Alabama,1047,Dallas,32.3784,-87.0074,1894,223.1,shape,false,true,America/Chicago,3,36703 36701,1840035626
Level Plains,Level Plains,Alabama,1045,Dale,31.3071,-85.7687,1889,237.8,shape,false,true,America/Chicago,3,36330 36322,1840017083
Gordo,Gordo,Alabama,1107,Pickens,33.3221,-87.904,1874,222.4,shape,false,true,America/Chicago,3,35466,1840003367
Slocomb,Slocomb,Alabama,1061,Geneva,31.1103,-85.5954,1860,75.7,shape,false,true,America/Chicago,3,36375 36349,1840015884
Blountsville,Blountsville,Alabama,1009,Blount,34.0814,-86.5867,1837,130.8,shape,false,true,America/Chicago,3,35031,1840015600
Midland City,Midland City,Alabama,1045,Dale,31.3157,-85.4937,1823,116.2,shape,false,true,America/Chicago,3,36350,1840017084
Vernon,Vernon,Alabama,1075,Lamar,33.7588,-88.1143,1801,118.0,shape,false,true,America/Chicago,4,35592,1840005593
Dauphin Island,Dauphin Island,Alabama,1097,Mobile,30.2525,-88.1438,1793,110.7,shape,false,true,America/Chicago,3,36528,1840017141
Point Clear,Point Clear,Alabama,1003,Baldwin,30.4898,-87.9112,1755,147.6,shape,false,false,America/Chicago,3,36564 36532,1840013883
Uniontown,Uniontown,Alabama,1105,Perry,32.449,-87.4958,1754,44.6,shape,false,true,America/Chicago,3,36786,1840016959
Florala,Florala,Alabama,1039,Covington,31.0176,-86.3138,1745,64.0,shape,false,true,America/Chicago,4,36442,1840007209
Munford,Munford,Alabama,1121,Talladega,33.5258,-85.9555,1743,262.8,shape,false,true,America/Chicago,3,36268,1840022952
Fort Deposit,Fort Deposit,Alabama,1085,Lowndes,31.9863,-86.5664,1734,118.3,shape,false,true,America/Chicago,4,36032,1840002146
Concord,Concord,Alabama,1073,Jefferson,33.4674,-87.0392,1698,194.8,shape,false,false,America/Chicago,3,35023,1840013094
Vincent,Vincent,Alabama,1117,Shelby,33.3849,-86.4087,1679,31.5,shape,false,true,America/Chicago,3,35178,1840016848
Ashland,Ashland,Alabama,1027,Clay,33.2703,-85.8337,1674,88.0,shape,false,true,America/Chicago,4,36251,1840006738
Cedar Bluff,Cedar Bluff,Alabama,1019,Cherokee,34.2217,-85.5882,1672,134.2,shape,false,true,America/Chicago,4,35959,1840005812
Stewartville,Stewartville,Alabama,1037,Coosa,33.0725,-86.2658,1669,26.7,shape,false,false,America/Chicago,3,35151 35183,1840023022
Grant,Grant,Alabama,1095,Marshall,34.519,-86.2492,1667,347.6,shape,false,true,America/Chicago,3,35747,1840016620
Frisco City,Frisco City,Alabama,1099,Monroe,31.4353,-87.4037,1656,158.7,shape,false,true,America/Chicago,4,36445,1840005003
Harpersville,Harpersville,Alabama,1117,Shelby,33.3184,-86.4286,1654,30.0,shape,false,true,America/Chicago,3,35078,1840016847
Vance,Vance,Alabama,1125,Tuscaloosa,33.1746,-87.2314,1646,62.4,shape,false,true,America/Chicago,3,35188 35490,1840016842
Flomaton,Flomaton,Alabama,1053,Escambia,31.0127,-87.2541,1606,121.9,shape,false,true,America/Chicago,4,36441,1840006309
Hayden,Hayden,Alabama,1009,Blount,33.8818,-86.7842,1579,141.8,shape,false,true,America/Chicago,3,35180 35079,1840015601
Elmore,Elmore,Alabama,1051,Elmore,32.5552,-86.3425,1573,96.8,shape,false,true,America/Chicago,3,36022 36025,1840016966
West Blocton,West Blocton,Alabama,1007,Bibb,33.1186,-87.1253,1561,125.6,shape,false,true,America/Chicago,3,35184,1840016894
Ragland,Ragland,Alabama,1115,St. Clair,33.7469,-86.1384,1552,35.7,shape,false,true,America/Chicago,3,35131,1840017994
Bear Creek,Bear Creek,Alabama,1093,Marion,34.2651,-87.7164,1549,43.9,shape,false,true,America/Chicago,3,35581 35543,1840015585
Newton,Newton,Alabama,1045,Dale,31.3423,-85.5893,1528,41.4,shape,false,true,America/Chicago,3,36350 36352 36360,1840017088
Sylvan Springs,Sylvan Springs,Alabama,1073,Jefferson,33.5302,-87.0312,1521,63.2,shape,false,true,America/Chicago,3,35118,1840016803
Steele,Steele,Alabama,1115,St. Clair,33.937,-86.2004,1515,87.1,shape,false,true,America/Chicago,3,35987,1840016773
Samson,Samson,Alabama,1061,Geneva,31.1124,-86.0462,1513,161.5,shape,false,true,America/Chicago,3,36477,1840015883
Smoke Rise,Smoke Rise,Alabama,1009,Blount,33.8789,-86.824,1504,101.4,shape,false,false,America/Chicago,3,35180,1840013654
Summerdale,Summerdale,Alabama,1003,Baldwin,30.4783,-87.6904,1497,57.0,shape,false,true,America/Chicago,3,36535 36580,1840017126
Carbon Hill,Carbon Hill,Alabama,1127,Walker,33.8944,-87.5224,1472,103.1,shape,false,true,America/Chicago,3,35549,1840014766
Mount Vernon,Mount Vernon,Alabama,1097,Mobile,31.0889,-88.0137,1463,103.1,shape,false,true,America/Chicago,3,36560,1840017140
Hackleburg,Hackleburg,Alabama,1093,Marion,34.2693,-87.8303,1463,37.0,shape,false,true,America/Chicago,3,35564,1840016697
Sulligent,Sulligent,Alabama,1075,Lamar,33.8912,-88.1266,1459,71.9,shape,false,true,America/Chicago,3,35586,1840015636
Rock Creek,Rock Creek,Alabama,1073,Jefferson,33.4772,-87.0812,1446,185.1,shape,false,false,America/Chicago,3,35023,1840027632
Parrish,Parrish,Alabama,1127,Walker,33.7323,-87.2802,1433,264.3,shape,false,true,America/Chicago,3,35580,1840016770
Georgiana,Georgiana,Alabama,1013,Butler,31.6391,-86.7468,1423,88.1,shape,false,true,America/Chicago,4,36033,1840003191
Falkville,Falkville,Alabama,1103,Morgan,34.3793,-86.9086,1422,145.3,shape,false,true,America/Chicago,4,35622,1840002079
Clio,Clio,Alabama,1005,Barbour,31.7085,-85.6109,1415,54.3,shape,false,true,America/Chicago,3,36017,1840014926
Webb,Webb,Alabama,1069,Houston,31.2572,-85.2896,1395,47.8,shape,false,true,America/Chicago,3,36376,1840017134
Woodstock,Woodstock,Alabama,1007,Bibb,33.2193,-87.149,1391,75.8,shape,false,true,America/Chicago,3,35188 35111,1840016895
Double Springs,Double Springs,Alabama,1133,Winston,34.1502,-87.391,1361,102.7,shape,false,true,America/Chicago,4,35553,1840007127
Altoona,Altoona,Alabama,1055,Etowah,34.0308,-86.3179,1358,117.0,shape,false,true,America/Chicago,4,35952,1840000720
Coats Bend,Coats Bend,Alabama,1055,Etowah,34.0774,-85.8742,1353,61.1,shape,false,true,America/Chicago,4,35901,1840075147
Rogersville,Rogersville,Alabama,1077,Lauderdale,34.8251,-87.2821,1350,171.9,shape,false,true,America/Chicago,3,35652,1840017891
Killen,Killen,Alabama,1077,Lauderdale,34.8607,-87.5268,1344,256.3,shape,false,true,America/Chicago,3,35645,1840016503
Magnolia Springs,Magnolia Springs,Alabama,1003,Baldwin,30.4003,-87.7749,1325,569.2,shape,false,true,America/Chicago,3,36535 36555,1840017124
Camp Hill,Camp Hill,Alabama,1123,Tallapoosa,32.8002,-85.6536,1321,56.7,shape,false,true,America/Chicago,3,36850,1840015761
Locust Fork,Locust Fork,Alabama,1009,Blount,33.8957,-86.6302,1316,130.5,shape,false,true,America/Chicago,3,35133 35097,1840016717
Susan Moore,Susan Moore,Alabama,1009,Blount,34.0804,-86.4228,1311,93.6,shape,false,true,America/Chicago,3,35952 35031 35121,1840016720
Ardmore,Ardmore,Alabama,1083,Limestone,34.9847,-86.8373,1304,246.5,shape,false,true,America/Chicago,3,35739,1840015515
Millport,Millport,Alabama,1075,Lamar,33.5586,-88.0817,1288,90.6,shape,false,true,America/Chicago,3,35576,1840016756
Lookout Mountain,Lookout Mountain,Alabama,1055,Etowah,34.1091,-85.9585,1287,32.6,shape,false,true,America/Chicago,4,35904,1840075152
Egypt,Egypt,Alabama,1055,Etowah,34.076,-86.1651,1282,54.9,shape,false,false,America/Chicago,3,35952 35956,1840022888
New Brockton,New Brockton,Alabama,1031,Coffee,31.3785,-85.9228,1282,62.1,shape,false,true,America/Chicago,3,36351,1840017091
Blue Ridge,Blue Ridge,Alabama,1051,Elmore,32.501,-86.1839,1282,63.8,shape,false,false,America/Chicago,3,36093,1840013806
Cleveland,Cleveland,Alabama,1009,Blount,33.9964,-86.5671,1252,61.6,shape,false,true,America/Chicago,3,35049 35121,1840016718
Cottonwood,Cottonwood,Alabama,1069,Houston,31.0552,-85.3008,1244,83.1,shape,false,true,America/Chicago,3,36320,1840017130
Fyffe,Fyffe,Alabama,1049,DeKalb,34.449,-85.9052,1232,95.8,shape,false,true,America/Chicago,4,35971,1840004830
Snead,Snead,Alabama,1009,Blount,34.1162,-86.3902,1227,83.5,shape,false,true,America/Chicago,3,35952,1840017964
Fayetteville,Fayetteville,Alabama,1121,Talladega,33.1643,-86.4412,1222,27.0,shape,false,false,America/Chicago,3,35151 35044,1840022953
Ballplay,Ballplay,Alabama,1055,Etowah,34.0179,-85.7852,1181,19.4,shape,false,false,America/Chicago,3,35903 36272,1840022887
Shoal Creek,Shoal Creek,Alabama,1117,Shelby,33.4328,-86.6071,1171,89.7,shape,false,true,America/Chicago,4,35242,1840075164
Vandiver,Vandiver,Alabama,1117,Shelby,33.4601,-86.5247,1166,22.2,shape,false,false,America/Chicago,3,35147 35176,1840022967
Brookside,Brookside,Alabama,1073,Jefferson,33.6372,-86.9002,1157,70.8,shape,false,true,America/Chicago,3,35214 35117 35073 35036,1840015669
Brilliant,Brilliant,Alabama,1093,Marion,34.0256,-87.7691,1145,41.7,shape,false,true,America/Chicago,3,35594 35548,1840015586
Dunnavant,Dunnavant,Alabama,1117,Shelby,33.4977,-86.5421,1134,22.7,shape,false,true,America/Chicago,4,35094,1840037812
Geraldine,Geraldine,Alabama,1049,DeKalb,34.3579,-86.0037,1122,113.3,shape,false,true,America/Chicago,4,35974,1840004919
Goodwater,Goodwater,Alabama,1037,Coosa,33.0608,-86.0516,1117,66.4,shape,false,true,America/Chicago,4,35072,1840007377
Skyline,Skyline,Alabama,1071,Jackson,34.7986,-86.1228,1114,108.0,shape,false,true,America/Chicago,3,35768 35776,1840017900
Gallant,Gallant,Alabama,1055,Etowah,34.0013,-86.2304,1111,29.8,shape,false,false,America/Chicago,3,35972,1840022889
Eclectic,Eclectic,Alabama,1051,Elmore,32.6387,-86.0387,1108,104.0,shape,false,true,America/Chicago,3,36024,1840016965
New Market,New Market,Alabama,1089,Madison,34.8892,-86.4226,1095,24.1,shape,false,false,America/Chicago,3,35761,1840013548
Coosada,Coosada,Alabama,1051,Elmore,32.4984,-86.3279,1088,60.9,shape,false,true,America/Chicago,3,36020,1840016963
Leroy,Leroy,Alabama,1129,Washington,31.4952,-87.969,1061,34.4,shape,false,false,America/Chicago,3,36548,1840025960
Pisgah,Pisgah,Alabama,1071,Jackson,34.6844,-85.846,1053,84.7,shape,false,true,America/Chicago,3,35765,1840016529
Woodville,Woodville,Alabama,1071,Jackson,34.6256,-86.2792,1053,61.4,shape,false,true,America/Chicago,3,35776,1840016527
Autaugaville,Autaugaville,Alabama,1001,Autauga,32.432,-86.6578,1047,51.6,shape,false,true,America/Chicago,3,36003,1840015797
Carrollton,Carrollton,Alabama,1107,Pickens,33.2619,-88.0951,1043,195.6,shape,false,true,America/Chicago,4,35447,1840004806
Town Creek,Town Creek,Alabama,1079,Lawrence,34.6718,-87.4063,1040,149.8,shape,false,true,America/Chicago,3,35672,1840016591
Tidmore Bend,Tidmore Bend,Alabama,1055,Etowah,34.0324,-85.9253,1007,40.4,shape,false,true,America/Chicago,4,35901,1840075168
Coker,Coker,Alabama,1125,Tuscaloosa,33.2446,-87.68,1006,199.2,shape,false,true,America/Chicago,3,35452,1840016841
Douglas,Douglas,Alabama,1095,Marshall,34.1705,-86.3224,1001,113.5,shape,false,true,America/Chicago,3,35957 35980 35964,1840016619
Forkland,Forkland,Alabama,1063,Greene,32.6489,-87.8671,995,110.0,shape,false,true,America/Chicago,4,36740,1840002097
Redstone Arsenal,Redstone Arsenal,Alabama,1089,Madison,34.6645,-86.653,991,17.5,shape,true,true,America/Chicago,4,35808 35812 35898,1840035873
Powell,Powell,Alabama,1049,DeKalb,34.5326,-85.8975,989,79.5,shape,false,true,America/Chicago,3,35986 35971,1840017914
Ohatchee,Ohatchee,Alabama,1015,Calhoun,33.7877,-86.0281,988,64.9,shape,false,true,America/Chicago,3,36271,1840016782
Berry,Berry,Alabama,1057,Fayette,33.6623,-87.6079,983,35.3,shape,false,true,America/Chicago,3,35546,1840015661
Baileyton,Baileyton,Alabama,1043,Cullman,34.2609,-86.6083,982,72.1,shape,false,true,America/Chicago,3,35019,1840015588
Hobson City,Hobson City,Alabama,1015,Calhoun,33.6148,-85.8561,978,361.1,shape,false,true,America/Chicago,3,36203 36201,1840016781
Hollywood,Hollywood,Alabama,1071,Jackson,34.7195,-85.9641,967,41.1,shape,false,true,America/Chicago,3,35769 35752,1840016522
Notasulga,Notasulga,Alabama,1087,Macon,32.5573,-85.6692,966,26.7,shape,false,true,America/Chicago,3,36866,1840016981
Minor,Minor,Alabama,1073,Jefferson,33.539,-86.9401,965,561.3,shape,false,false,America/Chicago,3,35224,1840013726
Allgood,Allgood,Alabama,1009,Blount,33.9064,-86.5178,953,354.2,shape,false,true,America/Chicago,3,35013 35121,1840015599
Wadley,Wadley,Alabama,1111,Randolph,33.1239,-85.5683,950,252.1,shape,false,true,America/Chicago,3,36276,1840016864
Oak Grove,Oak Grove,Alabama,1121,Talladega,33.1927,-86.304,930,194.6,shape,false,true,America/Chicago,3,35151 35150,1840016831
Brantley,Brantley,Alabama,1041,Crenshaw,31.5823,-86.2569,927,115.2,shape,false,true,America/Chicago,3,36009,1840015844
Lynn,Lynn,Alabama,1133,Winston,34.0548,-87.5555,908,32.9,shape,false,true,America/Chicago,3,35565 35575,1840016709
Wedowee,Wedowee,Alabama,1111,Randolph,33.3078,-85.4864,906,100.1,shape,false,true,America/Chicago,4,36278,1840005602
Hayneville,Hayneville,Alabama,1085,Lowndes,32.1822,-86.5787,900,186.7,shape,false,true,America/Chicago,4,36040,1840003774
Oakman,Oakman,Alabama,1127,Walker,33.7141,-87.389,898,112.5,shape,false,true,America/Chicago,3,35579,1840016769
Cherokee,Cherokee,Alabama,1033,Colbert,34.7577,-87.967,890,155.0,shape,false,true,America/Chicago,3,35616,1840016548
Walnut Grove,Walnut Grove,Alabama,1055,Etowah,34.0641,-86.2863,873,67.1,shape,false,true,America/Chicago,3,35952 35990,1840016722
South Vinemont,South Vinemont,Alabama,1043,Cullman,34.2349,-86.8642,865,368.5,shape,false,true,America/Chicago,3,35058 35179,1840017959
Pine Hill,Pine Hill,Alabama,1131,Wilcox,31.9859,-87.5872,846,85.6,shape,false,true,America/Chicago,3,36769,1840017026
Rockford,Rockford,Alabama,1037,Coosa,32.8895,-86.215,845,98.6,shape,false,true,America/Chicago,4,35136,1840005393
Section,Section,Alabama,1071,Jackson,34.5816,-85.9849,828,69.9,shape,false,true,America/Chicago,3,35771,1840017899
Littleville,Littleville,Alabama,1033,Colbert,34.595,-87.6719,821,63.8,shape,false,true,America/Chicago,3,35674 35654,1840016547
White Plains,White Plains,Alabama,1015,Calhoun,33.7603,-85.688,815,24.6,shape,false,false,America/Chicago,3,36207,1840022932
Maplesville,Maplesville,Alabama,1021,Chilton,32.7867,-86.8783,812,91.3,shape,false,true,America/Chicago,3,36750,1840016919
New Union,New Union,Alabama,1055,Etowah,34.1422,-86.2218,811,25.4,shape,false,true,America/Chicago,4,35956,1840075158
Valley Head,Valley Head,Alabama,1049,DeKalb,34.5558,-85.6224,810,82.8,shape,false,true,America/Chicago,3,35989,1840016559
Gilbertown,Gilbertown,Alabama,1023,Choctaw,31.8663,-88.3075,809,29.7,shape,false,true,America/Chicago,4,36908,1840003209
Pea Ridge,Pea Ridge,Alabama,1117,Shelby,33.1454,-86.9372,807,19.9,shape,false,false,America/Chicago,3,35115,1840148916
Lexington,Lexington,Alabama,1077,Lauderdale,34.9652,-87.3735,806,96.2,shape,false,true,America/Chicago,3,35648,1840016504
Columbia,Columbia,Alabama,1069,Houston,31.2968,-85.1103,805,79.1,shape,false,true,America/New_York,3,36319,1840017129
Shelby,Shelby,Alabama,1117,Shelby,33.1068,-86.5825,799,16.4,shape,false,false,America/Chicago,3,35051 35143,1840022965
Kinston,Kinston,Alabama,1031,Coffee,31.22,-86.1705,797,62.9,shape,false,true,America/Chicago,3,36467 36453,1840017090
Ariton,Ariton,Alabama,1045,Dale,31.5978,-85.7131,795,60.3,shape,false,true,America/Chicago,4,36311,1840004920
Edgewater,Edgewater,Alabama,1073,Jefferson,33.5287,-86.9572,793,263.9,shape,false,false,America/Chicago,3,35224,1840013093
Mosses,Mosses,Alabama,1085,Lowndes,32.1802,-86.6888,789,64.2,shape,false,true,America/Chicago,3,36040,1840017006
Franklin,Franklin,Alabama,1087,Macon,32.4513,-85.7864,773,19.8,shape,false,true,America/Chicago,3,36083,1840016980
Courtland,Courtland,Alabama,1079,Lawrence,34.6703,-87.326,769,100.6,shape,false,true,America/Chicago,3,35618,1840016590
Rosa,Rosa,Alabama,1009,Blount,33.9899,-86.5045,763,70.2,shape,false,true,America/Chicago,3,35031 35121,1840017963
Holly Pond,Holly Pond,Alabama,1043,Cullman,34.1696,-86.6125,761,75.1,shape,false,true,America/Chicago,3,35055 35083,1840016698
Leesburg,Leesburg,Alabama,1019,Cherokee,34.1839,-85.775,756,46.3,shape,false,true,America/Chicago,3,35983,1840016636
White Hall,White Hall,Alabama,1085,Lowndes,32.2993,-86.7148,752,19.0,shape,false,true,America/Chicago,3,36785 36752 36040,1840017009
New Site,New Site,Alabama,1123,Tallapoosa,33.0282,-85.7801,746,29.2,shape,false,true,America/Chicago,3,36256,1840016915
Our Town,Our Town,Alabama,1123,Tallapoosa,32.8304,-85.9687,738,24.0,shape,false,false,America/Chicago,3,35010,1840023017
Leighton,Leighton,Alabama,1033,Colbert,34.6941,-87.5282,734,131.4,shape,false,true,America/Chicago,3,35646,1840016546
Eva,Eva,Alabama,1103,Morgan,34.3272,-86.7614,733,66.3,shape,false,true,America/Chicago,4,35621,1840001840
Sterrett,Sterrett,Alabama,1117,Shelby,33.449,-86.4645,733,12.3,shape,false,false,America/Chicago,3,35147 35178,1840022966
Pinckard,Pinckard,Alabama,1045,Dale,31.3173,-85.543,724,52.4,shape,false,true,America/Chicago,3,36371 36350,1840017089
Mulga,Mulga,Alabama,1073,Jefferson,33.5521,-86.973,720,313.1,shape,false,true,America/Chicago,3,35118 35005,1840016802
Sand Rock,Sand Rock,Alabama,1019,Cherokee,34.2312,-85.7704,720,54.8,shape,false,true,America/Chicago,3,35983,1840017941
Phil Campbell,Phil Campbell,Alabama,1059,Franklin,34.3519,-87.7072,717,64.2,shape,false,true,America/Chicago,3,35581,1840016626
Brantleyville,Brantleyville,Alabama,1117,Shelby,33.2196,-86.882,716,125.9,shape,false,false,America/Chicago,3,35114,1840022963
Reece City,Reece City,Alabama,1055,Etowah,34.0772,-86.0345,711,77.1,shape,false,true,America/Chicago,3,35954,1840017965
McKenzie,McKenzie,Alabama,1013,Butler,31.5429,-86.7246,711,73.7,shape,false,true,America/Chicago,3,36456,1840017055
Silverhill,Silverhill,Alabama,1003,Baldwin,30.5455,-87.7506,711,218.6,shape,false,true,America/Chicago,3,36576,1840018194
Pickensville,Pickensville,Alabama,1107,Pickens,33.2336,-88.2744,706,35.1,shape,false,true,America/Chicago,4,35447,1840005373
Chatom,Chatom,Alabama,1129,Washington,31.4691,-88.246,702,25.3,shape,false,true,America/Chicago,4,36518,1840001112
Belle Fontaine,Belle Fontaine,Alabama,1097,Mobile,30.492,-88.1131,699,173.8,shape,false,true,America/Chicago,4,36582,1840023701
Ivalee,Ivalee,Alabama,1055,Etowah,34.0372,-86.1472,688,35.6,shape,false,false,America/Chicago,3,35954,1840022890
McDonald Chapel,McDonald Chapel,Alabama,1073,Jefferson,33.519,-86.9385,686,248.9,shape,false,false,America/Chicago,3,35224,1840013725
Wilton,Wilton,Alabama,1117,Shelby,33.0813,-86.8799,685,276.2,shape,false,true,America/Chicago,3,35115,1840016851
Fairview,Fairview,Alabama,1043,Cullman,34.2501,-86.6846,681,134.1,shape,false,true,America/Chicago,4,35058,1840002078
Mignon,Mignon,Alabama,1121,Talladega,33.1948,-86.265,681,131.3,shape,false,false,America/Chicago,3,35150,1840027518
Somerville,Somerville,Alabama,1103,Morgan,34.4679,-86.7909,671,74.8,shape,false,true,America/Chicago,4,35670,1840004313
Addison,Addison,Alabama,1133,Winston,34.2017,-87.1765,665,68.2,shape,false,true,America/Chicago,3,35540,1840015589
St. Florian,St. Florian,Alabama,1077,Lauderdale,34.8739,-87.6241,636,56.2,shape,false,true,America/Chicago,3,35634,1840017892
Pine Ridge,Pine Ridge,Alabama,1049,DeKalb,34.4487,-85.7806,635,184.1,shape,false,true,America/Chicago,3,35968,1840016560
Pennington,Pennington,Alabama,1023,Choctaw,32.201,-88.0378,628,46.5,shape,false,true,America/Chicago,3,36916,1840017019
Ider,Ider,Alabama,1049,DeKalb,34.7026,-85.669,626,44.5,shape,false,true,America/Chicago,3,35981 35978,1840016550
Perdido,Perdido,Alabama,1003,Baldwin,31.0034,-87.6323,621,21.5,shape,false,false,America/Chicago,3,36562,1840027534
West Point,West Point,Alabama,1043,Cullman,34.2394,-86.963,613,64.9,shape,false,true,America/Chicago,3,35057 35179,1840016704
Louisville,Louisville,Alabama,1005,Barbour,31.781,-85.5583,612,86.0,shape,false,true,America/Chicago,4,36048,1840003795
Hollis Crossroads,Hollis Crossroads,Alabama,1029,Cleburne,33.5231,-85.6437,607,18.8,shape,false,false,America/Chicago,3,36264 36258,1840022933
Garden City,Garden City,Alabama,1043,Cullman,34.015,-86.7493,598,102.2,shape,false,true,America/Chicago,4,35077 35070,1840002685
Hackneyville,Hackneyville,Alabama,1123,Tallapoosa,33.0567,-85.9312,594,25.6,shape,false,false,America/Chicago,3,35072 35010,1840023016
Gurley,Gurley,Alabama,1089,Madison,34.7072,-86.3768,580,60.9,shape,false,true,America/Chicago,3,35748,1840016519
Epes,Epes,Alabama,1119,Sumter,32.6906,-88.1405,579,33.9,shape,false,true,America/Chicago,3,35460,1840016949
Babbie,Babbie,Alabama,1039,Covington,31.3022,-86.3229,575,19.4,shape,false,true,America/Chicago,3,36467 36421,1840015865
Arley,Arley,Alabama,1133,Winston,34.0885,-87.2075,569,58.4,shape,false,true,America/Chicago,4,35541,1840006641
Woodland,Woodland,Alabama,1111,Randolph,33.3756,-85.3974,568,140.7,shape,false,true,America/Chicago,3,36280,1840016866
Millry,Millry,Alabama,1129,Washington,31.6256,-88.319,563,29.0,shape,false,true,America/Chicago,3,36558,1840017081
Hillsboro,Hillsboro,Alabama,1079,Lawrence,34.6407,-87.1838,559,114.7,shape,false,true,America/Chicago,3,35643,1840016589
Ranburne,Ranburne,Alabama,1029,Cleburne,33.5259,-85.339,547,133.2,shape,false,true,America/Chicago,3,36273,1840017996
Hytop,Hytop,Alabama,1071,Jackson,34.8965,-86.088,544,60.7,shape,false,true,America/Chicago,3,35768,1840016523
Pleasant Groves,Pleasant Groves,Alabama,1071,Jackson,34.735,-86.2054,539,57.1,shape,false,true,America/Chicago,4,35776,1840073888
Jacksons' Gap,Jacksons' Gap,Alabama,1123,Tallapoosa,32.8831,-85.8151,537,24.3,shape,false,true,America/Chicago,4,36861,1840025222
Berlin,Berlin,Alabama,1043,Cullman,34.1862,-86.7473,532,150.9,shape,false,true,America/Chicago,3,35058 35055,1840146895
Grimes,Grimes,Alabama,1045,Dale,31.2999,-85.4503,529,163.0,shape,false,true,America/Chicago,4,36303 36350,1840003500
Dodge City,Dodge City,Alabama,1043,Cullman,34.0445,-86.8853,527,57.9,shape,false,true,America/Chicago,3,35057 35077,1840016700
Trafford,Trafford,Alabama,1073,Jefferson,33.8187,-86.7465,511,71.9,shape,false,true,America/Chicago,3,35180 35172,1840016804
Midway,Midway,Alabama,1011,Bullock,32.0764,-85.5244,507,59.2,shape,false,true,America/Chicago,3,36053,1840017020
West Jefferson,West Jefferson,Alabama,1073,Jefferson,33.6526,-87.0562,507,104.5,shape,false,true,America/Chicago,3,35130 35062,1840016805
Hurtsboro,Hurtsboro,Alabama,1113,Russell,32.2401,-85.4147,506,189.2,shape,false,true,America/Chicago,3,36860,1840016999
Newville,Newville,Alabama,1067,Henry,31.4206,-85.3367,503,48.3,shape,false,true,America/Chicago,3,36353,1840017073
Dozier,Dozier,Alabama,1041,Crenshaw,31.5031,-86.3694,502,65.7,shape,false,true,America/Chicago,3,36028,1840017043
River Falls,River Falls,Alabama,1039,Covington,31.3525,-86.5412,500,28.2,shape,false,true,America/Chicago,3,36474 36476 36421,1840018177
North Courtland,North Courtland,Alabama,1079,Lawrence,34.6788,-87.3083,494,288.0,shape,false,true,America/Chicago,3,35618,1840016592
Nectar,Nectar,Alabama,1009,Blount,33.9686,-86.6346,476,101.5,shape,false,true,America/Chicago,3,35079 35049,1840016721
Red Level,Red Level,Alabama,1039,Covington,31.4055,-86.6084,476,95.6,shape,false,true,America/Chicago,3,36474,1840018176
Excel,Excel,Alabama,1099,Monroe,31.4264,-87.3433,473,110.9,shape,false,true,America/Chicago,4,36460 36445 36439,1840004979
Millerville,Millerville,Alabama,1027,Clay,33.1926,-85.9302,473,27.3,shape,false,false,America/Chicago,3,35072 36267 36251,1840022974
St. Stephens,St. Stephens,Alabama,1129,Washington,31.5474,-88.0556,471,18.4,shape,false,false,America/Chicago,3,36569,1840004299
Ray,Ray,Alabama,1037,Coosa,32.8795,-86.0388,466,19.0,shape,false,false,America/Chicago,3,35010,1840023021
Perdido Beach,Perdido Beach,Alabama,1003,Baldwin,30.3554,-87.5036,464,151.2,shape,false,true,America/Chicago,3,36530,1840023131
Reeltown,Reeltown,Alabama,1123,Tallapoosa,32.5788,-85.8189,462,23.6,shape,false,false,America/Chicago,3,36078 36866,1840023018
Nances Creek,Nances Creek,Alabama,1015,Calhoun,33.8588,-85.6733,459,30.5,shape,false,false,America/Chicago,3,36265 36272,1840022931
Lisman,Lisman,Alabama,1023,Choctaw,32.1792,-88.3002,453,67.6,shape,false,true,America/Chicago,3,36912,1840017015
Dutton,Dutton,Alabama,1071,Jackson,34.6062,-85.9119,451,201.5,shape,false,true,America/Chicago,3,35744,1840016525
Avon,Avon,Alabama,1069,Houston,31.1797,-85.279,450,73.5,shape,false,true,America/Chicago,3,36312,1840015881
Goshen,Goshen,Alabama,1109,Pike,31.7182,-86.1242,447,67.4,shape,false,true,America/Chicago,4,36035,1840003403
Highland Lake,Highland Lake,Alabama,1009,Blount,33.8876,-86.4244,444,105.1,shape,false,true,America/Chicago,3,35121,1840015602
Fulton,Fulton,Alabama,1025,Clarke,31.7916,-87.7396,437,68.8,shape,false,true,America/Chicago,4,36446 36451,1840002425
Napier Field,Napier Field,Alabama,1045,Dale,31.3147,-85.455,430,333.8,shape,false,true,America/Chicago,3,36303,1840017085
Rock Mills,Rock Mills,Alabama,1111,Randolph,33.1563,-85.2862,430,26.2,shape,false,false,America/Chicago,3,36274,1840013762
Kennedy,Kennedy,Alabama,1075,Lamar,33.581,-87.9859,427,51.6,shape,false,true,America/Chicago,3,35574,1840016755
Clayhatchee,Clayhatchee,Alabama,1045,Dale,31.2434,-85.7136,427,60.7,shape,false,true,America/Chicago,3,36322,1840017086
Fruithurst,Fruithurst,Alabama,1029,Cleburne,33.7295,-85.4313,426,164.4,shape,false,true,America/Chicago,4,36262,1840002170
Black,Black,Alabama,1061,Geneva,31.0099,-85.744,423,40.3,shape,false,true,America/Chicago,3,36314,1840015882
Shiloh,Shiloh,Alabama,1049,DeKalb,34.4604,-85.8767,422,76.4,shape,false,true,America/Chicago,3,35986 35971,1840017915
Hollins,Hollins,Alabama,1027,Clay,33.1214,-86.129,421,13.7,shape,false,false,America/Chicago,3,35072,1840022973
Stockton,Stockton,Alabama,1003,Baldwin,30.9946,-87.86,420,17.4,shape,false,false,America/Chicago,3,36507 36579,1840027498
Nixburg,Nixburg,Alabama,1037,Coosa,32.864,-86.0976,410,21.2,shape,false,false,America/Chicago,3,35010 35089,1840042839
Hammondville,Hammondville,Alabama,1049,DeKalb,34.5688,-85.6394,409,32.6,shape,false,true,America/Chicago,3,35989,1840016557
Uriah,Uriah,Alabama,1099,Monroe,31.3074,-87.4992,397,95.4,shape,false,false,America/Chicago,3,36480,1840025944
Weogufka,Weogufka,Alabama,1037,Coosa,33.0219,-86.3096,397,29.9,shape,false,false,America/Chicago,3,35151 35183,1840023023
Glen Allen,Glen Allen,Alabama,1057,Fayette,33.8922,-87.7329,396,23.4,shape,false,true,America/Chicago,4,35559 35594 35554,1840005839
Vina,Vina,Alabama,1059,Franklin,34.3757,-88.0602,389,31.3,shape,false,true,America/Chicago,3,35593,1840016625
Silas,Silas,Alabama,1023,Choctaw,31.7678,-88.3258,387,28.7,shape,false,true,America/Chicago,3,36919,1840018123
Joppa,Joppa,Alabama,1043,Cullman,34.2982,-86.5506,378,75.1,shape,false,false,America/Chicago,3,35016 35087,1840025862
Thomaston,Thomaston,Alabama,1091,Marengo,32.2683,-87.6237,377,72.3,shape,false,true,America/Chicago,3,36783,1840016998
Gordon,Gordon,Alabama,1069,Houston,31.1436,-85.0925,356,47.1,shape,false,true,America/Chicago,4,36343,1840006413
Castleberry,Castleberry,Alabama,1035,Conecuh,31.3001,-87.0269,350,79.0,shape,false,true,America/Chicago,3,36432,1840017079
Belk,Belk,Alabama,1057,Fayette,33.6517,-87.9286,347,96.7,shape,false,true,America/Chicago,3,35545 35555,1840015660
Shorter,Shorter,Alabama,1087,Macon,32.4077,-85.9413,344,29.3,shape,false,true,America/Chicago,3,36075,1840018092
Mentone,Mentone,Alabama,1049,DeKalb,34.5655,-85.5846,342,30.8,shape,false,true,America/Chicago,3,35984,1840016552
East Point,East Point,Alabama,1043,Cullman,34.1857,-86.7928,339,134.6,shape,false,false,America/Chicago,3,35055,1840025861
Hatton,Hatton,Alabama,1079,Lawrence,34.5611,-87.4136,336,97.3,shape,false,false,America/Chicago,3,35672,1840025845
Abanda,Abanda,Alabama,1017,Chambers,33.0926,-85.5253,335,43.1,shape,false,false,America/Chicago,3,36276,1840023012
Cuba,Cuba,Alabama,1119,Sumter,32.441,-88.3755,327,31.1,shape,false,true,America/Chicago,3,36907,1840016947
Elkmont,Elkmont,Alabama,1083,Limestone,34.9289,-86.9765,321,75.5,shape,false,true,America/Chicago,3,35620,1840016511
Hodges,Hodges,Alabama,1059,Franklin,34.334,-87.9299,315,29.5,shape,false,true,America/Chicago,3,35571,1840016624
McIntosh,McIntosh,Alabama,1129,Washington,31.2649,-88.0284,315,122.1,shape,false,true,America/Chicago,4,36553,1840005189
Twin,Twin,Alabama,1093,Marion,33.9978,-87.8497,314,35.9,shape,false,true,America/Chicago,3,35563,1840022874
Lockhart,Lockhart,Alabama,1039,Covington,31.0128,-86.3505,313,111.1,shape,false,true,America/Chicago,3,36442 36455,1840017095
Newbern,Newbern,Alabama,1065,Hale,32.592,-87.5331,310,103.0,shape,false,true,America/Chicago,3,36765,1840016943
Akron,Akron,Alabama,1065,Hale,32.8785,-87.7429,310,174.5,shape,false,true,America/Chicago,3,35441,1840015775
Boykin,Boykin,Alabama,1131,Wilcox,32.0696,-87.2915,305,42.1,shape,false,false,America/Chicago,3,36723,1840025922
Banks,Banks,Alabama,1109,Pike,31.8132,-85.8364,302,58.7,shape,false,true,America/Chicago,3,36005,1840015841
Detroit,Detroit,Alabama,1075,Lamar,34.0274,-88.1678,300,87.3,shape,false,true,America/Chicago,3,35552,1840016757
Waldo,Waldo,Alabama,1121,Talladega,33.3892,-86.036,294,40.4,shape,false,true,America/Chicago,3,35160,1840016830
Repton,Repton,Alabama,1035,Conecuh,31.4096,-87.2394,289,116.6,shape,false,true,America/Chicago,3,36475,1840018171
Maytown,Maytown,Alabama,1073,Jefferson,33.5499,-87.0001,287,40.7,shape,false,true,America/Chicago,3,35224 35118 35005,1840016800
Gordonville,Gordonville,Alabama,1085,Lowndes,32.1489,-86.6995,287,20.0,shape,false,true,America/Chicago,3,36040,1840017008
Geiger,Geiger,Alabama,1119,Sumter,32.8696,-88.3133,286,116.8,shape,false,true,America/Chicago,4,35459,1840003029
Carolina,Carolina,Alabama,1039,Covington,31.2337,-86.5227,279,97.2,shape,false,true,America/Chicago,3,36420,1840015866
County Line,County Line,Alabama,1009,Blount,33.8208,-86.7195,278,112.3,shape,false,true,America/Chicago,3,35172,1840016719
Gainesville,Gainesville,Alabama,1119,Sumter,32.8149,-88.1608,276,62.0,shape,false,true,America/Chicago,4,35464,1840006339
Sanford,Sanford,Alabama,1039,Covington,31.3007,-86.3976,273,25.2,shape,false,true,America/Chicago,3,36420 36421,1840018178
Boligee,Boligee,Alabama,1063,Greene,32.7699,-88.0264,271,26.5,shape,false,true,America/Chicago,3,35443,1840015759
Axis,Axis,Alabama,1097,Mobile,30.9309,-88.018,269,29.7,shape,false,false,America/Chicago,3,36505,1840025979
Union,Union,Alabama,1063,Greene,32.9938,-87.9071,267,125.5,shape,false,true,America/Chicago,3,35462,1840016909
Heath,Heath,Alabama,1039,Covington,31.3579,-86.4673,264,114.5,shape,false,true,America/Chicago,3,36421,1840015867
Madrid,Madrid,Alabama,1069,Houston,31.0356,-85.3992,259,57.2,shape,false,true,America/Chicago,3,36375 36320,1840017128
Colony,Colony,Alabama,1043,Cullman,33.9413,-86.9022,257,45.9,shape,false,true,America/Chicago,4,35077,1840073883
Horn Hill,Horn Hill,Alabama,1039,Covington,31.2382,-86.3211,251,37.9,shape,false,true,America/Chicago,3,36467,1840017093
Waverly,Waverly,Alabama,1017,Chambers,32.7333,-85.5764,248,34.6,shape,false,true,America/Chicago,3,36879,1840016911
Bakerhill,Bakerhill,Alabama,1005,Barbour,31.7769,-85.2955,245,34.4,shape,false,false,America/Chicago,4,36027,1840027556
Daviston,Daviston,Alabama,1123,Tallapoosa,33.0557,-85.6371,245,10.4,shape,false,true,America/Chicago,3,36256,1840016913
Vinegar Bend,Vinegar Bend,Alabama,1129,Washington,31.2594,-88.3712,241,9.8,shape,false,false,America/Chicago,3,36584,1840025964
Anderson,Anderson,Alabama,1077,Lauderdale,34.9147,-87.2716,241,72.0,shape,false,true,America/Chicago,3,35610,1840015513
Langston,Langston,Alabama,1071,Jackson,34.5374,-86.0899,240,18.8,shape,false,true,America/Chicago,3,35755,1840016524
Sweet Water,Sweet Water,Alabama,1091,Marengo,32.1046,-87.8619,239,39.2,shape,false,true,America/Chicago,3,36782,1840016997
Cullomburg,Cullomburg,Alabama,1023,Choctaw,31.7131,-88.2917,238,17.2,shape,false,false,America/Chicago,3,36919,1840025919
Rutledge,Rutledge,Alabama,1041,Crenshaw,31.7241,-86.302,237,15.6,shape,false,true,America/Chicago,4,36049,1840005396
Fredonia,Fredonia,Alabama,1017,Chambers,32.9861,-85.2912,232,7.5,shape,false,false,America/Chicago,3,36855 36863,1840023013
Loachapoka,Loachapoka,Alabama,1081,Lee,32.6049,-85.5948,227,77.0,shape,false,true,America/Chicago,3,36832 36865,1840016969
Edwardsville,Edwardsville,Alabama,1029,Cleburne,33.8409,-85.4523,225,5.3,shape,false,true,America/Chicago,4,36262 36272 36261,1840007129
Gantt,Gantt,Alabama,1039,Covington,31.4092,-86.4842,222,131.9,shape,false,true,America/Chicago,4,36038 36421,1840002554
Bristow Cove,Bristow Cove,Alabama,1055,Etowah,34.1092,-86.241,219,7.8,shape,false,true,America/Chicago,4,35956,1840037800
Coffeeville,Coffeeville,Alabama,1025,Clarke,31.7666,-88.0861,216,18.5,shape,false,true,America/Chicago,3,36524,1840017049
Sipsey,Sipsey,Alabama,1127,Walker,33.8225,-87.0835,216,173.6,shape,false,true,America/Chicago,3,35584 35063 35504,1840017992
Whatley,Whatley,Alabama,1025,Clarke,31.6463,-87.7108,215,64.3,shape,false,false,America/Chicago,3,36482,1840025933
Macedonia,Macedonia,Alabama,1107,Pickens,33.4031,-88.2392,215,21.0,shape,false,false,America/Chicago,3,35461,1840026992
Broomtown,Broomtown,Alabama,1019,Cherokee,34.3657,-85.5322,211,17.4,shape,false,false,America/Chicago,3,35973,1840022843
Paint Rock,Paint Rock,Alabama,1071,Jackson,34.6601,-86.331,208,185.3,shape,false,true,America/Chicago,3,35764 35776,1840016528
Onycha,Onycha,Alabama,1039,Covington,31.2246,-86.2785,197,96.1,shape,false,true,America/Chicago,3,36467,1840017098
Glenwood,Glenwood,Alabama,1041,Crenshaw,31.6675,-86.173,197,104.1,shape,false,true,America/Chicago,4,36035 36034,1840003300
Riverview,Riverview,Alabama,1053,Escambia,31.0587,-87.0709,197,52.6,shape,false,true,America/Chicago,3,36426,1840018196
Coffee Springs,Coffee Springs,Alabama,1061,Geneva,31.1664,-85.9103,196,96.5,shape,false,true,America/Chicago,3,36318,1840017138
Hanover,Hanover,Alabama,1037,Coosa,33.0029,-86.199,195,17.9,shape,false,false,America/Chicago,3,35072 35136,1840043375
Beaverton,Beaverton,Alabama,1075,Lamar,33.9354,-88.0218,187,15.7,shape,false,true,America/Chicago,3,35544,1840015635
Fairford,Fairford,Alabama,1129,Washington,31.178,-88.0728,187,23.5,shape,false,false,America/Chicago,3,36553,1840025957
Talladega Springs,Talladega Springs,Alabama,1121,Talladega,33.1191,-86.4421,184,57.7,shape,false,true,America/Chicago,3,35151,1840016829
Kellyton,Kellyton,Alabama,1037,Coosa,32.9791,-86.0358,179,71.5,shape,false,true,America/Chicago,3,35089,1840016916
Beatrice,Beatrice,Alabama,1099,Monroe,31.7332,-87.209,175,49.9,shape,false,true,America/Chicago,3,36425,1840015858
Morrison Crossroads,Morrison Crossroads,Alabama,1111,Randolph,33.4198,-85.4903,169,12.6,shape,false,true,America/Chicago,4,36280,1840037831
Nauvoo,Nauvoo,Alabama,1127,Walker,33.9874,-87.4875,168,65.6,shape,false,true,America/Chicago,3,35578,1840016768
Toxey,Toxey,Alabama,1023,Choctaw,31.9109,-88.3092,165,93.1,shape,false,true,America/Chicago,3,36921,1840017017
Gaylesville,Gaylesville,Alabama,1019,Cherokee,34.2665,-85.5603,164,45.6,shape,false,true,America/Chicago,4,35973,1840002987
Pine Apple,Pine Apple,Alabama,1131,Wilcox,31.8722,-86.9891,162,20.2,shape,false,true,America/Chicago,3,36768,1840017025
Haleburg,Haleburg,Alabama,1067,Henry,31.4099,-85.1381,157,15.8,shape,false,true,America/Chicago,3,36319,1840017072
Ridgeville,Ridgeville,Alabama,1055,Etowah,34.0569,-86.1029,155,72.9,shape,false,true,America/Chicago,3,35954,1840017966
Five Points,Five Points,Alabama,1017,Chambers,33.0173,-85.3516,155,58.1,shape,false,true,America/Chicago,3,36855,1840016910
Chunchula,Chunchula,Alabama,1097,Mobile,30.9237,-88.2072,152,32.5,shape,false,false,America/Chicago,3,36521,1840025981
Orrville,Orrville,Alabama,1047,Dallas,32.3068,-87.2454,151,56.2,shape,false,true,America/Chicago,3,36767,1840016970
North Johns,North Johns,Alabama,1073,Jefferson,33.3677,-87.1008,144,97.1,shape,false,true,America/Chicago,3,35006,1840016806
Lester,Lester,Alabama,1083,Limestone,34.9871,-87.1513,141,28.5,shape,false,true,America/Chicago,3,35647,1840016509
Vredenburgh,Vredenburgh,Alabama,1099,Monroe,31.8237,-87.3178,140,36.0,shape,false,true,America/Chicago,3,36425 36481,1840017067
Cusseta,Cusseta,Alabama,1017,Chambers,32.7876,-85.3057,140,20.6,shape,false,true,America/Chicago,3,36852,1840023011
Spring Garden,Spring Garden,Alabama,1019,Cherokee,33.973,-85.5558,140,23.9,shape,false,false,America/Chicago,3,36272 36275,1840022844
Yellow Bluff,Yellow Bluff,Alabama,1131,Wilcox,31.9623,-87.4773,140,86.3,shape,false,true,America/Chicago,3,36769,1840017023
Faunsdale,Faunsdale,Alabama,1091,Marengo,32.4576,-87.5938,136,79.8,shape,false,true,America/Chicago,4,36738,1840002081
Gu-Win,Gu-Win,Alabama,1093,Marion,33.9443,-87.8705,134,26.6,shape,false,true,America/Chicago,3,35563 35594,1840016696
Hobson,Hobson,Alabama,1129,Washington,31.4836,-88.1513,132,17.3,shape,false,false,America/Chicago,3,36518,1840025959
Delta,Delta,Alabama,1027,Clay,33.447,-85.6746,130,6.4,shape,false,false,America/Chicago,3,36258,1840022972
Eunola,Eunola,Alabama,1061,Geneva,31.0326,-85.8409,129,27.3,shape,false,false,America/Chicago,3,36340,1840001835
Providence,Providence,Alabama,1091,Marengo,32.3424,-87.7761,122,27.0,shape,false,true,America/Chicago,3,36748 36742,1840018105
Fruitdale,Fruitdale,Alabama,1129,Washington,31.3429,-88.4108,121,10.4,shape,false,false,America/Chicago,3,36539,1840025958
Hissop,Hissop,Alabama,1037,Coosa,32.8815,-86.1285,121,4.3,shape,false,false,America/Chicago,3,35136 35089,1840023019
Bellamy,Bellamy,Alabama,1119,Sumter,32.4582,-88.1277,113,11.6,shape,false,false,America/Chicago,3,35470 36901,1840025886
Libertyville,Libertyville,Alabama,1039,Covington,31.2428,-86.46,111,82.4,shape,false,true,America/Chicago,3,36420,1840017094
Pollard,Pollard,Alabama,1053,Escambia,31.0235,-87.1736,110,38.2,shape,false,true,America/Chicago,4,36441,1840004074
Kansas,Kansas,Alabama,1127,Walker,33.9029,-87.5568,109,41.4,shape,false,true,America/Chicago,3,35549 35573,1840016766
Spruce Pine,Spruce Pine,Alabama,1059,Franklin,34.3928,-87.7294,109,45.4,shape,false,false,America/Chicago,3,35585 35581,1840025850
Equality,Equality,Alabama,1037,Coosa,32.7634,-86.106,107,7.9,shape,false,false,America/Chicago,3,36026,1840041100
Myrtlewood,Myrtlewood,Alabama,1091,Marengo,32.2521,-87.9492,107,15.9,shape,false,true,America/Chicago,3,36763,1840016994
Blue Springs,Blue Springs,Alabama,1005,Barbour,31.6635,-85.5035,106,14.1,shape,false,true,America/Chicago,3,36374 36017,1840015839
Waterloo,Waterloo,Alabama,1077,Lauderdale,34.9173,-88.0654,104,53.7,shape,false,true,America/Chicago,3,35677,1840016505
Eldridge,Eldridge,Alabama,1127,Walker,33.922,-87.6202,93,24.9,shape,false,true,America/Chicago,3,35554,1840016767
Mooresville,Mooresville,Alabama,1083,Limestone,34.6257,-86.8802,93,78.0,shape,false,true,America/Chicago,3,35649,1840016510
Lowndesboro,Lowndesboro,Alabama,1085,Lowndes,32.2764,-86.6108,92,44.9,shape,false,true,America/Chicago,3,36752,1840017005
Needham,Needham,Alabama,1023,Choctaw,31.987,-88.3366,89,60.0,shape,false,true,America/Chicago,3,36915,1840017018
Panola,Panola,Alabama,1119,Sumter,32.9477,-88.2674,86,46.3,shape,false,false,America/Chicago,3,35477,1840025887
Ethelsville,Ethelsville,Alabama,1107,Pickens,33.4141,-88.2161,85,57.9,shape,false,true,America/Chicago,4,35461,1840001617
Deer Park,Deer Park,Alabama,1129,Washington,31.2198,-88.3226,83,10.3,shape,false,false,America/Chicago,3,36529,1840025956
Goldville,Goldville,Alabama,1123,Tallapoosa,33.0842,-85.7831,79,30.9,shape,false,true,America/Chicago,4,36255 36256,1840006026
Union Grove,Union Grove,Alabama,1095,Marshall,34.4025,-86.4483,75,52.1,shape,false,true,America/Chicago,3,35175,1840016621
Emelle,Emelle,Alabama,1119,Sumter,32.7287,-88.3165,74,33.8,shape,false,true,America/Chicago,3,35459,1840016948
Tibbie,Tibbie,Alabama,1129,Washington,31.3628,-88.2471,70,15.5,shape,false,false,America/Chicago,3,36583 36529,1840025963
Calvert,Calvert,Alabama,1129,Washington,31.154,-88.0169,70,11.6,shape,false,false,America/Chicago,3,36513 36560,1840025955
Dayton,Dayton,Alabama,1091,Marengo,32.351,-87.6416,67,25.9,shape,false,true,America/Chicago,3,36738 36748,1840016995
Graham,Graham,Alabama,1111,Randolph,33.4552,-85.323,66,4.4,shape,false,false,America/Chicago,3,36263,1840022971
Penton,Penton,Alabama,1017,Chambers,33.009,-85.4722,65,2.7,shape,false,false,America/Chicago,3,36862,1840023014
Billingsley,Billingsley,Alabama,1001,Autauga,32.661,-86.7087,64,21.0,shape,false,true,America/Chicago,3,36006,1840015798
Standing Rock,Standing Rock,Alabama,1017,Chambers,33.0863,-85.2449,62,7.5,shape,false,false,America/Chicago,3,36855,1840023015
Putnam,Putnam,Alabama,1091,Marengo,32.0181,-88.0331,61,2.5,shape,false,false,America/Chicago,3,36784,1840025911
Gulfcrest,Gulfcrest,Alabama,1097,Mobile,30.9925,-88.2399,58,14.8,shape,false,false,America/Chicago,3,36521,1840025982
Bon Air,Bon Air,Alabama,1121,Talladega,33.2621,-86.3319,58,16.9,shape,false,true,America/Chicago,3,35150 35044 35032,1840015699
Carlton,Carlton,Alabama,1025,Clarke,31.343,-87.8378,57,4.9,shape,false,false,America/Chicago,3,36545,1840025932
Movico,Movico,Alabama,1097,Mobile,31.0628,-88.0266,47,23.2,shape,false,false,America/Chicago,3,36560,1840025983
Petrey,Petrey,Alabama,1041,Crenshaw,31.8495,-86.2057,47,24.7,shape,false,true,America/Chicago,3,36049 36062,1840017045
Malcolm,Malcolm,Alabama,1129,Washington,31.1946,-88.0016,44,7.2,shape,false,false,America/Chicago,3,36553 36556,1840025961
Peterman,Peterman,Alabama,1099,Monroe,31.5837,-87.2631,31,28.3,shape,false,false,America/Chicago,3,36471,1840025943
Belgreen,Belgreen,Alabama,1059,Franklin,34.4767,-87.8653,30,9.4,shape,false,false,America/Chicago,3,35653,1840005612
Benton,Benton,Alabama,1085,Lowndes,32.3078,-86.818,27,46.3,shape,false,true,America/Chicago,3,36785,1840015812
Cardiff,Cardiff,Alabama,1073,Jefferson,33.6473,-86.9308,26,63.6,shape,false,true,America/Chicago,3,35073,1840015670
Memphis,Memphis,Alabama,1107,Pickens,33.1369,-88.3008,23,22.9,shape,false,true,America/Chicago,3,35442,1840016852
Nanafalia,Nanafalia,Alabama,1091,Marengo,32.1114,-87.9958,23,4.1,shape,false,false,America/Chicago,3,36782 36764,1840025910
Natural Bridge,Natural Bridge,Alabama,1133,Winston,34.0904,-87.6014,21,18.7,shape,false,true,America/Chicago,3,35575 35577,1840016711
Bucks,Bucks,Alabama,1097,Mobile,31.0169,-88.0249,20,19.9,shape,false,false,America/Chicago,3,36512 36560,1840025980
Oak Hill,Oak Hill,Alabama,1131,Wilcox,31.9216,-87.0852,19,13.1,shape,false,true,America/Chicago,3,36768 36766,1840017024
McMullen,McMullen,Alabama,1107,Pickens,33.1481,-88.1757,17,16.5,shape,false,true,America/Chicago,3,35442,1840027517
Megargel,Megargel,Alabama,1099,Monroe,31.3781,-87.4307,6,3.4,shape,false,false,America/Chicago,3,36445,1840025942
Fitzpatrick,Fitzpatrick,Alabama,1011,Bullock,32.2113,-85.8784,0,4.7,shape,false,false,America/Chicago,3,36029,1840025920
Sims Chapel,Sims Chapel,Alabama,1129,Washington,31.2365,-88.1435,0,5.5,shape,false,false,America/Chicago,3,36553,1840027005
Rockville,Rockville,Alabama,1025,Clarke,31.4058,-87.8442,0,4.2,shape,false,false,America/Chicago,3,36545,1840027002
Catherine,Catherine,Alabama,1131,Wilcox,32.186,-87.4699,0,5.1,shape,false,false,America/Chicago,3,36728,1840025923
