Salt Lake City,Salt Lake City,Utah,49035,Salt Lake,40.7776,-111.9311,1173879,700.8,shape,false,true,America/Denver,1,84116 84115 84114 84113 84112 84111 84128 84150 84180 84108 84101 84102 84103 84104 84105 84106 84138 84110 84122 84132 84133 84134 84139 84143 84145 84147 84148 84151 84152 84158 84199,1840021383
Ogden,Ogden,Utah,49057,Weber,41.2279,-111.9682,622918,1215.9,shape,false,true,America/Denver,2,84404 84401 84403 84408 84244 84407 84409 84415,1840020135
Provo,Provo,Utah,49049,Utah,40.2457,-111.6457,619218,1059.2,shape,false,true,America/Denver,2,84606 84604 84602 84601 84603 84605,1840020174
St. George,St. George,Utah,49053,Washington,37.0758,-113.5752,148895,481.3,shape,false,true,America/Denver,2,84770 84790 84791,1840021559
West Valley City,West Valley City,Utah,49035,Salt Lake,40.6886,-112.0123,138868,1496.6,shape,false,true,America/Denver,2,84119 84120 84128 84118 84125 84126 84127 84130 84131 84170,1840021389
Logan,Logan,Utah,49005,Cache,41.7399,-111.8422,121666,1142.4,shape,false,true,America/Denver,2,84321 84322 84341,1840020108
West Jordan,West Jordan,Utah,49035,Salt Lake,40.6024,-112.0008,116383,1390.4,shape,false,true,America/Denver,2,84088 84081 84084,1840021388
Orem,Orem,Utah,49049,Utah,40.2981,-111.6994,97100,2013.8,shape,false,true,America/Denver,2,84097 84057 84058 84059,1840020171
Sandy,Sandy,Utah,49035,Salt Lake,40.5709,-111.8506,95635,1525.5,shape,false,true,America/Denver,3,84092 84093 84094 84070 84090 84091,1840037422
Layton,Layton,Utah,49011,Davis,41.077,-111.962,81726,1400.5,shape,false,true,America/Denver,3,84041 84040,1840020145
South Jordan,South Jordan,Utah,49035,Salt Lake,40.557,-111.9784,78118,1358.3,shape,false,true,America/Denver,3,84095 84009,1840021385
Lehi,Lehi,Utah,49049,Utah,40.4136,-111.8725,77110,1044.1,shape,false,true,America/Denver,3,84043,1840020168
Millcreek,Millcreek,Utah,49035,Salt Lake,40.6892,-111.8292,63520,1901.9,shape,false,true,America/Denver,3,84117 84124 84109 84106 84107 84141,1840018744
Taylorsville,Taylorsville,Utah,49035,Salt Lake,40.6569,-111.9493,59729,2126.4,shape,false,true,America/Denver,2,84123 84129 84184,1840021387
Herriman,Herriman,Utah,49035,Salt Lake,40.4899,-112.017,55301,924.0,shape,false,true,America/Denver,3,84096,1840020155
Draper,Draper,Utah,49035,Salt Lake,40.4957,-111.8605,50635,652.4,shape,false,true,America/Denver,3,84020,1840018747
Murray,Murray,Utah,49035,Salt Lake,40.6498,-111.8874,50041,1571.3,shape,false,true,America/Denver,3,84117 84123 84121 84107 84157,1840020159
Eagle Mountain,Eagle Mountain,Utah,49049,Utah,40.3137,-112.0114,46109,350.7,shape,false,true,America/Denver,3,84013 84005,1840018757
Bountiful,Bountiful,Utah,49011,Davis,40.8721,-111.8647,45353,1327.0,shape,false,true,America/Denver,3,84010 84011,1840018737
Riverton,Riverton,Utah,49035,Salt Lake,40.5176,-111.9636,44864,1374.3,shape,false,true,America/Denver,3,84065 84096,1840020157
Spanish Fork,Spanish Fork,Utah,49049,Utah,40.1101,-111.6405,42694,995.4,shape,false,true,America/Denver,3,84660,1840021398
Saratoga Springs,Saratoga Springs,Utah,49049,Utah,40.345,-111.9154,40391,675.6,shape,false,true,America/Denver,3,84045,1840021397
Roy,Roy,Utah,49057,Weber,41.1714,-112.0485,39064,1850.8,shape,false,true,America/Denver,3,84067,1840020132
Pleasant Grove,Pleasant Grove,Utah,49049,Utah,40.3716,-111.7412,37453,1573.6,shape,false,true,America/Denver,3,84062,1840020173
Kearns,Kearns,Utah,49035,Salt Lake,40.6519,-112.0095,36862,3072.5,shape,false,true,America/Denver,2,84118,1840017500
Tooele,Tooele,Utah,49045,Tooele,40.5393,-112.3082,36315,581.5,shape,false,true,America/Denver,3,84074,1840021356
Cedar City,Cedar City,Utah,49021,Iron,37.6834,-113.0956,35812,383.1,shape,false,true,America/Denver,3,84720 84721,1840018895
Midvale,Midvale,Utah,49035,Salt Lake,40.6148,-111.8927,35609,2332.5,shape,false,true,America/Denver,2,84047,1840020158
Springville,Springville,Utah,49049,Utah,40.1638,-111.6205,35195,945.5,shape,false,true,America/Denver,3,84663,1840021399
American Fork,American Fork,Utah,49049,Utah,40.3783,-111.7953,33986,1156.1,shape,false,true,America/Denver,3,84003,1840018756
Cottonwood Heights,Cottonwood Heights,Utah,49035,Salt Lake,40.6137,-111.8144,33257,1392.3,shape,false,true,America/Denver,3,84093 84121 84171,1840018746
Syracuse,Syracuse,Utah,49011,Davis,41.0859,-112.0698,32798,1242.8,shape,false,true,America/Denver,3,84075,1840021352
Kaysville,Kaysville,Utah,49011,Davis,41.029,-111.9456,32714,1202.3,shape,false,true,America/Denver,3,84037,1840018738
Clearfield,Clearfield,Utah,49011,Davis,41.103,-112.0238,32369,1623.9,shape,false,true,America/Denver,3,84015 84016 84089,1840018735
Holladay,Holladay,Utah,49035,Salt Lake,40.66,-111.8226,31563,1432.7,shape,false,true,America/Denver,3,84117 84121 84124,1840020156
Magna,Magna,Utah,49035,Salt Lake,40.7634,-112.1599,29275,567.6,shape,false,true,America/Denver,3,84044,1840017499
Washington,Washington,Utah,49053,Washington,37.1303,-113.4878,29161,311.7,shape,false,true,America/Denver,3,84780 84771,1840021561
South Salt Lake,South Salt Lake,Utah,49035,Salt Lake,40.7057,-111.8986,26315,1463.8,shape,false,true,America/Denver,3,84119 84115 84165 84190,1840021386
Farmington,Farmington,Utah,49011,Davis,40.9845,-111.9065,24463,949.1,shape,false,true,America/Denver,3,84025,1840020142
Clinton,Clinton,Utah,49011,Davis,41.1395,-112.0656,23389,1522.3,shape,false,true,America/Denver,3,84015,1840018736
North Salt Lake,North Salt Lake,Utah,49011,Davis,40.8439,-111.9187,21875,998.6,shape,false,true,America/Denver,3,84054,1840020144
Payson,Payson,Utah,49049,Utah,40.0355,-111.739,21529,634.2,shape,false,true,America/Denver,3,84651,1840020172
North Ogden,North Ogden,Utah,49057,Weber,41.3123,-111.9584,21065,1078.2,shape,false,true,America/Denver,3,84414,1840020134
Hurricane,Hurricane,Utah,49053,Washington,37.1487,-113.3517,20609,150.9,shape,false,true,America/Denver,3,84737,1840018936
Brigham City,Brigham City,Utah,49003,Box Elder,41.5035,-112.0453,19602,307.9,shape,false,true,America/Denver,3,84302,1840018702
Highland,Highland,Utah,49049,Utah,40.4276,-111.7957,19267,856.6,shape,false,true,America/Denver,3,84003,1840020167
West Haven,West Haven,Utah,49057,Weber,41.2083,-112.0541,18334,656.6,shape,false,true,America/Denver,3,84401 84402,1840021344
South Ogden,South Ogden,Utah,49057,Weber,41.1722,-111.9576,17476,1730.3,shape,false,true,America/Denver,3,84405 84403,1840021342
Bluffdale,Bluffdale,Utah,49035,Salt Lake,40.4744,-111.9381,17460,606.7,shape,false,true,America/Denver,3,84065,1840018745
Heber,Heber,Utah,49051,Wasatch,40.507,-111.3986,16943,278.5,shape,false,true,America/Denver,3,84032,1840074861
Centerville,Centerville,Utah,49011,Davis,40.9284,-111.8848,16740,1090.7,shape,false,true,America/Denver,3,84014 84087,1840018734
Santaquin,Santaquin,Utah,49049,Utah,39.9708,-111.7941,14463,533.1,shape,false,true,America/Denver,3,84655,1840021396
Smithfield,Smithfield,Utah,49005,Cache,41.8349,-111.8265,13658,899.8,shape,false,true,America/Denver,3,84335,1840021321
Grantsville,Grantsville,Utah,49045,Tooele,40.6148,-112.4777,12939,125.4,shape,false,true,America/Denver,3,84029,1840020146
Vineyard,Vineyard,Utah,49049,Utah,40.3059,-111.7545,12663,1011.8,shape,false,true,America/Denver,3,84059,1840022419
Mapleton,Mapleton,Utah,49049,Utah,40.1188,-111.5742,11756,340.2,shape,false,true,America/Denver,3,84664 84660,1840020170
Lindon,Lindon,Utah,49049,Utah,40.3414,-111.7187,11478,530.6,shape,false,true,America/Denver,3,84042,1840020169
Woods Cross,Woods Cross,Utah,49011,Davis,40.8731,-111.917,11432,1153.4,shape,false,true,America/Denver,3,84087,1840021355
West Point,West Point,Utah,49011,Davis,41.122,-112.0995,11226,609.3,shape,false,true,America/Denver,3,84015,1840021354
North Logan,North Logan,Utah,49005,Cache,41.7759,-111.8066,10981,595.6,shape,false,true,America/Denver,3,84341,1840020114
Pleasant View,Pleasant View,Utah,49057,Weber,41.3249,-112.0011,10942,605.3,shape,false,true,America/Denver,3,84404 84414,1840020137
Stansbury Park,Stansbury Park,Utah,49045,Tooele,40.6356,-112.3054,10512,1745.7,shape,false,false,America/Denver,3,84074,1840037176
Tremonton,Tremonton,Utah,49003,Box Elder,41.7187,-112.189,10273,488.6,shape,false,true,America/Denver,3,84337,1840021326
Alpine,Alpine,Utah,49049,Utah,40.4629,-111.7724,10260,498.4,shape,false,true,America/Denver,3,84004,1840018755
Vernal,Vernal,Utah,49047,Uintah,40.4517,-109.5378,10141,847.0,shape,false,true,America/Denver,3,84078 84079,1840021391
Cedar Hills,Cedar Hills,Utah,49049,Utah,40.4135,-111.7531,9977,1413.2,shape,false,true,America/Denver,3,84062,1840018754
Hyrum,Hyrum,Utah,49005,Cache,41.6325,-111.8445,9680,600.3,shape,false,true,America/Denver,3,84319,1840018699
Salem,Salem,Utah,49049,Utah,40.0539,-111.6718,9467,342.7,shape,false,true,America/Denver,3,84653,1840021395
Riverdale,Riverdale,Utah,49057,Weber,41.1732,-112.0023,9313,782.3,shape,false,true,America/Denver,3,84405,1840020131
Washington Terrace,Washington Terrace,Utah,49057,Weber,41.1683,-111.9783,9220,1755.9,shape,false,true,America/Denver,3,84405,1840021343
Ivins,Ivins,Utah,49053,Washington,37.1742,-113.6809,9174,374.8,shape,false,true,America/Denver,3,84738,1840018937
Hooper,Hooper,Utah,49057,Weber,41.1599,-112.2871,9080,74.1,shape,false,true,America/Denver,3,84315,1840020130
Summit Park,Summit Park,Utah,49043,Summit,40.7423,-111.5872,8708,248.8,shape,false,false,America/Denver,3,84098,1840018725
Providence,Providence,Utah,49005,Cache,41.7035,-111.8123,8418,792.5,shape,false,true,America/Denver,3,84332,1840020115
Park City,Park City,Utah,49043,Summit,40.6502,-111.5013,8379,158.7,shape,false,true,America/Denver,3,84060 84068,1840020140
Richfield,Richfield,Utah,49041,Sevier,38.7613,-112.0931,8213,528.0,shape,false,true,America/Denver,3,84701,1840020239
Price,Price,Utah,49007,Carbon,39.604,-110.8003,8174,627.0,shape,false,true,America/Denver,3,84501,1840020201
South Weber,South Weber,Utah,49011,Davis,41.1334,-111.9393,7939,658.0,shape,false,true,America/Denver,3,84405,1840021350
Plain City,Plain City,Utah,49057,Weber,41.3071,-112.0877,7873,251.6,shape,false,true,America/Denver,3,84404,1840020136
Farr West,Farr West,Utah,49057,Weber,41.3015,-112.0318,7747,505.2,shape,false,true,America/Denver,3,84404,1840020128
Santa Clara,Santa Clara,Utah,49053,Washington,37.1312,-113.656,7625,485.5,shape,false,true,America/Denver,3,84770 84765,1840021560
Enoch,Enoch,Utah,49021,Iron,37.7669,-113.0449,7563,367.4,shape,false,true,America/Denver,3,84721,1840020273
Nibley,Nibley,Utah,49005,Cache,41.6726,-111.8461,7373,630.3,shape,false,true,America/Denver,3,84321,1840020113
Harrisville,Harrisville,Utah,49057,Weber,41.2852,-111.9859,6909,890.0,shape,false,true,America/Denver,3,84404 84414,1840020129
Roosevelt,Roosevelt,Utah,49013,Duchesne,40.2924,-110.0093,6884,393.1,shape,false,true,America/Denver,3,84066,1840020162
Nephi,Nephi,Utah,49023,Juab,39.7069,-111.8326,6507,467.3,shape,false,true,America/Denver,3,84648,1840020188
Midway,Midway,Utah,49051,Wasatch,40.5183,-111.4746,6019,378.9,shape,false,true,America/Denver,3,84049,1840020165
Fruit Heights,Fruit Heights,Utah,49011,Davis,41.0277,-111.9082,6018,1015.1,shape,false,true,America/Denver,3,84037,1840020143
West Bountiful,West Bountiful,Utah,49011,Davis,40.8984,-111.9082,5905,688.6,shape,false,true,America/Denver,3,84087,1840021353
Ephraim,Ephraim,Utah,49039,Sanpete,39.3563,-111.5845,5739,498.5,shape,false,true,America/Denver,3,84627,1840020202
Snyderville,Snyderville,Utah,49043,Summit,40.7041,-111.5434,5730,203.6,shape,false,false,America/Denver,3,84098,1840024187
Perry,Perry,Utah,49003,Box Elder,41.4648,-112.0401,5579,269.5,shape,false,true,America/Denver,3,84302,1840020119
White City,White City,Utah,49035,Salt Lake,40.5666,-111.8636,5562,2456.9,shape,false,true,America/Denver,2,84094,1840037177
Sunset,Sunset,Utah,49011,Davis,41.1392,-112.0285,5443,1438.2,shape,false,true,America/Denver,3,84015 84056,1840021351
Moab,Moab,Utah,49019,Grand,38.5701,-109.5478,5329,428.5,shape,false,true,America/Denver,3,84532,1840020227
Hyde Park,Hyde Park,Utah,49005,Cache,41.8008,-111.8121,5264,448.6,shape,false,true,America/Denver,3,84318 84335,1840018698
Kanab,Kanab,Utah,49025,Kane,37.0262,-112.5219,4817,126.2,shape,false,true,America/Denver,3,84741,1840018947
Elk Ridge,Elk Ridge,Utah,49049,Utah,40.0099,-111.6775,4658,615.0,shape,false,true,America/Denver,3,84651,1840020166
La Verkin,La Verkin,Utah,49053,Washington,37.2309,-113.2523,4360,123.4,shape,false,true,America/Denver,4,84774 84745,1840037162
Morgan,Morgan,Utah,49029,Morgan,41.0414,-111.6802,4173,543.3,shape,false,true,America/Denver,3,84050,1840020138
Maeser,Maeser,Utah,49047,Uintah,40.4718,-109.5786,4126,246.4,shape,false,false,America/Denver,3,84078,1840017501
Wellsville,Wellsville,Utah,49005,Cache,41.6223,-111.943,4078,216.6,shape,false,true,America/Denver,3,84339,1840021322
Mount Pleasant,Mount Pleasant,Utah,49039,Sanpete,39.5406,-111.456,3676,485.1,shape,false,true,America/Denver,3,84647,1840020208
East Basin,East Basin,Utah,49043,Summit,40.7359,-111.4708,3646,156.4,shape,false,false,America/Denver,3,84098,1840142115
Mountain Green,Mountain Green,Utah,49029,Morgan,41.1476,-111.7901,3646,260.1,shape,false,false,America/Denver,3,84050,1840024172
Delta,Delta,Utah,49027,Millard,39.3623,-112.5471,3636,163.2,shape,false,true,America/Denver,3,84624,1840018809
Beaver,Beaver,Utah,49001,Beaver,38.2759,-112.6383,3587,207.5,shape,false,true,America/Denver,3,84713,1840018857
Gunnison,Gunnison,Utah,49039,Sanpete,39.1569,-111.8135,3516,283.4,shape,false,true,America/Denver,3,84634,1840037159
Manti,Manti,Utah,49039,Sanpete,39.2668,-111.6351,3474,424.5,shape,false,true,America/Denver,3,84642,1840020206
Blanding,Blanding,Utah,49037,San Juan,37.6213,-109.5073,3345,98.0,shape,false,true,America/Denver,3,84511,1840018877
Erda,Erda,Utah,49045,Tooele,40.6028,-112.3214,3124,72.8,shape,false,false,America/Denver,3,84074,1840017495
Parowan,Parowan,Utah,49021,Iron,37.8326,-112.8296,3036,170.4,shape,false,true,America/Denver,3,84761,1840020274
Richmond,Richmond,Utah,49005,Cache,41.9231,-111.8076,2926,324.9,shape,false,true,America/Denver,3,84333,1840020109
Naples,Naples,Utah,49047,Uintah,40.4317,-109.4913,2801,163.8,shape,false,true,America/Denver,3,84078,1840020160
Garland,Garland,Utah,49003,Box Elder,41.7362,-112.1627,2579,551.3,shape,false,true,America/Denver,3,84312,1840020117
Fillmore,Fillmore,Utah,49027,Millard,38.9642,-112.3386,2572,142.0,shape,false,true,America/Denver,3,84631,1840020224
Monroe,Monroe,Utah,49041,Sevier,38.623,-112.1196,2530,273.6,shape,false,true,America/Denver,3,84754,1840020240
Salina,Salina,Utah,49041,Sevier,38.9387,-111.8652,2500,164.9,shape,false,true,America/Denver,3,84654,1840021475
Helper,Helper,Utah,49007,Carbon,39.6898,-110.8596,2482,532.4,shape,false,true,America/Denver,3,84526,1840020200
Kamas,Kamas,Utah,49043,Summit,40.6499,-111.2723,2411,252.9,shape,false,true,America/Denver,3,84036,1840018726
Monticello,Monticello,Utah,49037,San Juan,37.8683,-109.338,2393,275.7,shape,false,true,America/Denver,3,84535,1840020257
River Heights,River Heights,Utah,49005,Cache,41.7221,-111.8193,2236,1308.7,shape,false,true,America/Denver,3,84321,1840020110
Lewiston,Lewiston,Utah,49005,Cache,41.9619,-111.8799,2185,32.8,shape,false,true,America/Denver,3,84320,1840020107
Huntington,Huntington,Utah,49015,Emery,39.3302,-110.9628,2079,355.2,shape,false,true,America/Denver,3,84528,1840020217
Marriott-Slaterville,Marriott-Slaterville,Utah,49057,Weber,41.2624,-112.0366,2041,109.4,shape,false,true,America/Denver,3,84404 84201,1840020133
Toquerville,Toquerville,Utah,49053,Washington,37.2666,-113.2951,2034,35.4,shape,false,true,America/Denver,3,84774 84720 84746,1840022560
Coalville,Coalville,Utah,49043,Summit,40.912,-111.413,2014,126.0,shape,false,true,America/Denver,3,84017,1840018723
Duchesne,Duchesne,Utah,49013,Duchesne,40.1753,-110.394,1883,261.0,shape,false,true,America/Denver,3,84021,1840018751
Millville,Millville,Utah,49005,Cache,41.685,-111.8211,1827,276.8,shape,false,true,America/Denver,3,84321 84326,1840020112
Benson,Benson,Utah,49005,Cache,41.7492,-111.9173,1816,23.3,shape,false,false,America/Denver,3,84321 84335 84339,1840017476
Milford,Milford,Utah,49001,Beaver,38.3945,-113.0123,1786,322.2,shape,false,true,America/Denver,3,84751,1840020252
Willard,Willard,Utah,49003,Box Elder,41.4148,-112.0448,1753,121.5,shape,false,true,America/Denver,3,84340,1840021327
Oakley,Oakley,Utah,49043,Summit,40.7257,-111.2788,1744,95.3,shape,false,true,America/Denver,3,84036 84055,1840020139
Mona,Mona,Utah,49023,Juab,39.8121,-111.8495,1742,252.4,shape,false,true,America/Denver,3,84645,1840020187
Silver Summit,Silver Summit,Utah,49043,Summit,40.7489,-111.514,1703,58.5,shape,false,true,America/Denver,4,84098,1840041658
Panguitch,Panguitch,Utah,49017,Garfield,37.8236,-112.4342,1702,204.2,shape,false,true,America/Denver,3,84759,1840020272
Ballard,Ballard,Utah,49047,Uintah,40.2949,-109.9493,1700,47.0,shape,false,true,America/Denver,3,84066,1840020161
Genola,Genola,Utah,49049,Utah,40.0118,-111.8465,1648,46.3,shape,false,true,America/Denver,3,84655,1840021402
Wolf Creek,Wolf Creek,Utah,49057,Weber,41.3253,-111.8288,1642,200.6,shape,false,false,America/Denver,3,84310,1840037239
Uintah,Uintah,Utah,49057,Weber,41.1428,-111.9334,1611,494.8,shape,false,true,America/Denver,3,84405,1840022389
Honeyville,Honeyville,Utah,49003,Box Elder,41.6361,-112.0857,1601,52.7,shape,false,true,America/Denver,3,84302 84314,1840020118
Elwood,Elwood,Utah,49003,Box Elder,41.6759,-112.1376,1598,72.1,shape,false,true,America/Denver,3,84337,1840021329
Francis,Francis,Utah,49043,Summit,40.6102,-111.2729,1573,157.5,shape,false,true,America/Denver,3,84036,1840021346
South Willard,South Willard,Utah,49003,Box Elder,41.3583,-112.0408,1548,102.5,shape,false,false,America/Denver,3,84340,1840037248
Enterprise,Enterprise,Utah,49053,Washington,37.5717,-113.7431,1519,67.0,shape,false,true,America/Denver,3,84725,1840020314
Wellington,Wellington,Utah,49007,Carbon,39.5358,-110.7344,1506,113.7,shape,false,true,America/Denver,3,84542 84501,1840021435
Emigration Canyon,Emigration Canyon,Utah,49035,Salt Lake,40.7886,-111.7414,1503,31.8,shape,false,true,America/Denver,3,84108,1840041631
Mendon,Mendon,Utah,49005,Cache,41.7102,-111.9776,1475,397.8,shape,false,true,America/Denver,3,84325,1840020111
Carbonville,Carbonville,Utah,49007,Carbon,39.6268,-110.8332,1366,94.4,shape,false,false,America/Denver,3,84526 84501,1840024369
Ferron,Ferron,Utah,49015,Emery,39.0914,-111.1337,1360,222.9,shape,false,true,America/Denver,3,84523,1840020215
Centerfield,Centerfield,Utah,49039,Sanpete,39.1274,-111.8184,1353,273.8,shape,false,true,America/Denver,3,84622,1840022442
Mantua,Mantua,Utah,49003,Box Elder,41.5006,-111.9344,1348,106.7,shape,false,true,America/Denver,3,84324,1840022381
Castle Dale,Castle Dale,Utah,49015,Emery,39.2218,-111.023,1347,230.0,shape,false,true,America/Denver,3,84513,1840018799
Orangeville,Orangeville,Utah,49015,Emery,39.2309,-111.0592,1340,362.5,shape,false,true,America/Denver,3,84537,1840020218
Fountain Green,Fountain Green,Utah,49039,Sanpete,39.6281,-111.6413,1334,412.6,shape,false,true,America/Denver,3,84632,1840020204
Woodland Hills,Woodland Hills,Utah,49049,Utah,40.0132,-111.6558,1329,202.6,shape,false,true,America/Denver,3,84653,1840021400
Fairview,Fairview,Utah,49039,Sanpete,39.6299,-111.4368,1288,394.8,shape,false,true,America/Denver,3,84629,1840020203
Riverside,Riverside,Utah,49003,Box Elder,41.8106,-112.1403,1283,74.0,shape,false,false,America/Denver,3,84311 84312 84334,1840018700
West Mountain,West Mountain,Utah,49049,Utah,40.051,-111.785,1267,46.3,shape,false,false,America/Denver,3,84651,1840037253
Moroni,Moroni,Utah,49039,Sanpete,39.527,-111.583,1259,456.6,shape,false,true,America/Denver,3,84646,1840020207
Lake Shore,Lake Shore,Utah,49049,Utah,40.1294,-111.7362,1235,69.5,shape,false,false,America/Denver,3,84660,1840017504
Apple Valley,Apple Valley,Utah,49053,Washington,37.081,-113.1034,1233,12.0,shape,false,true,America/Denver,3,84737,1840021562
Liberty,Liberty,Utah,49057,Weber,41.3426,-111.8649,1216,80.3,shape,false,false,America/Denver,3,84310,1840037164
Wendover,Wendover,Utah,49045,Tooele,40.7241,-114.025,1163,50.3,shape,false,true,America/Denver,3,84083,1840021357
Spring City,Spring City,Utah,49039,Sanpete,39.4799,-111.4918,1108,303.7,shape,false,true,America/Denver,3,84662,1840021436
Hildale,Hildale,Utah,49053,Washington,37.017,-112.9787,1076,74.1,shape,false,true,America/Denver,3,84784 84737,1840020315
Spring Glen,Spring Glen,Utah,49007,Carbon,39.6561,-110.8461,1070,121.2,shape,false,false,America/Denver,3,84526,1840024372
Hideout,Hideout,Utah,49051,Wasatch,40.6437,-111.4014,1066,99.9,shape,false,true,America/Denver,3,84036 84060 84032,1840022416
Thatcher,Thatcher,Utah,49003,Box Elder,41.6815,-112.3201,1056,34.1,shape,false,false,America/Denver,3,84337,1840024109
Copperton,Copperton,Utah,49035,Salt Lake,40.5662,-112.0977,1017,788.6,shape,false,true,America/Denver,3,84006,1840024252
Daniel,Daniel,Utah,49051,Wasatch,40.4668,-111.4096,1007,118.2,shape,false,true,America/Denver,3,84032,1840021394
West Wood,West Wood,Utah,49007,Carbon,39.6051,-110.8424,967,350.6,shape,false,true,America/Denver,3,84501,1840041676
Randolph,Randolph,Utah,49033,Rich,41.6655,-111.1846,966,290.3,shape,false,true,America/Denver,3,84064,1840020116
Minersville,Minersville,Utah,49001,Beaver,38.2333,-112.9602,920,163.3,shape,false,true,America/Denver,3,84752,1840022508
Stockton,Stockton,Utah,49045,Tooele,40.4496,-112.3672,915,209.8,shape,false,true,America/Denver,3,84071,1840022394
Central,Central,Utah,49053,Washington,37.415,-113.6262,902,138.4,shape,false,false,America/Denver,3,84722,1840026838
Newton,Newton,Utah,49005,Cache,41.8612,-111.9909,901,404.6,shape,false,true,America/Denver,3,84327,1840022375
Aurora,Aurora,Utah,49041,Sevier,38.9202,-111.9335,898,374.4,shape,false,true,America/Denver,3,84620,1840018832
Eden,Eden,Utah,49057,Weber,41.3022,-111.8085,885,81.3,shape,false,false,America/Denver,3,84310,1840024158
Goshen,Goshen,Utah,49049,Utah,39.9511,-111.9008,865,404.1,shape,false,true,America/Denver,3,84633,1840021403
Rocky Ridge,Rocky Ridge,Utah,49023,Juab,39.9197,-111.8258,859,193.6,shape,false,true,America/Denver,3,84645,1840021418
Benjamin,Benjamin,Utah,49049,Utah,40.0968,-111.729,848,38.3,shape,false,false,America/Denver,3,84660,1840017503
Redmond,Redmond,Utah,49041,Sevier,39.0057,-111.867,846,348.8,shape,false,true,America/Denver,3,84652,1840021478
Paradise,Paradise,Utah,49005,Cache,41.5683,-111.8334,830,220.9,shape,false,true,America/Denver,3,84328,1840022376
Dammeron Valley,Dammeron Valley,Utah,49053,Washington,37.3042,-113.6658,817,64.5,shape,false,false,America/Denver,3,84783,1840037254
Eureka,Eureka,Utah,49023,Juab,39.9588,-112.1149,809,215.5,shape,false,true,America/Denver,3,84628,1840020186
Leeds,Leeds,Utah,49053,Washington,37.2373,-113.3471,798,48.9,shape,false,true,America/Denver,3,84746,1840021564
Oak City,Oak City,Utah,49027,Millard,39.3761,-112.339,795,263.4,shape,false,true,America/Denver,3,84649,1840022460
Hinckley,Hinckley,Utah,49027,Millard,39.3336,-112.6736,790,61.3,shape,false,true,America/Denver,3,84635 84624,1840021456
Green River,Green River,Utah,49015,Emery,38.9935,-110.1723,788,11.2,shape,false,true,America/Denver,3,84525,1840020216
Elsinore,Elsinore,Utah,49041,Sevier,38.6834,-112.1488,788,115.4,shape,false,true,America/Denver,3,84724 84754,1840021477
Bear River City,Bear River City,Utah,49003,Box Elder,41.6124,-112.125,779,167.4,shape,false,true,America/Denver,3,84301,1840018701
Levan,Levan,Utah,49023,Juab,39.5561,-111.8607,779,372.8,shape,false,true,America/Denver,3,84639,1840021419
Corinne,Corinne,Utah,49003,Box Elder,41.5497,-112.1227,777,79.2,shape,false,true,America/Denver,3,84307,1840018703
Hoytsville,Hoytsville,Utah,49043,Summit,40.8757,-111.3847,769,65.9,shape,false,false,America/Denver,3,84017,1840024184
Annabella,Annabella,Utah,49041,Sevier,38.7059,-112.0587,766,453.9,shape,false,true,America/Denver,3,84711,1840021476
Oljato-Monument Valley,Oljato-Monument Valley,Utah,49037,San Juan,37.0309,-110.2512,729,9.7,shape,false,true,America/Denver,4,84536,1840074515
Central Valley,Central Valley,Utah,49041,Sevier,38.6991,-112.0967,713,130.7,shape,false,true,America/Denver,3,84754,1840022479
Timber Lakes,Timber Lakes,Utah,49051,Wasatch,40.4733,-111.2533,710,31.0,shape,false,false,America/Denver,3,84032,1840037250
Henefer,Henefer,Utah,49043,Summit,41.0137,-111.4931,708,110.9,shape,false,true,America/Denver,3,84033,1840021347
Granite,Granite,Utah,49035,Salt Lake,40.5686,-111.8011,703,250.9,shape,false,false,America/Denver,3,84092,1840037156
Virgin,Virgin,Utah,49053,Washington,37.1979,-113.2071,690,22.6,shape,false,true,America/Denver,3,84779 84737,1840022561
Paragonah,Paragonah,Utah,49021,Iron,37.8853,-112.7707,663,372.5,shape,false,true,America/Denver,3,84760,1840022537
Navajo Mountain,Navajo Mountain,Utah,49037,San Juan,37.047,-110.79,663,7.7,shape,false,false,America/Denver,3,86044,1840037247
Clarkston,Clarkston,Utah,49005,Cache,41.9205,-112.0503,659,274.6,shape,false,true,America/Denver,3,84305,1840022377
Fielding,Fielding,Utah,49003,Box Elder,41.8127,-112.1173,658,482.7,shape,false,true,America/Denver,3,84311,1840021332
Escalante,Escalante,Utah,49017,Garfield,37.765,-111.6001,657,76.9,shape,false,true,America/Denver,3,84726,1840020271
Orderville,Orderville,Utah,49025,Kane,37.254,-112.6574,636,28.2,shape,false,true,America/Denver,3,84758 84755,1840022564
Kanosh,Kanosh,Utah,49027,Millard,38.8014,-112.4374,621,310.7,shape,false,true,America/Denver,3,84637,1840021458
Marion,Marion,Utah,49043,Summit,40.681,-111.2773,617,49.7,shape,false,false,America/Denver,3,84036,1840024185
Myton,Myton,Utah,49013,Duchesne,40.1933,-110.0624,616,234.8,shape,false,true,America/Denver,3,84052,1840020163
Glenwood,Glenwood,Utah,49041,Sevier,38.7625,-111.9876,608,451.3,shape,false,true,America/Denver,3,84730,1840021479
Palmyra,Palmyra,Utah,49049,Utah,40.1346,-111.6925,602,34.5,shape,false,false,America/Denver,3,84660,1840018753
Loa,Loa,Utah,49055,Wayne,38.4037,-111.6454,595,241.8,shape,false,true,America/Denver,3,84747,1840021506
Big Water,Big Water,Utah,49025,Kane,37.0729,-111.6608,574,37.0,shape,false,true,America/Denver,3,84741,1840020326
Trenton,Trenton,Utah,49005,Cache,41.9116,-111.9356,567,26.7,shape,false,true,America/Denver,3,84338,1840022379
Joseph,Joseph,Utah,49041,Sevier,38.6249,-112.2198,558,247.8,shape,false,true,America/Denver,3,84739,1840021480
Spanish Valley,Spanish Valley,Utah,49037,San Juan,38.4743,-109.421,545,14.8,shape,false,false,America/Denver,3,84532,1840037249
Avon,Avon,Utah,49005,Cache,41.5354,-111.8125,539,29.3,shape,false,false,America/Denver,3,84328,1840017475
Garden City,Garden City,Utah,49033,Rich,41.9371,-111.4121,530,23.3,shape,false,true,America/Denver,3,84028,1840021324
Tropic,Tropic,Utah,49017,Garfield,37.6294,-112.0913,524,25.6,shape,false,true,America/Denver,3,84776,1840022531
Marysvale,Marysvale,Utah,49031,Piute,38.4384,-112.2544,524,11.3,shape,false,true,America/Denver,3,84750,1840022513
Holden,Holden,Utah,49027,Millard,39.1003,-112.2705,518,341.2,shape,false,true,America/Denver,3,84636,1840021457
Spring Lake,Spring Lake,Utah,49049,Utah,40.006,-111.7503,517,120.8,shape,false,false,America/Denver,3,84651,1840018752
Cleveland,Cleveland,Utah,49015,Emery,39.3494,-110.8556,501,223.6,shape,false,true,America/Denver,3,84518,1840022448
Sigurd,Sigurd,Utah,49041,Sevier,38.8494,-111.968,498,194.8,shape,false,true,America/Denver,3,84657,1840022480
Amalga,Amalga,Utah,49005,Cache,41.8564,-111.8974,494,55.3,shape,false,true,America/Denver,3,84335,1840021323
Elmo,Elmo,Utah,49015,Emery,39.3877,-110.8156,487,266.8,shape,false,true,America/Denver,3,84521,1840021444
Huntsville,Huntsville,Utah,49057,Weber,41.2602,-111.774,480,194.0,shape,false,true,America/Denver,3,84317,1840021345
Cove,Cove,Utah,49005,Cache,41.9683,-111.7794,475,12.5,shape,false,false,America/Denver,3,84320 84333,1840017474
Fort Duchesne,Fort Duchesne,Utah,49047,Uintah,40.2809,-109.8774,472,25.5,shape,false,false,America/Denver,3,84026,1840017502
Woodland,Woodland,Utah,49043,Summit,40.5838,-111.2358,471,87.9,shape,false,false,America/Denver,3,84036,1840018724
Neola,Neola,Utah,49013,Duchesne,40.4343,-110.0309,470,48.1,shape,false,false,America/Denver,3,84053,1840018750
Springdale,Springdale,Utah,49053,Washington,37.1816,-113.0049,454,38.1,shape,false,true,America/Denver,3,84767,1840022559
Charleston,Charleston,Utah,49051,Wasatch,40.4661,-111.46,438,59.0,shape,false,true,America/Denver,3,84032 84082,1840022414
Rush Valley,Rush Valley,Utah,49045,Tooele,40.3613,-112.4506,437,9.3,shape,false,true,America/Denver,3,84069,1840021358
Altamont,Altamont,Utah,49013,Duchesne,40.3589,-110.2881,434,232.2,shape,false,true,America/Denver,3,84001,1840021392
Circleville,Circleville,Utah,49031,Piute,38.1684,-112.2716,431,15.1,shape,false,true,America/Denver,3,84723,1840022514
Deseret,Deseret,Utah,49027,Millard,39.2876,-112.6511,427,53.7,shape,false,false,America/Denver,3,84624,1840024463
Mayfield,Mayfield,Utah,49039,Sanpete,39.1193,-111.7079,416,178.6,shape,false,true,America/Denver,3,84643,1840022441
Bicknell,Bicknell,Utah,49055,Wayne,38.3406,-111.5442,413,278.2,shape,false,true,America/Denver,3,84715,1840020256
Castle Valley,Castle Valley,Utah,49019,Grand,38.6326,-109.3966,409,18.0,shape,false,true,America/Denver,3,84532,1840022463
Scipio,Scipio,Utah,49027,Millard,39.249,-112.1045,400,149.0,shape,false,true,America/Denver,3,84656,1840022461
Dugway,Dugway,Utah,49045,Tooele,40.2307,-112.7541,394,29.2,shape,true,true,America/Denver,4,84022,1840018739
Veyo,Veyo,Utah,49053,Washington,37.3375,-113.6931,381,71.2,shape,false,false,America/Denver,3,84782,1840026840
Alta,Alta,Utah,49035,Salt Lake,40.5818,-111.6229,376,32.1,shape,false,true,America/Denver,3,84092,1840021390
Glendale,Glendale,Utah,49025,Kane,37.3342,-112.6035,375,20.7,shape,false,true,America/Denver,3,84729,1840021569
Emery,Emery,Utah,49015,Emery,38.9252,-111.2522,373,117.3,shape,false,true,America/Denver,3,84522,1840021445
Wales,Wales,Utah,49039,Sanpete,39.4851,-111.6361,371,361.3,shape,false,true,America/Denver,3,84667,1840022444
Kingston,Kingston,Utah,49031,Piute,38.2067,-112.1793,362,26.1,shape,false,true,America/Denver,3,84743,1840021504
Plymouth,Plymouth,Utah,49003,Box Elder,41.8734,-112.1454,357,158.0,shape,false,true,America/Denver,3,84330,1840021330
New Harmony,New Harmony,Utah,49053,Washington,37.4803,-113.3096,356,222.3,shape,false,true,America/Denver,3,84757,1840022558
Sterling,Sterling,Utah,49039,Sanpete,39.1934,-111.6904,355,176.8,shape,false,true,America/Denver,3,84665,1840022443
Boulder,Boulder,Utah,49017,Garfield,37.9228,-111.4319,352,6.5,shape,false,true,America/Denver,3,84716,1840037181
Aneth,Aneth,Utah,49037,San Juan,37.205,-109.1623,342,12.0,shape,false,false,America/Denver,3,84534,1840017593
Fayette,Fayette,Utah,49039,Sanpete,39.2244,-111.8539,339,331.7,shape,false,true,America/Denver,3,84630,1840021437
Jensen,Jensen,Utah,49047,Uintah,40.3695,-109.3555,338,40.4,shape,false,false,America/Denver,3,84035,1840026403
Newcastle,Newcastle,Utah,49021,Iron,37.6628,-113.5644,335,32.5,shape,false,false,America/Denver,3,84756,1840026788
Alton,Alton,Utah,49025,Kane,37.4303,-112.5061,331,55.8,shape,false,true,America/Denver,3,84710,1840021568
Manila,Manila,Utah,49009,Daggett,40.9922,-109.7209,330,123.1,shape,false,true,America/Denver,3,84046,1840022409
Kanarraville,Kanarraville,Utah,49021,Iron,37.5378,-113.181,327,283.6,shape,false,true,America/Denver,3,84742,1840021527
Laketown,Laketown,Utah,49033,Rich,41.8275,-111.3242,320,49.2,shape,false,true,America/Denver,3,84038,1840021325
Wanship,Wanship,Utah,49043,Summit,40.8167,-111.4151,320,24.5,shape,false,false,America/Denver,3,84017,1840024188
Howell,Howell,Utah,49003,Box Elder,41.7733,-112.445,315,3.4,shape,false,true,America/Denver,3,84316,1840021333
Elberta,Elberta,Utah,49049,Utah,39.9559,-111.9569,312,108.6,shape,false,true,America/Denver,4,84626,1840073914
Pine Valley,Pine Valley,Utah,49053,Washington,37.3904,-113.5061,310,35.0,shape,false,false,America/Denver,3,84781,1840026839
Leamington,Leamington,Utah,49027,Millard,39.5313,-112.2855,303,74.8,shape,false,true,America/Denver,3,84638,1840021459
Brighton,Brighton,Utah,49035,Salt Lake,40.6196,-111.6005,299,7.3,shape,false,true,America/Denver,3,84121,1840114541
Wallsburg,Wallsburg,Utah,49051,Wasatch,40.3869,-111.4194,289,178.8,shape,false,true,America/Denver,3,84082,1840022415
Deweyville,Deweyville,Utah,49003,Box Elder,41.693,-112.0883,288,17.5,shape,false,true,America/Denver,3,84309 84302,1840021328
Junction,Junction,Utah,49031,Piute,38.2358,-112.2238,288,8.4,shape,false,true,America/Denver,3,84740 84743,1840021503
Henrieville,Henrieville,Utah,49017,Garfield,37.5638,-112.002,286,82.7,shape,false,true,America/Denver,3,84736,1840021525
Peter,Peter,Utah,49005,Cache,41.7716,-111.9859,276,5.0,shape,false,true,America/Denver,4,84325,1840074547
Montezuma Creek,Montezuma Creek,Utah,49037,San Juan,37.2563,-109.303,272,8.8,shape,false,false,America/Denver,3,84534,1840018875
La Sal,La Sal,Utah,49037,San Juan,38.3026,-109.2646,270,2.2,shape,false,false,America/Denver,3,84530 84532,1840017596
Cannonville,Cannonville,Utah,49017,Garfield,37.5689,-112.0531,265,39.8,shape,false,true,America/Denver,3,84718,1840022530
Woodruff,Woodruff,Utah,49033,Rich,41.5212,-111.1639,262,141.2,shape,false,true,America/Denver,3,84086,1840022380
Halchita,Halchita,Utah,49037,San Juan,37.1314,-109.9131,256,5.8,shape,false,false,America/Denver,3,84536 84531,1840037245
Koosharem,Koosharem,Utah,49041,Sevier,38.5134,-111.8819,251,116.1,shape,false,true,America/Denver,3,84744,1840021481
Snowville,Snowville,Utah,49003,Box Elder,41.9728,-112.7164,247,61.4,shape,false,true,America/Denver,3,84336,1840022382
Meadow,Meadow,Utah,49027,Millard,38.8863,-112.4073,244,183.9,shape,false,true,America/Denver,3,84644,1840022459
Bluebell,Bluebell,Utah,49013,Duchesne,40.3576,-110.2232,242,9.6,shape,false,false,America/Denver,3,84001 84007,1840024270
Cornish,Cornish,Utah,49005,Cache,41.9717,-111.9565,236,16.9,shape,false,true,America/Denver,3,84308,1840022378
Summit,Summit,Utah,49021,Iron,37.8013,-112.935,234,133.1,shape,false,false,America/Denver,3,84772,1840026789
Bryce Canyon City,Bryce Canyon City,Utah,49017,Garfield,37.6814,-112.1588,229,26.4,shape,false,true,America/Denver,3,84764,1840001674
Vernon,Vernon,Utah,49045,Tooele,40.0956,-112.4458,228,10.9,shape,false,true,America/Denver,3,84080,1840022395
Hobble Creek,Hobble Creek,Utah,49049,Utah,40.2084,-111.4859,226,40.7,shape,false,false,America/Denver,3,84663,1840153140
Torrey,Torrey,Utah,49055,Wayne,38.3078,-111.4269,219,49.2,shape,false,true,America/Denver,3,84775,1840022515
Teasdale,Teasdale,Utah,49055,Wayne,38.2851,-111.4724,217,20.9,shape,false,false,America/Denver,3,84773,1840026748
Hanksville,Hanksville,Utah,49055,Wayne,38.3724,-110.7138,217,49.7,shape,false,true,America/Denver,3,84734,1840021505
Portage,Portage,Utah,49003,Box Elder,41.9756,-112.2405,209,31.6,shape,false,true,America/Denver,3,84331,1840021331
Lyman,Lyman,Utah,49055,Wayne,38.3966,-111.5893,200,42.7,shape,false,true,America/Denver,3,84749,1840021507
Whiterocks,Whiterocks,Utah,49047,Uintah,40.4721,-109.9412,191,31.3,shape,false,false,America/Denver,3,84085,1840018749
Sutherland,Sutherland,Utah,49027,Millard,39.3896,-112.6399,185,32.9,shape,false,false,America/Denver,3,84624,1840024465
Rockville,Rockville,Utah,49053,Washington,37.1478,-113.0548,180,8.2,shape,false,true,America/Denver,3,84763,1840021563
Tabiona,Tabiona,Utah,49013,Duchesne,40.3544,-110.7096,156,271.4,shape,false,true,America/Denver,3,84072,1840022412
Cedar Fort,Cedar Fort,Utah,49049,Utah,40.3414,-112.1086,154,2.8,shape,false,true,America/Denver,3,84013,1840022418
Hatch,Hatch,Utah,49017,Garfield,37.6493,-112.4348,131,27.5,shape,false,true,America/Denver,3,84735,1840021524
Bluff,Bluff,Utah,49037,San Juan,37.2871,-109.573,123,1.3,shape,false,true,America/Denver,3,84512,1840017594
Garden,Garden,Utah,49033,Rich,41.8866,-111.4326,123,1.8,shape,false,false,America/Denver,3,84038 84028,1840017478
Samak,Samak,Utah,49043,Summit,40.6389,-111.2413,122,19.1,shape,false,false,America/Denver,3,84036,1840018722
Lynndyl,Lynndyl,Utah,49027,Millard,39.5085,-112.3933,119,14.5,shape,false,true,America/Denver,3,84640,1840022458
Cache,Cache,Utah,49005,Cache,41.8309,-112.0053,105,7.0,shape,false,true,America/Denver,4,84304 84327,1840037016
Independence,Independence,Utah,49051,Wasatch,40.4108,-111.2958,100,1.3,shape,false,true,America/Denver,3,84032,1840022417
Kenilworth,Kenilworth,Utah,49007,Carbon,39.6803,-110.8146,95,48.8,shape,false,false,America/Denver,3,84529,1840024371
Tselakai Dezza,Tselakai Dezza,Utah,49037,San Juan,37.21,-109.609,89,1.7,shape,false,false,America/Denver,3,84512,1840037251
Antimony,Antimony,Utah,49017,Garfield,38.103,-111.9823,88,3.5,shape,false,true,America/Denver,3,84712,1840021523
Peoa,Peoa,Utah,49043,Summit,40.7295,-111.3434,87,9.6,shape,false,false,America/Denver,3,84061,1840024186
Interlaken,Interlaken,Utah,49051,Wasatch,40.5413,-111.4749,84,370.4,shape,false,true,America/Denver,3,84049,1840037255
Echo,Echo,Utah,49043,Summit,40.9803,-111.4393,79,37.3,shape,false,false,America/Denver,3,84024,1840024183
Fairfield,Fairfield,Utah,49049,Utah,40.2462,-112.0842,78,1.2,shape,false,true,America/Denver,3,84013,1840021401
Flaming Gorge,Flaming Gorge,Utah,49009,Daggett,40.8889,-109.4751,69,11.7,shape,false,true,America/Denver,4,84023,1840041657
Randlett,Randlett,Utah,49047,Uintah,40.2267,-109.8308,62,4.6,shape,false,false,America/Denver,3,84063,1840018748
Clawson,Clawson,Utah,49015,Emery,39.1391,-111.0934,61,23.5,shape,false,true,America/Denver,3,84516,1840022447
White Mesa,White Mesa,Utah,49037,San Juan,37.4596,-109.46,60,1.5,shape,false,false,America/Denver,3,84511,1840037252
Brian Head,Brian Head,Utah,49021,Iron,37.6977,-112.8416,60,6.3,shape,false,true,America/Denver,3,84719,1840021526
Lapoint,Lapoint,Utah,49047,Uintah,40.4043,-109.7969,48,28.2,shape,false,false,America/Denver,3,84039,1840037163
Fremont,Fremont,Utah,49055,Wayne,38.4556,-111.6148,47,10.4,shape,false,false,America/Denver,3,84747,1840026747
Sundance,Sundance,Utah,49049,Utah,40.3937,-111.5913,47,12.8,shape,false,false,America/Denver,4,84604,1840137434
Scofield,Scofield,Utah,49007,Carbon,39.7198,-111.1623,43,18.0,shape,false,true,America/Denver,3,84526,1840022440
Ophir,Ophir,Utah,49045,Tooele,40.3716,-112.2507,41,38.7,shape,false,false,America/Denver,3,84071,1840022393
Dutch John,Dutch John,Utah,49009,Daggett,40.9301,-109.4042,37,2.4,shape,false,true,America/Denver,3,84023,1840024242
Oasis,Oasis,Utah,49027,Millard,39.2923,-112.629,30,64.9,shape,false,false,America/Denver,3,84624,1840024464
Clear Creek,Clear Creek,Utah,49007,Carbon,39.6433,-111.1548,24,5.2,shape,false,false,America/Denver,3,84526,1840024370
Beryl Junction,Beryl Junction,Utah,49021,Iron,37.701,-113.6535,23,4.9,shape,false,false,America/Denver,3,84714,1840026787
Mexican Hat,Mexican Hat,Utah,49037,San Juan,37.1731,-109.873,22,1.0,shape,false,false,America/Denver,3,84531,1840018874
Cedar Highlands,Cedar Highlands,Utah,49021,Iron,37.6295,-113.0667,19,7.8,shape,false,true,America/Denver,5,84720,1840033695
Modena,Modena,Utah,49021,Iron,37.7947,-113.9275,0,9.1,shape,false,false,America/Denver,3,84753,1840141028
Halls Crossing,Halls Crossing,Utah,49037,San Juan,37.4578,-110.6829,0,0.2,shape,false,false,America/Denver,3,84533,1840017595
Bonanza,Bonanza,Utah,49047,Uintah,40.0304,-109.1884,0,0.3,shape,false,false,America/Denver,3,84008 84078,1840024260
Thompson Springs,Thompson Springs,Utah,49019,Grand,38.9636,-109.7037,0,0.0,shape,false,false,America/Denver,3,84540,1840024467
