Trenton,Trenton,New Jersey,34021,Mercer,40.2237,-74.7641,362179,4571.3,shape,false,true,America/New_York,2,08638 08611 08618 08629 08609 08608 08601 08603 08604 08605 08607 08625 08645 08646 08647 08666 08695,1840001383
Newark,Newark,New Jersey,34013,Essex,40.7245,-74.1725,307355,4915.2,shape,false,true,America/New_York,2,07103 07102 07105 07104 07107 07106 07108 07112 07114 07101 07175 07188 07191 07192 07193 07195 07198 07199,1840002791
Jersey City,Jersey City,New Jersey,34017,Hudson,40.7184,-74.0686,287899,7537.2,shape,false,true,America/New_York,2,07310 07311 07302 07307 07306 07305 07304 07097 07303 07308 07395 07399,1840003600
Paterson,Paterson,New Jersey,34031,Passaic,40.9147,-74.1624,157864,7244.8,shape,false,true,America/New_York,2,07522 07524 07514 07513 07505 07501 07504 07503 07502 07507 07509 07510 07533 07543 07544,1840000838
Elizabeth,Elizabeth,New Jersey,34039,Union,40.6658,-74.1913,135665,4252.1,shape,false,true,America/New_York,2,07208 07202 07201 07206 07207,1840003613
Clifton,Clifton,New Jersey,34031,Passaic,40.863,-74.1575,89451,3063.3,shape,false,true,America/New_York,2,07014 07013 07012 07011 07015,1840003511
Vineland,Vineland,New Jersey,34011,Cumberland,39.4653,-74.9981,86042,343.2,shape,false,true,America/New_York,3,08344 08360 08361 08362,1840001551
Camden,Camden,New Jersey,34007,Camden,39.9361,-75.1073,71799,3108.3,shape,false,true,America/New_York,2,08104 08105 08102 08103 08101,1840001507
Bayonne,Bayonne,New Jersey,34017,Hudson,40.6668,-74.1158,70497,4675.6,shape,false,true,America/New_York,2,07002,1840003595
Passaic,Passaic,New Jersey,34031,Passaic,40.8574,-74.1282,70048,8632.7,shape,false,true,America/New_York,2,07055,1840000837
East Orange,East Orange,New Jersey,34013,Essex,40.7651,-74.2117,68879,6771.2,shape,false,true,America/New_York,2,07018 07017 07019,1840002792
Union City,Union City,New Jersey,34017,Hudson,40.7675,-74.0323,67258,20177.4,shape,false,true,America/New_York,2,07087,1840001034
Hoboken,Hoboken,New Jersey,34017,Hudson,40.7452,-74.0281,58754,18145.0,shape,false,true,America/New_York,2,07030,1840003599
New Brunswick,New Brunswick,New Jersey,34023,Middlesex,40.487,-74.445,55718,4111.2,shape,false,true,America/New_York,2,08901 08875 08906 08933,1840001339
Perth Amboy,Perth Amboy,New Jersey,34023,Middlesex,40.5202,-74.2724,55226,4573.7,shape,false,true,America/New_York,2,08861 08862,1840001340
Plainfield,Plainfield,New Jersey,34039,Union,40.6154,-74.4157,54358,3521.9,shape,false,true,America/New_York,2,07062 07063 07060 07061,1840001090
West New York,West New York,New Jersey,34017,Hudson,40.7857,-74.0094,52438,20363.1,shape,false,true,America/New_York,2,07093,1840001035
Sicklerville,Sicklerville,New Jersey,34007,Camden,39.7452,-74.9934,45853,1019.7,shape,false,false,America/New_York,3,08081,1840033409
Hackensack,Hackensack,New Jersey,34003,Bergen,40.8891,-74.0462,45758,4215.2,shape,false,true,America/New_York,2,07601 07602,1840003556
Sayreville,Sayreville,New Jersey,34023,Middlesex,40.4656,-74.3237,45136,1100.9,shape,false,true,America/New_York,3,08872 08879 08859 08871,1840001332
Linden,Linden,New Jersey,34039,Union,40.6251,-74.2383,43478,1570.7,shape,false,true,America/New_York,3,07036,1840001094
Kearny,Kearny,New Jersey,34017,Hudson,40.7528,-74.1202,41157,1796.7,shape,false,true,America/New_York,3,07032 07099,1840003601
Fort Lee,Fort Lee,New Jersey,34003,Bergen,40.8509,-73.9713,39799,6103.5,shape,false,true,America/New_York,2,07024,1840003552
Atlantic City,Atlantic City,New Jersey,34001,Atlantic,39.3797,-74.4527,38487,1381.0,shape,false,true,America/New_York,3,08401 08404 08405,1840003798
Fair Lawn,Fair Lawn,New Jersey,34003,Bergen,40.9359,-74.1177,34948,2627.7,shape,false,true,America/New_York,2,07410,1840003548
Garfield,Garfield,New Jersey,34003,Bergen,40.8791,-74.1085,32472,5939.0,shape,false,true,America/New_York,2,07026,1840003554
Long Branch,Long Branch,New Jersey,34025,Monmouth,40.2965,-73.9915,31932,2406.0,shape,false,true,America/New_York,2,07740,1840003673
Westfield,Westfield,New Jersey,34039,Union,40.6516,-74.3432,30839,1770.8,shape,false,true,America/New_York,3,07090,1840001096
Princeton,Princeton,New Jersey,34021,Mercer,40.3562,-74.6693,30450,655.1,shape,false,true,America/New_York,3,08544 08540 08542 08541,1840001381
Rahway,Rahway,New Jersey,34039,Union,40.6077,-74.2807,29664,2939.6,shape,false,true,America/New_York,2,07065,1840001091
Englewood,Englewood,New Jersey,34003,Bergen,40.8917,-73.9736,29109,2281.8,shape,false,true,America/New_York,2,07631,1840003546
Bergenfield,Bergenfield,New Jersey,34003,Bergen,40.9236,-73.9982,28223,3752.2,shape,false,true,America/New_York,2,07621,1840000893
Millville,Millville,New Jersey,34011,Cumberland,39.3903,-75.0561,27523,253.0,shape,false,true,America/New_York,3,08332,1840001550
Paramus,Paramus,New Jersey,34003,Bergen,40.9455,-74.0712,26582,982.6,shape,false,true,America/New_York,3,07652 07653,1840000916
Ridgewood,Ridgewood,New Jersey,34003,Bergen,40.9821,-74.1127,26043,1751.3,shape,false,true,America/New_York,3,07450 07451,1840000899
Lodi,Lodi,New Jersey,34003,Bergen,40.8784,-74.0814,25969,4412.7,shape,false,true,America/New_York,2,07644,1840003535
Cliffside Park,Cliffside Park,New Jersey,34003,Bergen,40.8222,-73.9879,25546,10319.8,shape,false,true,America/New_York,2,07010,1840003537
Carteret,Carteret,New Jersey,34023,Middlesex,40.5849,-74.2284,25161,2212.4,shape,false,true,America/New_York,2,07008,1840001331
South Plainfield,South Plainfield,New Jersey,34023,Middlesex,40.5748,-74.4152,24273,1129.7,shape,false,true,America/New_York,3,07080,1840001334
Somerset,Somerset,New Jersey,34035,Somerset,40.5083,-74.501,24246,1479.1,shape,false,false,America/New_York,3,08873,1840005375
Glassboro,Glassboro,New Jersey,34015,Gloucester,39.7014,-75.1113,23014,953.4,shape,false,true,America/New_York,3,08028,1840003789
North Plainfield,North Plainfield,New Jersey,34035,Somerset,40.6209,-74.4386,22695,3121.2,shape,false,true,America/New_York,2,07062 07063 07060,1840001059
Summit,Summit,New Jersey,34039,Union,40.7154,-74.3647,22555,1452.9,shape,false,true,America/New_York,3,07901 07902,1840000999
Roselle,Roselle,New Jersey,34039,Union,40.6527,-74.2599,22500,3296.9,shape,false,true,America/New_York,2,07203,1840001092
Hillsborough,Hillsborough,New Jersey,34035,Somerset,40.5069,-74.6523,21865,1055.0,shape,false,false,America/New_York,3,08844,1840153047
Parsippany,Parsippany,New Jersey,34027,Morris,40.8645,-74.4135,21806,1383.3,shape,false,false,America/New_York,3,07054 07005,1840033373
Secaucus,Secaucus,New Jersey,34017,Hudson,40.781,-74.0659,21470,1422.8,shape,false,true,America/New_York,3,07094 07096,1840001033
Lindenwold,Lindenwold,New Jersey,34007,Camden,39.8173,-74.9898,21337,2111.3,shape,false,true,America/New_York,2,08021,1840000730
Elmwood Park,Elmwood Park,New Jersey,34003,Bergen,40.9049,-74.1201,21261,3106.0,shape,false,true,America/New_York,2,07407,1840003544
Pleasantville,Pleasantville,New Jersey,34001,Atlantic,39.39,-74.5169,20562,1387.7,shape,false,true,America/New_York,3,08232,1840001535
Palisades Park,Palisades Park,New Jersey,34003,Bergen,40.8472,-73.9966,20231,6304.7,shape,false,true,America/New_York,2,07650,1840000915
Morristown,Morristown,New Jersey,34027,Morris,40.7967,-74.4772,20126,2671.1,shape,false,true,America/New_York,2,07960 07963,1840003577
Hawthorne,Hawthorne,New Jersey,34031,Passaic,40.9579,-74.1582,19456,2263.7,shape,false,true,America/New_York,2,07506,1840003513
Harrison,Harrison,New Jersey,34017,Hudson,40.7431,-74.1531,19217,6126.1,shape,false,true,America/New_York,2,07029,1840003598
Tinton Falls,Tinton Falls,New Jersey,34025,Monmouth,40.2708,-74.0949,19180,478.5,shape,false,true,America/New_York,3,07712 07724 07753,1840001368
Point Pleasant,Point Pleasant,New Jersey,34029,Ocean,40.0772,-74.0702,19024,2104.0,shape,false,true,America/New_York,2,08742,1840001485
Rutherford,Rutherford,New Jersey,34003,Bergen,40.8203,-74.1057,18754,2603.7,shape,false,true,America/New_York,2,07070,1840000902
Preakness,Preakness,New Jersey,34031,Passaic,40.9382,-74.2242,18591,1265.0,shape,false,false,America/New_York,3,07470,1840144111
Colonia,Colonia,New Jersey,34023,Middlesex,40.5926,-74.3148,18581,1780.3,shape,false,false,America/New_York,3,07067,1840005411
Iselin,Iselin,New Jersey,34023,Middlesex,40.5697,-74.3172,18511,2267.7,shape,false,false,America/New_York,2,08830,1840005418
Dover,Dover,New Jersey,34027,Morris,40.8859,-74.5597,18426,2658.9,shape,false,true,America/New_York,2,07801,1840003581
Ocean Acres,Ocean Acres,New Jersey,34029,Ocean,39.743,-74.2805,18229,1208.0,shape,false,false,America/New_York,3,08050 08005,1840033483
Dumont,Dumont,New Jersey,34003,Bergen,40.9452,-73.9923,18014,3567.9,shape,false,true,America/New_York,2,07628,1840003541
Avenel,Avenel,New Jersey,34023,Middlesex,40.5842,-74.2716,17211,1953.1,shape,false,false,America/New_York,3,07001,1840005410
New Milford,New Milford,New Jersey,34003,Bergen,40.9337,-74.0196,16888,2856.2,shape,false,true,America/New_York,2,07646,1840000908
Madison,Madison,New Jersey,34027,Morris,40.7586,-74.4169,16521,1479.4,shape,false,true,America/New_York,3,07940,1840003574
North Arlington,North Arlington,New Jersey,34003,Bergen,40.7874,-74.1273,16352,2541.3,shape,false,true,America/New_York,2,07031,1840000909
South River,South River,New Jersey,34023,Middlesex,40.4455,-74.3783,16081,2229.4,shape,false,true,America/New_York,2,08882,1840001335
Princeton Meadows,Princeton Meadows,New Jersey,34023,Middlesex,40.3347,-74.5651,15585,2360.0,shape,false,false,America/New_York,2,08536 08512,1840033474
Tenafly,Tenafly,New Jersey,34003,Bergen,40.9176,-73.9532,15299,1287.9,shape,false,true,America/New_York,3,07670,1840000918
Springdale,Springdale,New Jersey,34007,Camden,39.8769,-74.9724,15247,1100.6,shape,false,false,America/New_York,3,08003,1840133731
Asbury Park,Asbury Park,New Jersey,34025,Monmouth,40.2226,-74.0119,15245,4116.8,shape,false,true,America/New_York,2,07712,1840003684
Phillipsburg,Phillipsburg,New Jersey,34041,Warren,40.6894,-75.1821,15206,1840.1,shape,false,true,America/New_York,3,08865,1840000944
Highland Park,Highland Park,New Jersey,34023,Middlesex,40.5006,-74.4283,14996,3179.4,shape,false,true,America/New_York,2,08904,1840003636
Metuchen,Metuchen,New Jersey,34023,Middlesex,40.5424,-74.3628,14958,2035.4,shape,false,true,America/New_York,2,08840,1840003633
Fairview,Fairview,New Jersey,34003,Bergen,40.8182,-74.0022,14935,6835.0,shape,false,true,America/New_York,2,07022,1840003549
Williamstown,Williamstown,New Jersey,34015,Gloucester,39.6874,-74.9786,14770,768.4,shape,false,false,America/New_York,3,08094,1840016785
Ramsey,Ramsey,New Jersey,34003,Bergen,41.0595,-74.1454,14739,1034.2,shape,false,true,America/New_York,3,07446,1840000896
Hammonton,Hammonton,New Jersey,34001,Atlantic,39.6572,-74.7678,14732,139.6,shape,false,true,America/New_York,3,08037,1840003800
Middlesex,Middlesex,New Jersey,34023,Middlesex,40.5744,-74.5011,14525,1607.7,shape,false,true,America/New_York,3,08846,1840001337
Short Hills,Short Hills,New Jersey,34013,Essex,40.7389,-74.3278,14448,1061.2,shape,false,false,America/New_York,3,07078,1840033408
West Freehold,West Freehold,New Jersey,34025,Monmouth,40.2324,-74.2943,14448,943.4,shape,false,false,America/New_York,3,07728,1840005454
Hopatcong,Hopatcong,New Jersey,34037,Sussex,40.9541,-74.6593,14411,511.3,shape,false,true,America/New_York,3,07874 07821 07843 07837,1840003482
Edgewater,Edgewater,New Jersey,34003,Bergen,40.8237,-73.974,14394,5723.2,shape,false,true,America/New_York,2,07020,1840003543
Moorestown-Lenola,Moorestown-Lenola,New Jersey,34005,Burlington,39.9659,-74.9643,14379,790.1,shape,false,true,America/New_York,3,08057,1840035113
Mercerville,Mercerville,New Jersey,34021,Mercer,40.236,-74.6917,14364,1503.7,shape,false,false,America/New_York,3,08690 08619,1840033344
Bradley Gardens,Bradley Gardens,New Jersey,34035,Somerset,40.5711,-74.6678,14345,1233.3,shape,false,false,America/New_York,3,08807,1840033232
Westmont,Westmont,New Jersey,34007,Camden,39.9082,-75.0551,14138,2453.0,shape,false,false,America/New_York,2,08107 08108 08033,1840033439
Roselle Park,Roselle Park,New Jersey,34039,Union,40.6653,-74.2666,13964,4403.0,shape,false,true,America/New_York,2,07204,1840001093
New Providence,New Providence,New Jersey,34039,Union,40.6996,-74.4035,13595,1423.2,shape,false,true,America/New_York,3,07974,1840001095
Echelon,Echelon,New Jersey,34007,Camden,39.8482,-74.9957,13553,1871.1,shape,false,false,America/New_York,3,08043,1840033470
Eatontown,Eatontown,New Jersey,34025,Monmouth,40.2913,-74.0558,13522,893.9,shape,false,true,America/New_York,3,07724 07703,1840003679
Franklin Park,Franklin Park,New Jersey,34035,Somerset,40.4439,-74.5431,13425,1990.1,shape,false,true,America/New_York,3,08823 08873,1840039889
Ridgefield Park,Ridgefield Park,New Jersey,34003,Bergen,40.8543,-74.0201,13161,2980.8,shape,false,true,America/New_York,2,07660,1840000898
Cherry Hill Mall,Cherry Hill Mall,New Jersey,34007,Camden,39.9384,-75.0117,13070,1383.6,shape,false,false,America/New_York,3,08002 08034,1840033469
Red Bank,Red Bank,New Jersey,34025,Monmouth,40.348,-74.0672,12868,2846.1,shape,false,true,America/New_York,2,07701,1840001358
Florham Park,Florham Park,New Jersey,34027,Morris,40.7773,-74.3953,12790,675.2,shape,false,true,America/New_York,3,07961 07932,1840003582
Oakland,Oakland,New Jersey,34003,Bergen,41.0313,-74.2408,12734,578.3,shape,false,true,America/New_York,3,07436,1840000912
Fords,Fords,New Jersey,34023,Middlesex,40.5359,-74.3126,12663,2588.3,shape,false,false,America/New_York,2,08863,1840005409
Robertsville,Robertsville,New Jersey,34025,Monmouth,40.3395,-74.2939,12646,827.2,shape,false,false,America/New_York,3,07751 07726 07746,1840026509
Holiday City-Berkeley,Holiday City-Berkeley,New Jersey,34029,Ocean,39.9639,-74.2787,12639,817.9,shape,false,true,America/New_York,3,08757,1840073689
Somerville,Somerville,New Jersey,34035,Somerset,40.5696,-74.6092,12467,2059.1,shape,false,true,America/New_York,2,08876,1840001056
Upper Montclair,Upper Montclair,New Jersey,34013,Essex,40.8433,-74.2006,12441,2018.1,shape,false,false,America/New_York,2,07043,1840024255
Martinsville,Martinsville,New Jersey,34035,Somerset,40.603,-74.5751,12370,393.0,shape,false,false,America/New_York,3,08836 08805 08807,1840024279
Glen Rock,Glen Rock,New Jersey,34003,Bergen,40.9601,-74.125,12086,1726.1,shape,false,true,America/New_York,3,07452,1840003555
Hasbrouck Heights,Hasbrouck Heights,New Jersey,34003,Bergen,40.8618,-74.0741,12080,3061.7,shape,false,true,America/New_York,2,07604,1840003558
River Edge,River Edge,New Jersey,34003,Bergen,40.9269,-74.0387,12022,2532.9,shape,false,true,America/New_York,2,07661,1840000900
Bound Brook,Bound Brook,New Jersey,34035,Somerset,40.5676,-74.5383,11906,2767.1,shape,false,true,America/New_York,2,08805,1840001053
Hamilton Square,Hamilton Square,New Jersey,34021,Mercer,40.2248,-74.6526,11894,1074.0,shape,false,false,America/New_York,3,08690 08691,1840024324
Wallington,Wallington,New Jersey,34003,Bergen,40.8536,-74.1069,11838,4597.9,shape,false,true,America/New_York,2,07057,1840000922
Guttenberg,Guttenberg,New Jersey,34017,Hudson,40.7928,-74.0049,11765,18829.8,shape,false,true,America/New_York,2,07093,1840003597
Ringwood,Ringwood,New Jersey,34031,Passaic,41.1065,-74.2749,11692,176.4,shape,false,true,America/New_York,3,07456,1840000835
Bellmawr,Bellmawr,New Jersey,34007,Camden,39.8666,-75.0941,11677,1510.7,shape,false,true,America/New_York,3,08031 08099,1840000731
Ridgefield,Ridgefield,New Jersey,34003,Bergen,40.8313,-74.0147,11465,1740.5,shape,false,true,America/New_York,3,07657,1840000897
Gloucester City,Gloucester City,New Jersey,34007,Camden,39.8924,-75.1172,11435,1907.4,shape,false,true,America/New_York,3,08030,1840003777
Ocean City,Ocean City,New Jersey,34009,Cape May,39.2681,-74.602,11260,643.8,shape,false,true,America/New_York,3,08226,1840001598
Westwood,Westwood,New Jersey,34003,Bergen,40.9878,-74.0308,11241,1921.7,shape,false,true,America/New_York,3,07675,1840000923
Wanaque,Wanaque,New Jersey,34031,Passaic,41.044,-74.29,11217,537.2,shape,false,true,America/New_York,3,07465 07420,1840000840
Pompton Lakes,Pompton Lakes,New Jersey,34031,Passaic,41.0024,-74.2859,11052,1477.8,shape,false,true,America/New_York,3,07442,1840000833
Greentree,Greentree,New Jersey,34007,Camden,39.8989,-74.9613,11016,914.5,shape,false,false,America/New_York,3,08003 08034,1840033472
Franklin Lakes,Franklin Lakes,New Jersey,34003,Bergen,41.0086,-74.2083,11007,451.4,shape,false,true,America/New_York,3,07417,1840003553
Oak Ridge,Oak Ridge,New Jersey,34027,Morris,41.0323,-74.4971,10997,318.9,shape,false,false,America/New_York,3,07438,1840033370
Totowa,Totowa,New Jersey,34031,Passaic,40.9039,-74.2214,10975,1059.3,shape,false,true,America/New_York,3,07512 07511,1840000839
Little Ferry,Little Ferry,New Jersey,34003,Bergen,40.8464,-74.0388,10954,2863.3,shape,false,true,America/New_York,2,07643,1840003534
Pompton Plains,Pompton Plains,New Jersey,34027,Morris,40.9679,-74.3075,10941,815.7,shape,false,false,America/New_York,3,07444,1840033387
The Hills,The Hills,New Jersey,34035,Somerset,40.6561,-74.6215,10937,1489.6,shape,false,false,America/New_York,3,07921 07920,1840151839
Beachwood,Beachwood,New Jersey,34029,Ocean,39.9286,-74.2022,10933,1527.7,shape,false,true,America/New_York,3,08722,1840001483
Manville,Manville,New Jersey,34035,Somerset,40.542,-74.5892,10892,1781.3,shape,false,true,America/New_York,3,08835,1840003610
Lincoln Park,Lincoln Park,New Jersey,34027,Morris,40.9239,-74.3035,10884,656.8,shape,false,true,America/New_York,3,07035,1840000953
Pine Hill,Pine Hill,New Jersey,34007,Camden,39.7879,-74.9857,10698,849.0,shape,false,true,America/New_York,3,08009 08021,1840001509
Kendall Park,Kendall Park,New Jersey,34023,Middlesex,40.4135,-74.5631,10624,1085.2,shape,false,false,America/New_York,3,08824 08852,1840005419
Somers Point,Somers Point,New Jersey,34001,Atlantic,39.3167,-74.6066,10482,1009.1,shape,false,true,America/New_York,3,08244,1840001537
Lake Hopatcong,Lake Hopatcong,New Jersey,34027,Morris,40.9599,-74.6094,10480,547.9,shape,false,false,America/New_York,3,07849 07885,1840145177
Marlton,Marlton,New Jersey,34005,Burlington,39.9014,-74.9294,10403,1217.2,shape,false,false,America/New_York,3,08053,1840005522
Brookdale,Brookdale,New Jersey,34013,Essex,40.8348,-74.1798,10312,2484.3,shape,false,false,America/New_York,2,07003,1840024254
Hillsdale,Hillsdale,New Jersey,34003,Bergen,41.0074,-74.044,10125,1347.3,shape,false,true,America/New_York,3,07642,1840003560
Hackettstown,Hackettstown,New Jersey,34041,Warren,40.854,-74.8257,10111,1080.9,shape,false,true,America/New_York,3,07840,1840003573
Waldwick,Waldwick,New Jersey,34003,Bergen,41.0133,-74.1259,10068,1899.7,shape,false,true,America/New_York,3,07463,1840000921
Lake Hiawatha,Lake Hiawatha,New Jersey,34027,Morris,40.8816,-74.3826,10064,3520.4,shape,false,false,America/New_York,2,07034,1840033318
Browns Mills,Browns Mills,New Jersey,34005,Burlington,39.9737,-74.569,10060,722.9,shape,false,false,America/New_York,3,08015,1840005517
Blackwells Mills,Blackwells Mills,New Jersey,34035,Somerset,40.4773,-74.5976,10047,505.1,shape,false,false,America/New_York,3,08873 08844,1840033455
Maywood,Maywood,New Jersey,34003,Bergen,40.9025,-74.0634,10040,3012.7,shape,false,true,America/New_York,2,07607,1840003536
East Rutherford,East Rutherford,New Jersey,34003,Bergen,40.8179,-74.0854,10020,1042.4,shape,false,true,America/New_York,3,07073,1840003542
Kinnelon,Kinnelon,New Jersey,34027,Morris,40.9847,-74.3862,9986,213.7,shape,false,true,America/New_York,3,07405,1840000952
Budd Lake,Budd Lake,New Jersey,34027,Morris,40.8733,-74.7375,9983,708.0,shape,false,false,America/New_York,3,07828 07836,1840005195
Woodbury,Woodbury,New Jersey,34015,Gloucester,39.8379,-75.1524,9981,1908.0,shape,false,true,America/New_York,3,08096,1840001527
Wood-Ridge,Wood-Ridge,New Jersey,34003,Bergen,40.8508,-74.0878,9978,3459.7,shape,false,true,America/New_York,2,07075,1840000925
Villas,Villas,New Jersey,34009,Cape May,39.0157,-74.935,9925,981.6,shape,false,false,America/New_York,3,08251,1840005869
Succasunna,Succasunna,New Jersey,34027,Morris,40.853,-74.6568,9835,647.0,shape,false,false,America/New_York,3,07876,1840024235
Keansburg,Keansburg,New Jersey,34025,Monmouth,40.4469,-74.1315,9761,3514.6,shape,false,true,America/New_York,2,07734,1840003690
Monmouth Junction,Monmouth Junction,New Jersey,34023,Middlesex,40.3754,-74.5582,9750,859.2,shape,false,false,America/New_York,3,08852,1840005415
Pine Lake Park,Pine Lake Park,New Jersey,34029,Ocean,40.0017,-74.2595,9711,1511.5,shape,false,false,America/New_York,3,08757 08759,1840024354
Lake Mohawk,Lake Mohawk,New Jersey,34037,Sussex,41.0149,-74.664,9703,746.2,shape,false,false,America/New_York,3,07871,1840004955
White Horse,White Horse,New Jersey,34021,Mercer,40.1919,-74.7023,9692,1200.3,shape,false,false,America/New_York,3,08690 08610,1840005475
McKee City,McKee City,New Jersey,34001,Atlantic,39.4465,-74.6445,9566,766.4,shape,false,false,America/New_York,3,08330,1840081031
Matawan,Matawan,New Jersey,34025,Monmouth,40.4127,-74.2365,9546,1626.6,shape,false,true,America/New_York,3,07747,1840003675
Ashland,Ashland,New Jersey,34007,Camden,39.8782,-75.0085,9383,1246.1,shape,false,false,America/New_York,3,08003 08034,1840033467
South Amboy,South Amboy,New Jersey,34023,Middlesex,40.4852,-74.2831,9336,2344.1,shape,false,true,America/New_York,2,08879,1840001333
East Franklin,East Franklin,New Jersey,34035,Somerset,40.4933,-74.471,9309,3300.5,shape,false,true,America/New_York,2,08873,1840039869
Ventnor City,Ventnor City,New Jersey,34001,Atlantic,39.3457,-74.486,9285,1833.5,shape,false,true,America/New_York,3,08406,1840001539
Leonia,Leonia,New Jersey,34003,Bergen,40.8638,-73.99,9273,2350.6,shape,false,true,America/New_York,2,07605,1840000904
White Meadow Lake,White Meadow Lake,New Jersey,34027,Morris,40.9241,-74.5107,9223,988.0,shape,false,false,America/New_York,3,07866,1840005198
Flanders,Flanders,New Jersey,34027,Morris,40.8412,-74.7102,9164,476.5,shape,false,false,America/New_York,3,07836,1840033277
Smithville,Smithville,New Jersey,34001,Atlantic,39.4929,-74.4801,9135,635.4,shape,false,false,America/New_York,3,08205,1840024384
Cresskill,Cresskill,New Jersey,34003,Bergen,40.9405,-73.9596,9105,1702.6,shape,false,true,America/New_York,3,07626,1840003539
Park Ridge,Park Ridge,New Jersey,34003,Bergen,41.0352,-74.0423,9098,1347.4,shape,false,true,America/New_York,3,07656,1840000917
Absecon,Absecon,New Jersey,34001,Atlantic,39.4229,-74.4944,9086,634.2,shape,false,true,America/New_York,3,08201,1840003797
Haledon,Haledon,New Jersey,34031,Passaic,40.9363,-74.1887,8945,2842.9,shape,false,true,America/New_York,2,07508 07538,1840003512
Bogota,Bogota,New Jersey,34003,Bergen,40.8751,-74.0293,8940,4574.1,shape,false,true,America/New_York,2,07603,1840000894
Caldwell,Caldwell,New Jersey,34013,Essex,40.8389,-74.2776,8897,2915.8,shape,false,true,America/New_York,2,07006,1840005354
Whippany,Whippany,New Jersey,34027,Morris,40.8233,-74.4184,8888,611.8,shape,false,false,America/New_York,3,07981 07999,1840033441
Pomona,Pomona,New Jersey,34001,Atlantic,39.4688,-74.5502,8878,1230.9,shape,false,false,America/New_York,3,08215 08205,1840005596
Pitman,Pitman,New Jersey,34015,Gloucester,39.7335,-75.1306,8805,1532.5,shape,false,true,America/New_York,3,08071,1840001521
Clayton,Clayton,New Jersey,34015,Gloucester,39.6627,-75.0782,8801,480.3,shape,false,true,America/New_York,3,08312 08094,1840001520
North Haledon,North Haledon,New Jersey,34031,Passaic,40.9628,-74.1844,8801,980.9,shape,false,true,America/New_York,3,07508,1840000836
Boonton,Boonton,New Jersey,34027,Morris,40.9047,-74.4048,8781,1447.8,shape,false,true,America/New_York,3,07005,1840000946
Audubon,Audubon,New Jersey,34007,Camden,39.8906,-75.0722,8695,2265.0,shape,false,true,America/New_York,2,08106,1840003775
Closter,Closter,New Jersey,34003,Bergen,40.9733,-73.9604,8555,1045.2,shape,false,true,America/New_York,3,07624,1840003538
West Long Branch,West Long Branch,New Jersey,34025,Monmouth,40.2883,-74.0185,8547,1155.5,shape,false,true,America/New_York,3,07764,1840001370
Crestwood Village,Crestwood Village,New Jersey,34029,Ocean,39.9568,-74.3524,8479,766.0,shape,false,false,America/New_York,3,08759,1840005527
Northfield,Northfield,New Jersey,34001,Atlantic,39.3718,-74.5543,8432,908.8,shape,false,true,America/New_York,3,08225,1840001538
Montvale,Montvale,New Jersey,34003,Bergen,41.0529,-74.0499,8413,807.4,shape,false,true,America/New_York,3,07645,1840000906
Newton,Newton,New Jersey,34037,Sussex,41.0534,-74.7527,8370,961.8,shape,false,true,America/New_York,3,07860,1840000786
Dayton,Dayton,New Jersey,34023,Middlesex,40.3768,-74.5112,8361,1340.9,shape,false,false,America/New_York,3,08810,1840005414
Kenilworth,Kenilworth,New Jersey,34039,Union,40.6781,-74.289,8345,1500.9,shape,false,true,America/New_York,3,07033,1840003616
Upper Saddle River,Upper Saddle River,New Jersey,34003,Bergen,41.0634,-74.0985,8313,611.0,shape,false,true,America/New_York,3,07458,1840000920
Runnemede,Runnemede,New Jersey,34007,Camden,39.8522,-75.074,8307,1563.8,shape,false,true,America/New_York,3,08078,1840001511
Madison Park,Madison Park,New Jersey,34023,Middlesex,40.4454,-74.2966,8291,1760.5,shape,false,false,America/New_York,3,08879 08859 08857,1840005421
Oradell,Oradell,New Jersey,34003,Bergen,40.9562,-74.0314,8208,1314.2,shape,false,true,America/New_York,3,07649,1840000914
Twin Rivers,Twin Rivers,New Jersey,34021,Mercer,40.2631,-74.4917,8144,2490.3,shape,false,false,America/New_York,2,08520,1840005474
Spotswood,Spotswood,New Jersey,34023,Middlesex,40.3949,-74.392,8136,1358.3,shape,false,true,America/New_York,3,08884,1840001336
Atco,Atco,New Jersey,34007,Camden,39.7682,-74.8618,8049,320.7,shape,false,false,America/New_York,3,08004,1840033217
Butler,Butler,New Jersey,34027,Morris,40.999,-74.3472,8045,1527.5,shape,false,true,America/New_York,3,07405,1840000947
Basking Ridge,Basking Ridge,New Jersey,34035,Somerset,40.7061,-74.5568,7905,452.2,shape,false,false,America/New_York,3,07920,1840033225
Bernardsville,Bernardsville,New Jersey,34035,Somerset,40.7268,-74.5918,7888,237.3,shape,false,true,America/New_York,3,07924,1840001052
Glen Ridge,Glen Ridge,New Jersey,34013,Essex,40.8041,-74.2043,7797,2361.6,shape,false,true,America/New_York,2,07028,1840005356
Brigantine,Brigantine,New Jersey,34001,Atlantic,39.4138,-74.3787,7784,460.8,shape,false,true,America/New_York,3,08203,1840001533
Fort Dix,Fort Dix,New Jersey,34005,Burlington,40.006,-74.6089,7781,294.1,shape,true,true,America/New_York,3,08640,1840005516
Bloomingdale,Bloomingdale,New Jersey,34031,Passaic,41.03,-74.3319,7726,338.9,shape,false,true,America/New_York,3,07403 07465 07420,1840000832
Fanwood,Fanwood,New Jersey,34039,Union,40.6417,-74.3857,7723,2225.9,shape,false,true,America/New_York,2,07023,1840003614
Watsessing,Watsessing,New Jersey,34013,Essex,40.7866,-74.2007,7720,4817.6,shape,false,false,America/New_York,2,07003,1840145023
Mystic Island,Mystic Island,New Jersey,34029,Ocean,39.5659,-74.3831,7635,425.9,shape,false,false,America/New_York,3,08087,1840005530
Dunellen,Dunellen,New Jersey,34023,Middlesex,40.5903,-74.4656,7598,2761.8,shape,false,true,America/New_York,2,08812,1840003634
Berlin,Berlin,New Jersey,34007,Camden,39.7915,-74.9374,7489,804.6,shape,false,true,America/New_York,3,08009,1840001505
Haddon Heights,Haddon Heights,New Jersey,34007,Camden,39.8792,-75.0645,7484,1844.9,shape,false,true,America/New_York,3,08035,1840003779
Palmyra,Palmyra,New Jersey,34005,Burlington,40.0025,-75.036,7437,1552.7,shape,false,true,America/New_York,3,08065,1840001479
Rumson,Rumson,New Jersey,34025,Monmouth,40.3626,-74.0046,7285,555.1,shape,false,true,America/New_York,3,07760,1840001360
Emerson,Emerson,New Jersey,34003,Bergen,40.9748,-74.024,7281,1260.1,shape,false,true,America/New_York,3,07630,1840003545
Washington,Washington,New Jersey,34041,Warren,40.7587,-74.9825,7240,1422.5,shape,false,true,America/New_York,3,07882,1840000945
Wharton,Wharton,New Jersey,34027,Morris,40.8998,-74.5808,7217,1340.3,shape,false,true,America/New_York,3,07885,1840000955
Yorketown,Yorketown,New Jersey,34025,Monmouth,40.3064,-74.3385,7206,1165.2,shape,false,false,America/New_York,3,07726,1840033488
Keyport,Keyport,New Jersey,34025,Monmouth,40.4328,-74.2011,7188,2009.3,shape,false,true,America/New_York,2,07735,1840003691
Barrington,Barrington,New Jersey,34007,Camden,39.8689,-75.0514,7022,1714.6,shape,false,true,America/New_York,3,08007 08033,1840003771
Midland Park,Midland Park,New Jersey,34003,Bergen,40.9952,-74.141,7022,1726.0,shape,false,true,America/New_York,3,07432,1840000905
Milltown,Milltown,New Jersey,34023,Middlesex,40.4504,-74.4351,7017,1743.9,shape,false,true,America/New_York,3,08850,1840001338
Kingston Estates,Kingston Estates,New Jersey,34007,Camden,39.9188,-74.9898,6999,2333.1,shape,false,false,America/New_York,2,08034,1840033314
Mountainside,Mountainside,New Jersey,34039,Union,40.6811,-74.3601,6991,675.4,shape,false,true,America/New_York,3,07092,1840003612
Stratford,Stratford,New Jersey,34007,Camden,39.829,-75.0156,6962,1711.7,shape,false,true,America/New_York,3,08084,1840001516
Strathmore,Strathmore,New Jersey,34025,Monmouth,40.4018,-74.2194,6904,1354.1,shape,false,false,America/New_York,3,07747,1840005451
Allendale,Allendale,New Jersey,34003,Bergen,41.0332,-74.1333,6817,849.8,shape,false,true,America/New_York,3,07401,1840003550
Lincroft,Lincroft,New Jersey,34025,Monmouth,40.3391,-74.1282,6793,469.9,shape,false,false,America/New_York,3,07738,1840005449
Heathcote,Heathcote,New Jersey,34023,Middlesex,40.3878,-74.578,6773,834.2,shape,false,false,America/New_York,3,08824 08852 08540,1840033480
Rutgers University-Busch Campus,Rutgers University-Busch Campus,New Jersey,34023,Middlesex,40.5214,-74.4654,6663,2103.4,shape,false,false,America/New_York,2,08854,1840153049
Green Knoll,Green Knoll,New Jersey,34035,Somerset,40.6047,-74.6147,6635,552.7,shape,false,false,America/New_York,3,08807,1840033460
North Caldwell,North Caldwell,New Jersey,34013,Essex,40.8629,-74.2576,6625,833.8,shape,false,true,America/New_York,3,07006,1840002793
Ramtown,Ramtown,New Jersey,34025,Monmouth,40.1145,-74.1492,6506,1161.0,shape,false,false,America/New_York,3,07731,1840033393
Laurence Harbor,Laurence Harbor,New Jersey,34023,Middlesex,40.4489,-74.2494,6418,840.2,shape,false,false,America/New_York,3,08879 07721 07735,1840005420
Watchung,Watchung,New Jersey,34035,Somerset,40.6431,-74.4391,6417,411.9,shape,false,true,America/New_York,3,07069,1840001061
Yardville,Yardville,New Jersey,34021,Mercer,40.1849,-74.6604,6405,607.2,shape,false,false,America/New_York,3,08620 08691,1840026523
Carlstadt,Carlstadt,New Jersey,34003,Bergen,40.8247,-74.0613,6341,620.4,shape,false,true,America/New_York,3,07072,1840000895
Ramblewood,Ramblewood,New Jersey,34005,Burlington,39.9322,-74.9527,6320,719.6,shape,false,false,America/New_York,3,08054,1840033392
Prospect Park,Prospect Park,New Jersey,34031,Passaic,40.938,-74.1736,6299,5227.4,shape,false,true,America/New_York,2,07508,1840000834
Fair Haven,Fair Haven,New Jersey,34025,Monmouth,40.3618,-74.0392,6221,1507.4,shape,false,true,America/New_York,3,07704,1840003681
Roseland,Roseland,New Jersey,34013,Essex,40.8208,-74.3086,6221,663.9,shape,false,true,America/New_York,3,07068,1840000998
Paulsboro,Paulsboro,New Jersey,34015,Gloucester,39.84,-75.2397,6195,1242.9,shape,false,true,America/New_York,3,08066,1840001523
Mays Landing,Mays Landing,New Jersey,34001,Atlantic,39.4506,-74.7098,6183,423.1,shape,false,false,America/New_York,3,08330,1840005597
Pine Brook,Pine Brook,New Jersey,34027,Morris,40.8676,-74.3438,6147,750.0,shape,false,false,America/New_York,3,07058,1840033379
Oceanport,Oceanport,New Jersey,34025,Monmouth,40.316,-74.0205,6119,744.8,shape,false,true,America/New_York,3,07703 07757,1840001365
Bridgewater Center,Bridgewater Center,New Jersey,34035,Somerset,40.6037,-74.6445,6106,404.1,shape,false,false,America/New_York,3,08807,1840153048
Little Silver,Little Silver,New Jersey,34025,Monmouth,40.3357,-74.0346,6104,869.0,shape,false,true,America/New_York,3,07739,1840003671
Morris Plains,Morris Plains,New Jersey,34027,Morris,40.8356,-74.4786,6104,922.8,shape,false,true,America/New_York,3,07950,1840003576
Woodcliff Lake,Woodcliff Lake,New Jersey,34003,Bergen,41.0253,-74.0604,6096,697.2,shape,false,true,America/New_York,3,07677,1840000924
Packanack Lake,Packanack Lake,New Jersey,34031,Passaic,40.9382,-74.2564,5982,1241.4,shape,false,false,America/New_York,3,07470,1840081169
Manasquan,Manasquan,New Jersey,34025,Monmouth,40.1186,-74.045,5921,1656.9,shape,false,true,America/New_York,3,08736,1840003674
Finderne,Finderne,New Jersey,34035,Somerset,40.5626,-74.5743,5881,555.1,shape,false,false,America/New_York,3,08807,1840024274
Belmar,Belmar,New Jersey,34025,Monmouth,40.1798,-74.0255,5877,2171.3,shape,false,true,America/New_York,2,07719 07715,1840001355
Belle Mead,Belle Mead,New Jersey,34035,Somerset,40.4684,-74.6559,5867,562.0,shape,false,false,America/New_York,3,08502 08844,1840024271
Leisure Village,Leisure Village,New Jersey,34029,Ocean,40.0445,-74.1852,5866,1736.9,shape,false,false,America/New_York,3,08701,1840005534
Hightstown,Hightstown,New Jersey,34021,Mercer,40.2686,-74.5253,5864,1835.8,shape,false,true,America/New_York,3,08520,1840003708
Old Tappan,Old Tappan,New Jersey,34003,Bergen,41.0163,-73.9855,5863,682.8,shape,false,true,America/New_York,3,07675,1840000913
Mount Arlington,Mount Arlington,New Jersey,34027,Morris,40.919,-74.639,5863,1056.8,shape,false,true,America/New_York,3,07856,1840003579
Glendora,Glendora,New Jersey,34007,Camden,39.8405,-75.0677,5817,2158.5,shape,false,false,America/New_York,2,08029,1840033286
Jamesburg,Jamesburg,New Jersey,34023,Middlesex,40.3493,-74.4399,5783,2530.6,shape,false,true,America/New_York,2,08831,1840003637
Union Beach,Union Beach,New Jersey,34025,Monmouth,40.4454,-74.1699,5751,1246.3,shape,false,true,America/New_York,3,07735 07730,1840001369
Norwood,Norwood,New Jersey,34003,Bergen,40.9933,-73.951,5657,784.3,shape,false,true,America/New_York,3,07648,1840000911
Lyons,Lyons,New Jersey,34035,Somerset,40.6811,-74.5493,5584,559.9,shape,false,false,America/New_York,3,07939 07920,1840033331
Franklin Center,Franklin Center,New Jersey,34035,Somerset,40.5321,-74.5415,5583,326.8,shape,false,true,America/New_York,3,08873,1840039879
Cape May Court House,Cape May Court House,New Jersey,34009,Cape May,39.0788,-74.8205,5557,247.8,shape,false,false,America/New_York,3,08210,1840005864
Towaco,Towaco,New Jersey,34027,Morris,40.9263,-74.3451,5553,357.5,shape,false,false,America/New_York,3,07082,1840033429
Somerdale,Somerdale,New Jersey,34007,Camden,39.8455,-75.0218,5524,1532.3,shape,false,true,America/New_York,3,08083,1840001512
Beckett,Beckett,New Jersey,34015,Gloucester,39.7559,-75.3569,5496,1216.1,shape,false,false,America/New_York,3,08085,1840033476
Ellisburg,Ellisburg,New Jersey,34007,Camden,39.9199,-75.0093,5476,2336.5,shape,false,false,America/New_York,2,08002 08034,1840033268
Englewood Cliffs,Englewood Cliffs,New Jersey,34003,Bergen,40.8823,-73.9467,5347,971.0,shape,false,true,America/New_York,3,07632,1840003547
Vauxhall,Vauxhall,New Jersey,34039,Union,40.7174,-74.2838,5331,3496.2,shape,false,false,America/New_York,2,07083 07088,1840081470
Margate City,Margate City,New Jersey,34001,Atlantic,39.3307,-74.507,5331,1453.5,shape,false,true,America/New_York,3,08402,1840003793
Neshanic Station,Neshanic Station,New Jersey,34035,Somerset,40.5291,-74.7358,5317,218.9,shape,false,false,America/New_York,3,08853,1840033363
Clementon,Clementon,New Jersey,34007,Camden,39.8046,-74.985,5312,1083.6,shape,false,true,America/New_York,3,08021,1840003773
Salem,Salem,New Jersey,34033,Salem,39.5681,-75.4724,5285,870.4,shape,false,true,America/New_York,3,08079,1840001529
Bargaintown,Bargaintown,New Jersey,34001,Atlantic,39.3687,-74.5924,5234,792.8,shape,false,false,America/New_York,3,08234,1840080480
Troy Hills,Troy Hills,New Jersey,34027,Morris,40.8483,-74.3993,5206,698.4,shape,false,false,America/New_York,3,07054,1840033430
Wildwood,Wildwood,New Jersey,34009,Cape May,38.9881,-74.8195,5164,1294.1,shape,false,true,America/New_York,3,08260,1840001602
Ampere North,Ampere North,New Jersey,34013,Essex,40.7758,-74.1918,5164,3282.1,shape,false,false,America/New_York,2,07003,1840153051
Morganville,Morganville,New Jersey,34025,Monmouth,40.3756,-74.2444,5153,367.4,shape,false,false,America/New_York,3,07751,1840005442
East Freehold,East Freehold,New Jersey,34025,Monmouth,40.2718,-74.2425,5150,667.2,shape,false,false,America/New_York,3,07728,1840005441
Ledgewood,Ledgewood,New Jersey,34027,Morris,40.8769,-74.6724,5110,356.4,shape,false,false,America/New_York,3,07852 07836,1840033324
Beattystown,Beattystown,New Jersey,34041,Warren,40.8222,-74.8502,5040,642.8,shape,false,false,America/New_York,3,07840,1840005192
Forked River,Forked River,New Jersey,34029,Ocean,39.8257,-74.1819,5003,706.2,shape,false,false,America/New_York,3,08731,1840005524
Golden Triangle,Golden Triangle,New Jersey,34007,Camden,39.9288,-75.0398,4960,677.7,shape,false,false,America/New_York,3,08002,1840033471
Brielle,Brielle,New Jersey,34025,Monmouth,40.1048,-74.0637,4957,1090.2,shape,false,true,America/New_York,3,08730,1840001357
Franklin,Franklin,New Jersey,34037,Sussex,41.1101,-74.5886,4933,437.2,shape,false,true,America/New_York,3,07416,1840003480
Demarest,Demarest,New Jersey,34003,Bergen,40.955,-73.9568,4930,918.5,shape,false,true,America/New_York,3,07627,1840003540
Beach Haven West,Beach Haven West,New Jersey,34029,Ocean,39.6703,-74.2338,4920,1171.2,shape,false,false,America/New_York,3,08050,1840005526
McGuire AFB,McGuire AFB,New Jersey,34005,Burlington,40.0285,-74.5883,4886,349.8,shape,true,true,America/New_York,3,08641,1840073621
Spring Lake Heights,Spring Lake Heights,New Jersey,34025,Monmouth,40.1521,-74.043,4864,1450.5,shape,false,true,America/New_York,3,07762,1840001367
Flemington,Flemington,New Jersey,34019,Hunterdon,40.5087,-74.8599,4864,1742.9,shape,false,true,America/New_York,3,08822,1840003605
Penns Grove,Penns Grove,New Jersey,34033,Salem,39.7275,-75.4691,4841,2093.9,shape,false,true,America/New_York,2,08069,1840001530
South Bound Brook,South Bound Brook,New Jersey,34035,Somerset,40.5535,-74.5277,4838,2897.5,shape,false,true,America/New_York,2,08880,1840001057
Harrington Park,Harrington Park,New Jersey,34003,Bergen,40.9899,-73.9804,4826,1009.6,shape,false,true,America/New_York,3,07640,1840003557
Landing,Landing,New Jersey,34027,Morris,40.9078,-74.6593,4801,868.7,shape,false,false,America/New_York,3,07850,1840033323
Point Pleasant Beach,Point Pleasant Beach,New Jersey,34029,Ocean,40.0928,-74.0459,4786,1298.0,shape,false,true,America/New_York,3,08742,1840001486
Northvale,Northvale,New Jersey,34003,Bergen,41.0101,-73.9505,4769,1455.6,shape,false,true,America/New_York,3,07647,1840000910
Leisure Village East,Leisure Village East,New Jersey,34029,Ocean,40.0384,-74.1678,4653,1158.7,shape,false,false,America/New_York,3,08701,1840033212
Highlands,Highlands,New Jersey,34025,Monmouth,40.4036,-73.9898,4646,2423.5,shape,false,true,America/New_York,2,07732,1840003688
Mount Ephraim,Mount Ephraim,New Jersey,34007,Camden,39.8805,-75.0918,4638,2025.7,shape,false,true,America/New_York,2,08059,1840003772
Neptune City,Neptune City,New Jersey,34025,Monmouth,40.2005,-74.0333,4619,1991.3,shape,false,true,America/New_York,3,07753 07754,1840003677
Blackwood,Blackwood,New Jersey,34007,Camden,39.7982,-75.0629,4588,1452.5,shape,false,false,America/New_York,3,08012,1840005560
Panther Valley,Panther Valley,New Jersey,34041,Warren,40.9078,-74.8412,4562,590.5,shape,false,true,America/New_York,3,07838 07840,1840039942
Garwood,Garwood,New Jersey,34039,Union,40.6513,-74.3231,4542,2696.4,shape,false,true,America/New_York,2,07027,1840003615
Buena,Buena,New Jersey,34001,Atlantic,39.5282,-74.9448,4504,229.6,shape,false,true,America/New_York,3,08326 08310 08341 08360,1840001534
Barclay,Barclay,New Jersey,34007,Camden,39.9013,-75.0009,4504,1048.3,shape,false,true,America/New_York,3,08034,1840043406
Mountain Lakes,Mountain Lakes,New Jersey,34027,Morris,40.8907,-74.4406,4499,657.0,shape,false,true,America/New_York,3,07046,1840003578
Mullica Hill,Mullica Hill,New Jersey,34015,Gloucester,39.727,-75.2194,4454,458.5,shape,false,false,America/New_York,3,08062,1840016703
Holiday City South,Holiday City South,New Jersey,34029,Ocean,39.9533,-74.2367,4412,906.8,shape,false,true,America/New_York,3,08757,1840073688
Atlantic Highlands,Atlantic Highlands,New Jersey,34025,Monmouth,40.4112,-74.0295,4409,1346.7,shape,false,true,America/New_York,3,07716,1840003685
Silver Lake,Silver Lake,New Jersey,34013,Essex,40.7804,-74.1829,4407,7979.2,shape,false,true,America/New_York,2,07109 07003,1840042853
Oak Valley,Oak Valley,New Jersey,34015,Gloucester,39.8055,-75.1589,4346,2405.6,shape,false,false,America/New_York,2,08090,1840033371
Wanamassa,Wanamassa,New Jersey,34025,Monmouth,40.2366,-74.0294,4344,1505.8,shape,false,false,America/New_York,3,07712,1840005452
Magnolia,Magnolia,New Jersey,34007,Camden,39.8562,-75.0365,4342,1713.4,shape,false,true,America/New_York,3,08049,1840003769
The College of New Jersey,The College of New Jersey,New Jersey,34021,Mercer,40.2689,-74.7764,4299,3880.4,shape,false,false,America/New_York,2,08638 08618,1840143267
Westville,Westville,New Jersey,34015,Gloucester,39.8704,-75.1302,4276,1612.7,shape,false,true,America/New_York,3,08093,1840001526
Bradley Beach,Bradley Beach,New Jersey,34025,Monmouth,40.2018,-74.0128,4268,2699.4,shape,false,true,America/New_York,2,07720,1840001356
Medford Lakes,Medford Lakes,New Jersey,34005,Burlington,39.8581,-74.8053,4263,1444.2,shape,false,true,America/New_York,3,08055,1840003752
Singac,Singac,New Jersey,34031,Passaic,40.8849,-74.2431,4253,3574.5,shape,false,false,America/New_York,2,07424,1840033411
Ho-Ho-Kus,Ho-Ho-Kus,New Jersey,34003,Bergen,41.0001,-74.0972,4234,939.8,shape,false,true,America/New_York,3,07423,1840003561
Cedar Knolls,Cedar Knolls,New Jersey,34027,Morris,40.8199,-74.4551,4181,785.2,shape,false,false,America/New_York,3,07927,1840033242
Country Lake Estates,Country Lake Estates,New Jersey,34005,Burlington,39.9486,-74.5409,4179,1416.7,shape,false,false,America/New_York,3,08015,1840005518
Roebling,Roebling,New Jersey,34005,Burlington,40.1167,-74.7775,4146,1615.9,shape,false,false,America/New_York,3,08554,1840024353
Shrewsbury,Shrewsbury,New Jersey,34025,Monmouth,40.3249,-74.06,4138,739.5,shape,false,true,America/New_York,3,07702,1840001363
Lambertville,Lambertville,New Jersey,34019,Hunterdon,40.3687,-74.943,4127,1469.6,shape,false,true,America/New_York,3,08530,1840001039
Highland Lakes,Highland Lakes,New Jersey,34037,Sussex,41.1716,-74.4643,4089,365.3,shape,false,false,America/New_York,3,07462 07422,1840033298
Riverdale,Riverdale,New Jersey,34027,Morris,40.9921,-74.3125,4081,777.6,shape,false,true,America/New_York,3,07457,1840000950
Port Reading,Port Reading,New Jersey,34023,Middlesex,40.5685,-74.2469,4040,789.3,shape,false,false,America/New_York,3,07077 07001 07064,1840005417
Great Notch,Great Notch,New Jersey,34031,Passaic,40.8705,-74.2084,4018,1563.9,shape,false,false,America/New_York,3,07424,1840080811
Oaklyn,Oaklyn,New Jersey,34007,Camden,39.9023,-75.0813,3937,2423.3,shape,false,true,America/New_York,2,08107,1840001515
Oakhurst,Oakhurst,New Jersey,34025,Monmouth,40.2607,-74.0263,3912,937.8,shape,false,false,America/New_York,3,07755,1840005445
North Cape May,North Cape May,New Jersey,34009,Cape May,38.9804,-74.9509,3832,737.7,shape,false,false,America/New_York,3,08204,1840005866
Leisure Village West,Leisure Village West,New Jersey,34029,Ocean,40.0104,-74.2806,3817,1218.2,shape,false,false,America/New_York,3,08759,1840033491
Merchantville,Merchantville,New Jersey,34007,Camden,39.9502,-75.0504,3800,2472.3,shape,false,true,America/New_York,2,08109,1840003770
White House Station,White House Station,New Jersey,34019,Hunterdon,40.6216,-74.7737,3788,580.6,shape,false,true,America/New_York,3,08833 08889,1840033442
Lawrenceville,Lawrenceville,New Jersey,34021,Mercer,40.3018,-74.7378,3759,1393.1,shape,false,false,America/New_York,3,08648,1840005473
Woodstown,Woodstown,New Jersey,34033,Salem,39.6503,-75.3251,3680,902.2,shape,false,true,America/New_York,3,08098,1840001531
South Toms River,South Toms River,New Jersey,34029,Ocean,39.9418,-74.2087,3662,1221.5,shape,false,true,America/New_York,3,08757,1840001490
Richwood,Richwood,New Jersey,34015,Gloucester,39.7139,-75.1731,3656,159.4,shape,false,false,America/New_York,3,08071 08074 08062 08025,1840033399
North Wildwood,North Wildwood,New Jersey,34009,Cape May,39.0033,-74.8006,3639,814.5,shape,false,true,America/New_York,3,08260,1840001597
Tuckerton,Tuckerton,New Jersey,34029,Ocean,39.5973,-74.3306,3582,411.3,shape,false,true,America/New_York,3,08087,1840001495
High Bridge,High Bridge,New Jersey,34019,Hunterdon,40.6684,-74.894,3564,575.5,shape,false,true,America/New_York,3,08829,1840003609
Six Mile Run,Six Mile Run,New Jersey,34035,Somerset,40.473,-74.5334,3535,182.6,shape,false,true,America/New_York,4,08873,1840039968
Stanhope,Stanhope,New Jersey,34037,Sussex,40.9141,-74.7027,3533,742.1,shape,false,true,America/New_York,3,07874,1840000788
Netcong,Netcong,New Jersey,34027,Morris,40.8985,-74.7019,3484,1616.9,shape,false,true,America/New_York,3,07857,1840003580
Gibbstown,Gibbstown,New Jersey,34015,Gloucester,39.8233,-75.2782,3471,815.8,shape,false,false,America/New_York,3,08027,1840005564
Upper Greenwood Lake,Upper Greenwood Lake,New Jersey,34031,Passaic,41.1856,-74.3787,3418,481.8,shape,false,false,America/New_York,3,07421,1840081457
Rio Grande,Rio Grande,New Jersey,34009,Cape May,39.0193,-74.8787,3364,481.1,shape,false,false,America/New_York,3,08242,1840005867
Saddle River,Saddle River,New Jersey,34003,Bergen,41.0273,-74.0956,3363,264.1,shape,false,true,America/New_York,3,07458,1840000903
Haworth,Haworth,New Jersey,34003,Bergen,40.9622,-73.9976,3342,666.1,shape,false,true,America/New_York,3,07641,1840003559
Groveville,Groveville,New Jersey,34021,Mercer,40.1679,-74.6523,3335,582.2,shape,false,false,America/New_York,3,08620,1840024323
Hamburg,Hamburg,New Jersey,34037,Sussex,41.1485,-74.5736,3274,1104.3,shape,false,true,America/New_York,3,07419,1840003481
Leisuretowne,Leisuretowne,New Jersey,34005,Burlington,39.8987,-74.7059,3211,600.1,shape,false,false,America/New_York,3,08088,1840005521
Monmouth Beach,Monmouth Beach,New Jersey,34025,Monmouth,40.3364,-73.9863,3199,1185.4,shape,false,true,America/New_York,3,07750,1840001364
Port Monmouth,Port Monmouth,New Jersey,34025,Monmouth,40.4338,-74.1009,3173,941.7,shape,false,false,America/New_York,3,07748 07758,1840005447
North Middletown,North Middletown,New Jersey,34025,Monmouth,40.4395,-74.1179,3158,2811.7,shape,false,false,America/New_York,2,07748,1840005444
Stirling,Stirling,New Jersey,34027,Morris,40.6782,-74.4936,3138,518.2,shape,false,false,America/New_York,3,07980,1840033421
Sewell,Sewell,New Jersey,34015,Gloucester,39.7696,-75.1443,3132,606.4,shape,false,false,America/New_York,3,08080,1840033406
Ocean Grove,Ocean Grove,New Jersey,34025,Monmouth,40.2119,-74.0083,3129,2608.1,shape,false,false,America/New_York,2,07756,1840005446
Menlo Park Terrace,Menlo Park Terrace,New Jersey,34023,Middlesex,40.5534,-74.3243,3117,2975.2,shape,false,false,America/New_York,2,08840,1840081040
Wildwood Crest,Wildwood Crest,New Jersey,34009,Cape May,38.9718,-74.8377,3104,923.3,shape,false,true,America/New_York,3,08260,1840001603
Moonachie,Moonachie,New Jersey,34003,Bergen,40.8408,-74.059,3093,690.3,shape,false,true,America/New_York,3,07074 07608,1840000907
Woodbury Heights,Woodbury Heights,New Jersey,34015,Gloucester,39.816,-75.1511,3092,958.0,shape,false,true,America/New_York,3,08097,1840001528
Mount Hope,Mount Hope,New Jersey,34027,Morris,40.9182,-74.5508,3092,542.9,shape,false,false,America/New_York,3,07801 07885 07866,1840033358
Lawnside,Lawnside,New Jersey,34007,Camden,39.8673,-75.0289,3059,825.7,shape,false,true,America/New_York,3,08045,1840001514
Pines Lake,Pines Lake,New Jersey,34031,Passaic,40.9983,-74.2643,3034,872.6,shape,false,false,America/New_York,3,07470,1840081570
National Park,National Park,New Jersey,34015,Gloucester,39.8676,-75.1852,3028,1159.6,shape,false,true,America/New_York,3,08063,1840003788
Shark River Hills,Shark River Hills,New Jersey,34025,Monmouth,40.1923,-74.0463,3010,1356.8,shape,false,false,America/New_York,3,07753,1840005450
Cliffwood Beach,Cliffwood Beach,New Jersey,34025,Monmouth,40.4427,-74.2179,3008,1281.8,shape,false,false,America/New_York,3,07735,1840005440
Palermo,Palermo,New Jersey,34009,Cape May,39.2333,-74.6859,2998,371.9,shape,false,false,America/New_York,3,08230 08223,1840081171
Turnersville,Turnersville,New Jersey,34015,Gloucester,39.7666,-75.0613,2989,767.5,shape,false,false,America/New_York,3,08080 08012,1840005565
Union,Union,New Jersey,34039,Union,40.6966,-74.2693,2974,2859.3,shape,false,false,America/New_York,2,07083,1840153043
Millington,Millington,New Jersey,34027,Morris,40.6763,-74.5159,2940,436.0,shape,false,false,America/New_York,3,07946,1840033348
Hopelawn,Hopelawn,New Jersey,34023,Middlesex,40.5286,-74.2936,2910,2571.4,shape,false,false,America/New_York,2,08861,1840080892
Woodlynne,Woodlynne,New Jersey,34007,Camden,39.9167,-75.0957,2904,4914.8,shape,false,true,America/New_York,2,08107,1840033448
Stockton University,Stockton University,New Jersey,34001,Atlantic,39.4889,-74.5417,2834,993.5,shape,false,false,America/New_York,3,08240,1840143264
Cape May,Cape May,New Jersey,34009,Cape May,38.9409,-74.9042,2815,439.5,shape,false,true,America/New_York,3,08204,1840001594
Spring Lake,Spring Lake,New Jersey,34025,Monmouth,40.1539,-74.0273,2788,807.9,shape,false,true,America/New_York,3,07762,1840001366
Pennington,Pennington,New Jersey,34021,Mercer,40.3262,-74.7908,2780,1117.0,shape,false,true,America/New_York,3,08534,1840001382
Pemberton Heights,Pemberton Heights,New Jersey,34005,Burlington,39.9563,-74.6768,2776,1106.9,shape,false,false,America/New_York,3,08068,1840005519
Rossmoor,Rossmoor,New Jersey,34023,Middlesex,40.3349,-74.4708,2772,1586.7,shape,false,false,America/New_York,3,08831,1840033485
Plainsboro Center,Plainsboro Center,New Jersey,34023,Middlesex,40.3311,-74.5925,2766,1453.0,shape,false,false,America/New_York,3,08536,1840033473
Riverton,Riverton,New Jersey,34005,Burlington,40.0115,-75.0148,2764,1612.6,shape,false,true,America/New_York,3,08077 08076,1840001478
Keasbey,Keasbey,New Jersey,34023,Middlesex,40.5143,-74.3078,2745,726.1,shape,false,false,America/New_York,3,08832,1840080924
East Newark,East Newark,New Jersey,34017,Hudson,40.751,-74.1623,2718,4976.2,shape,false,true,America/New_York,2,07029,1840003596
Concordia,Concordia,New Jersey,34023,Middlesex,40.3125,-74.4461,2710,1359.4,shape,false,false,America/New_York,3,08831,1840005412
Swedesboro,Swedesboro,New Jersey,34015,Gloucester,39.7459,-75.3117,2706,1428.8,shape,false,true,America/New_York,3,08085,1840001524
Sewaren,Sewaren,New Jersey,34023,Middlesex,40.5519,-74.2581,2695,851.7,shape,false,false,America/New_York,3,07077,1840005422
Pine Ridge at Crestwood,Pine Ridge at Crestwood,New Jersey,34029,Ocean,39.9586,-74.3169,2674,653.5,shape,false,false,America/New_York,3,08759,1840033484
Lakehurst,Lakehurst,New Jersey,34029,Ocean,40.0133,-74.3201,2653,1144.3,shape,false,true,America/New_York,3,08733,1840001491
Leisure Knoll,Leisure Knoll,New Jersey,34029,Ocean,40.0186,-74.2909,2622,1140.1,shape,false,false,America/New_York,3,08759,1840033482
Rutgers University-Livingston Campus,Rutgers University-Livingston Campus,New Jersey,34023,Middlesex,40.5198,-74.4403,2571,743.1,shape,false,false,America/New_York,3,08854 08903,1840153046
West Berlin,West Berlin,New Jersey,34007,Camden,39.8104,-74.9407,2568,847.0,shape,false,false,America/New_York,3,08091,1840033437
Gillette,Gillette,New Jersey,34027,Morris,40.6921,-74.4629,2552,227.9,shape,false,false,America/New_York,3,07933,1840033284
Monroe Manor,Monroe Manor,New Jersey,34023,Middlesex,40.2591,-74.4743,2549,731.7,shape,false,false,America/New_York,3,08831,1840148390
Hewitt,Hewitt,New Jersey,34031,Passaic,41.1601,-74.3311,2540,212.2,shape,false,false,America/New_York,3,07421,1840033296
Seaville,Seaville,New Jersey,34009,Cape May,39.2093,-74.7136,2532,297.7,shape,false,false,America/New_York,3,08230,1840081332
Belvidere,Belvidere,New Jersey,34041,Warren,40.8295,-75.0728,2532,674.5,shape,false,true,America/New_York,3,07823,1840000943
Beverly,Beverly,New Jersey,34005,Burlington,40.0652,-74.9221,2502,1784.8,shape,false,true,America/New_York,3,08010,1840001475
Whitesboro,Whitesboro,New Jersey,34009,Cape May,39.0419,-74.8677,2497,272.3,shape,false,false,America/New_York,3,08242 08210 08252,1840033443
Pleasantdale,Pleasantdale,New Jersey,34013,Essex,40.8061,-74.2713,2462,1203.4,shape,false,false,America/New_York,3,07052,1840081233
Presidential Lakes Estates,Presidential Lakes Estates,New Jersey,34005,Burlington,39.9151,-74.5654,2460,850.5,shape,false,false,America/New_York,3,08015,1840005520
Vista Center,Vista Center,New Jersey,34029,Ocean,40.1585,-74.3227,2457,282.5,shape,false,false,America/New_York,3,08527,1840033475
Whittingham,Whittingham,New Jersey,34023,Middlesex,40.3268,-74.4458,2423,1364.0,shape,false,true,America/New_York,3,08831,1840073737
Pine Beach,Pine Beach,New Jersey,34029,Ocean,39.9359,-74.17,2402,1457.7,shape,false,true,America/New_York,3,08741,1840001484
Thorofare,Thorofare,New Jersey,34015,Gloucester,39.8515,-75.1988,2389,275.1,shape,false,false,America/New_York,3,08086,1840033428
Macopin,Macopin,New Jersey,34031,Passaic,41.0336,-74.3828,2363,148.7,shape,false,false,America/New_York,3,07480,1840033332
Laurel Lake,Laurel Lake,New Jersey,34011,Cumberland,39.3265,-75.0305,2346,521.2,shape,false,false,America/New_York,3,08332,1840005752
Leonardo,Leonardo,New Jersey,34025,Monmouth,40.419,-74.0599,2336,1517.3,shape,false,false,America/New_York,3,07737,1840005448
Helmetta,Helmetta,New Jersey,34023,Middlesex,40.3777,-74.4238,2302,1073.0,shape,false,true,America/New_York,3,08828,1840003635
Middlebush,Middlebush,New Jersey,34035,Somerset,40.5015,-74.5349,2302,446.7,shape,false,false,America/New_York,3,08873,1840024280
Forsgate,Forsgate,New Jersey,34023,Middlesex,40.3487,-74.4637,2300,1014.6,shape,false,false,America/New_York,3,08831,1840152734
Essex Fells,Essex Fells,New Jersey,34013,Essex,40.8271,-74.2798,2290,627.8,shape,false,true,America/New_York,3,07021,1840005355
West Belmar,West Belmar,New Jersey,34025,Monmouth,40.1707,-74.0376,2279,1876.1,shape,false,false,America/New_York,3,07719,1840005453
Gibbsboro,Gibbsboro,New Jersey,34007,Camden,39.8333,-74.9657,2278,408.7,shape,false,true,America/New_York,3,08026,1840003776
Woodbine,Woodbine,New Jersey,34009,Cape May,39.2283,-74.8096,2264,109.0,shape,false,true,America/New_York,3,08270,1840001604
Waretown,Waretown,New Jersey,34029,Ocean,39.7896,-74.1926,2257,943.0,shape,false,false,America/New_York,3,08758,1840005537
North Beach Haven,North Beach Haven,New Jersey,34029,Ocean,39.6008,-74.2123,2250,478.5,shape,false,false,America/New_York,3,08008,1840005532
Ramapo College of New Jersey,Ramapo College of New Jersey,New Jersey,34003,Bergen,41.0814,-74.175,2243,1807.0,shape,false,false,America/New_York,3,07430,1840144113
Ten Mile Run,Ten Mile Run,New Jersey,34035,Somerset,40.4218,-74.589,2241,340.8,shape,false,false,America/New_York,3,08540,1840033462
Alpha,Alpha,New Jersey,34041,Warren,40.6598,-75.1571,2223,510.7,shape,false,true,America/New_York,3,08865,1840003572
Ogdensburg,Ogdensburg,New Jersey,34037,Sussex,41.0769,-74.5973,2215,388.1,shape,false,true,America/New_York,3,07439,1840000787
Wenonah,Wenonah,New Jersey,34015,Gloucester,39.7913,-75.1486,2213,858.2,shape,false,true,America/New_York,3,08090,1840001525
Manahawkin,Manahawkin,New Jersey,34029,Ocean,39.6931,-74.2495,2197,459.9,shape,false,false,America/New_York,3,08050,1840005535
Brownville,Brownville,New Jersey,34023,Middlesex,40.4014,-74.2959,2183,787.9,shape,false,false,America/New_York,3,08857,1840033468
Marmora,Marmora,New Jersey,34009,Cape May,39.2594,-74.657,2153,413.9,shape,false,false,America/New_York,3,08223,1840081012
Weston,Weston,New Jersey,34035,Somerset,40.5224,-74.5765,2144,594.2,shape,false,false,America/New_York,3,08873,1840033440
English Creek,English Creek,New Jersey,34001,Atlantic,39.3795,-74.6481,2142,171.8,shape,false,false,America/New_York,3,08234,1840080728
Regency at Monroe,Regency at Monroe,New Jersey,34023,Middlesex,40.3208,-74.3862,2140,1139.5,shape,false,false,America/New_York,3,08831,1840144112
Englishtown,Englishtown,New Jersey,34025,Monmouth,40.2971,-74.3607,2129,1442.5,shape,false,true,America/New_York,3,07726,1840003680
Collings Lakes,Collings Lakes,New Jersey,34001,Atlantic,39.5939,-74.8821,2111,1270.4,shape,false,false,America/New_York,3,08094,1840005595
Holiday Heights,Holiday Heights,New Jersey,34029,Ocean,39.9396,-74.2572,2049,157.4,shape,false,false,America/New_York,3,08757 08756,1840033481
Sea Isle City,Sea Isle City,New Jersey,34009,Cape May,39.1523,-74.6976,2047,358.5,shape,false,true,America/New_York,3,08243,1840001596
Long Valley,Long Valley,New Jersey,34027,Morris,40.7826,-74.7776,2046,173.0,shape,false,false,America/New_York,3,07853,1840005197
Lavallette,Lavallette,New Jersey,34029,Ocean,39.9699,-74.0723,2036,963.5,shape,false,true,America/New_York,3,08735,1840001492
Sea Girt,Sea Girt,New Jersey,34025,Monmouth,40.1308,-74.0358,2031,739.6,shape,false,true,America/New_York,3,08750,1840001362
Seaside Heights,Seaside Heights,New Jersey,34029,Ocean,39.9452,-74.079,2027,1267.9,shape,false,true,America/New_York,3,08751,1840001487
Princeton Junction,Princeton Junction,New Jersey,34021,Mercer,40.3206,-74.6237,2022,428.3,shape,false,false,America/New_York,3,08550 08540,1840005472
Laurel Springs,Laurel Springs,New Jersey,34007,Camden,39.8213,-75.0053,2004,1713.9,shape,false,true,America/New_York,3,08021,1840001513
Cedar Glen West,Cedar Glen West,New Jersey,34029,Ocean,40.0418,-74.2851,1990,724.4,shape,false,false,America/New_York,3,08759,1840033465
Byram Center,Byram Center,New Jersey,34037,Sussex,40.9325,-74.7179,1969,265.6,shape,false,true,America/New_York,3,07874,1840039864
Mickleton,Mickleton,New Jersey,34015,Gloucester,39.7921,-75.2437,1943,367.2,shape,false,false,America/New_York,3,08056,1840033345
Belford,Belford,New Jersey,34025,Monmouth,40.4261,-74.0802,1935,593.3,shape,false,false,America/New_York,3,07718,1840005439
Sussex,Sussex,New Jersey,34037,Sussex,41.2096,-74.6079,1918,1248.7,shape,false,true,America/New_York,3,07461,1840000789
Brooklawn,Brooklawn,New Jersey,34007,Camden,39.8788,-75.1207,1894,1497.1,shape,false,true,America/New_York,3,08030,1840001506
Annandale,Annandale,New Jersey,34019,Hunterdon,40.6468,-74.8881,1853,493.5,shape,false,false,America/New_York,3,08801 08809,1840033215
Stonebridge,Stonebridge,New Jersey,34023,Middlesex,40.2947,-74.4653,1847,1555.6,shape,false,false,America/New_York,3,08831,1840143265
Erma,Erma,New Jersey,34009,Cape May,38.9953,-74.8932,1844,244.1,shape,false,false,America/New_York,3,08204,1840005863
Newfield,Newfield,New Jersey,34015,Gloucester,39.5484,-75.0167,1830,406.5,shape,false,true,America/New_York,3,08344,1840001522
Hopewell,Hopewell,New Jersey,34021,Mercer,40.3893,-74.7638,1825,973.7,shape,false,true,America/New_York,3,08525,1840003709
Allentown,Allentown,New Jersey,34025,Monmouth,40.1778,-74.5873,1817,1176.7,shape,false,true,America/New_York,3,08501,1840003683
Seaside Park,Seaside Park,New Jersey,34029,Ocean,39.9264,-74.0785,1799,1060.5,shape,false,true,America/New_York,3,08752,1840001488
Avon-by-the-Sea,Avon-by-the-Sea,New Jersey,34025,Monmouth,40.1913,-74.0166,1792,1625.9,shape,false,true,America/New_York,3,07717,1840003676
Upper Pohatcong,Upper Pohatcong,New Jersey,34041,Warren,40.6774,-75.1558,1773,1059.2,shape,false,true,America/New_York,3,08865,1840039970
Folsom,Folsom,New Jersey,34001,Atlantic,39.5929,-74.8424,1761,82.3,shape,false,true,America/New_York,3,08094 08037,1840003799
Victory Gardens,Victory Gardens,New Jersey,34027,Morris,40.8762,-74.5435,1761,2879.9,shape,false,true,America/New_York,2,07801,1840000954
Liberty Corner,Liberty Corner,New Jersey,34035,Somerset,40.6647,-74.5807,1759,353.3,shape,false,false,America/New_York,3,07920 07938,1840146721
Gouldtown,Gouldtown,New Jersey,34011,Cumberland,39.4152,-75.1912,1733,236.8,shape,false,false,America/New_York,3,08302,1840080805
Estell Manor,Estell Manor,New Jersey,34001,Atlantic,39.3587,-74.7752,1729,12.5,shape,false,true,America/New_York,3,08317 08319 08330 08270,1840003796
Cranford,Cranford,New Jersey,34039,Union,40.6548,-74.3053,1728,1823.7,shape,false,false,America/New_York,3,07016,1840153050
Navesink,Navesink,New Jersey,34025,Monmouth,40.402,-74.0387,1727,754.4,shape,false,false,America/New_York,3,07716 07760,1840005443
Montclair State University,Montclair State University,New Jersey,34031,Passaic,40.866,-74.1984,1714,558.0,shape,false,false,America/New_York,3,07043 07424,1840152354
Port Norris,Port Norris,New Jersey,34011,Cumberland,39.2521,-75.0412,1711,103.6,shape,false,false,America/New_York,3,08349,1840005750
Lake Como,Lake Como,New Jersey,34025,Monmouth,40.1706,-74.0262,1710,2521.0,shape,false,true,America/New_York,2,07719,1840033317
Dover Beaches North,Dover Beaches North,New Jersey,34029,Ocean,39.9921,-74.0715,1696,712.0,shape,false,false,America/New_York,3,08735 08739,1840005528
Ocean Gate,Ocean Gate,New Jersey,34029,Ocean,39.9269,-74.1348,1682,1443.4,shape,false,true,America/New_York,3,08740,1840001493
Frenchtown,Frenchtown,New Jersey,34019,Hunterdon,40.5272,-75.0571,1639,560.9,shape,false,true,America/New_York,3,08825,1840003606
Kenvil,Kenvil,New Jersey,34027,Morris,40.8816,-74.622,1636,532.6,shape,false,false,America/New_York,3,07847,1840024234
Sea Bright,Sea Bright,New Jersey,34025,Monmouth,40.3653,-73.977,1629,873.8,shape,false,true,America/New_York,3,07760,1840001361
Franklinville,Franklinville,New Jersey,34015,Gloucester,39.6194,-75.0738,1621,181.7,shape,false,false,America/New_York,3,08322,1840033280
Glen Gardner,Glen Gardner,New Jersey,34019,Hunterdon,40.7004,-74.9395,1610,401.6,shape,false,true,America/New_York,3,08826,1840003607
Malaga,Malaga,New Jersey,34015,Gloucester,39.5787,-75.0589,1570,283.8,shape,false,false,America/New_York,3,08328,1840080996
West Park,West Park,New Jersey,34011,Cumberland,39.44,-75.2624,1560,465.2,shape,false,false,America/New_York,3,08302,1840148224
New Egypt,New Egypt,New Jersey,34029,Ocean,40.0645,-74.5284,1552,150.9,shape,false,false,America/New_York,3,08533,1840005531
Olivet,Olivet,New Jersey,34033,Salem,39.5402,-75.1727,1535,238.0,shape,false,false,America/New_York,3,08318,1840005592
Island Heights,Island Heights,New Jersey,34029,Ocean,39.9424,-74.1454,1521,964.4,shape,false,true,America/New_York,3,08732,1840003758
Rosenhayn,Rosenhayn,New Jersey,34011,Cumberland,39.4787,-75.138,1508,220.0,shape,false,false,America/New_York,3,08352 08302,1840005751
Vernon Center,Vernon Center,New Jersey,34037,Sussex,41.1874,-74.5015,1493,195.7,shape,false,true,America/New_York,4,07462,1840039977
Dover Beaches South,Dover Beaches South,New Jersey,34029,Ocean,39.9539,-74.0806,1474,915.3,shape,false,false,America/New_York,3,08751,1840005529
Brass Castle,Brass Castle,New Jersey,34041,Warren,40.7621,-75.014,1471,193.3,shape,false,false,America/New_York,3,07882,1840005193
Cedar Glen Lakes,Cedar Glen Lakes,New Jersey,34029,Ocean,39.9527,-74.3995,1461,812.3,shape,false,false,America/New_York,3,08759,1840033477
Springfield,Springfield,New Jersey,34039,Union,40.706,-74.313,1461,1454.2,shape,false,false,America/New_York,3,07081,1840153044
Centre Grove,Centre Grove,New Jersey,34011,Cumberland,39.3628,-75.1351,1460,80.3,shape,false,false,America/New_York,3,08311 08332,1840080603
Avalon,Avalon,New Jersey,34009,Cape May,39.0906,-74.7356,1459,131.9,shape,false,true,America/New_York,3,08202,1840003808
Alpine,Alpine,New Jersey,34003,Bergen,40.9616,-73.9198,1449,87.4,shape,false,true,America/New_York,3,07620,1840003551
Seabrook Farms,Seabrook Farms,New Jersey,34011,Cumberland,39.5015,-75.219,1447,257.8,shape,false,false,America/New_York,3,08302,1840005753
Silver Lake,Silver Lake,New Jersey,34011,Cumberland,39.4675,-75.2408,1433,386.8,shape,false,false,America/New_York,3,08302,1840153053
William Paterson University of New Jersey,William Paterson University of New Jersey,New Jersey,34031,Passaic,40.9478,-74.1989,1421,2168.6,shape,false,false,America/New_York,2,07470,1840146685
Beesleys Point,Beesleys Point,New Jersey,34009,Cape May,39.2777,-74.6333,1413,256.3,shape,false,false,America/New_York,4,08223,1840080504
Bedminster,Bedminster,New Jersey,34035,Somerset,40.6745,-74.6592,1386,115.1,shape,false,false,America/New_York,3,07921,1840153038
Chesilhurst,Chesilhurst,New Jersey,34007,Camden,39.7306,-74.8785,1384,311.5,shape,false,true,America/New_York,3,08089,1840001508
South Dennis,South Dennis,New Jersey,34009,Cape May,39.1684,-74.8,1375,85.5,shape,false,false,America/New_York,3,08245 08210,1840081366
East Vineland,East Vineland,New Jersey,34001,Atlantic,39.4805,-74.9158,1346,103.6,shape,false,false,America/New_York,3,08360,1840150584
Farmingdale,Farmingdale,New Jersey,34025,Monmouth,40.1985,-74.1702,1326,983.8,shape,false,true,America/New_York,3,07727,1840003686
Surf City,Surf City,New Jersey,34029,Ocean,39.6646,-74.1711,1325,687.6,shape,false,true,America/New_York,3,08008,1840001494
Victory Lakes,Victory Lakes,New Jersey,34015,Gloucester,39.6305,-74.9663,1322,210.5,shape,false,false,America/New_York,3,08094,1840005566
Kean University,Kean University,New Jersey,34039,Union,40.6791,-74.2314,1312,1321.7,shape,false,false,America/New_York,3,07083 07205,1840145176
Brookside,Brookside,New Jersey,34027,Morris,40.7944,-74.5661,1302,209.2,shape,false,false,America/New_York,4,07960 07926 07945,1840033236
Lake Telemark,Lake Telemark,New Jersey,34027,Morris,40.961,-74.497,1301,236.3,shape,false,false,America/New_York,3,07866,1840005196
Kingston,Kingston,New Jersey,34035,Somerset,40.3838,-74.6122,1289,265.6,shape,false,false,America/New_York,3,08528 08540,1840033313
Absecon Highlands,Absecon Highlands,New Jersey,34001,Atlantic,39.4409,-74.4735,1285,254.0,shape,false,false,America/New_York,3,08205,1840080446
Cologne,Cologne,New Jersey,34001,Atlantic,39.4933,-74.6091,1280,269.5,shape,false,false,America/New_York,3,08215 08330 08213,1840080637
Elmer,Elmer,New Jersey,34033,Salem,39.5919,-75.174,1268,550.4,shape,false,true,America/New_York,3,08318,1840003791
Newfoundland,Newfoundland,New Jersey,34031,Passaic,41.0594,-74.4308,1256,74.3,shape,false,false,America/New_York,3,07435,1840033367
Milford,Milford,New Jersey,34019,Hunterdon,40.5694,-75.0916,1244,406.2,shape,false,true,America/New_York,3,08848,1840001041
Green Village,Green Village,New Jersey,34027,Morris,40.7386,-74.446,1242,204.6,shape,false,false,America/New_York,3,07960 07935 07928,1840033292
Rainbow Lakes,Rainbow Lakes,New Jersey,34027,Morris,40.875,-74.4535,1187,417.9,shape,false,false,America/New_York,3,07054 07834,1840144110
Flagtown,Flagtown,New Jersey,34035,Somerset,40.5232,-74.6909,1147,259.3,shape,false,false,America/New_York,3,08821 08844,1840033276
Dorothy,Dorothy,New Jersey,34001,Atlantic,39.4054,-74.8333,1144,75.6,shape,false,false,America/New_York,3,08317,1840033263
Crandon Lakes,Crandon Lakes,New Jersey,34037,Sussex,41.1234,-74.8403,1141,172.4,shape,false,false,America/New_York,3,07860,1840004954
Mount Tabor,Mount Tabor,New Jersey,34027,Morris,40.8717,-74.4759,1116,1663.5,shape,false,false,America/New_York,3,07878 07950,1840153037
Griggstown,Griggstown,New Jersey,34035,Somerset,40.44,-74.5989,1102,174.0,shape,false,false,America/New_York,3,08540,1840024277
Bay Head,Bay Head,New Jersey,34029,Ocean,40.0701,-74.0482,1096,722.7,shape,false,true,America/New_York,3,08742,1840003756
Vernon Valley,Vernon Valley,New Jersey,34037,Sussex,41.2396,-74.4833,1084,157.0,shape,false,false,America/New_York,3,07461 07418,1840033487
Auburn,Auburn,New Jersey,34033,Salem,39.6969,-75.3561,1064,96.6,shape,false,false,America/New_York,3,08085 08098,1840033219
Silver Ridge,Silver Ridge,New Jersey,34029,Ocean,39.9621,-74.2358,1063,881.9,shape,false,false,America/New_York,3,08757,1840033466
Beach Haven,Beach Haven,New Jersey,34029,Ocean,39.566,-74.2492,1061,418.3,shape,false,true,America/New_York,3,08008,1840001482
Deans,Deans,New Jersey,34023,Middlesex,40.4037,-74.513,1049,361.4,shape,false,false,America/New_York,3,08852,1840033259
Far Hills,Far Hills,New Jersey,34035,Somerset,40.6906,-74.6257,1047,83.4,shape,false,true,America/New_York,3,07931,1840003611
Milmay,Milmay,New Jersey,34001,Atlantic,39.4433,-74.8668,1042,49.0,shape,false,false,America/New_York,3,08340 08330,1840081059
Roosevelt,Roosevelt,New Jersey,34025,Monmouth,40.2212,-74.473,1037,206.4,shape,false,true,America/New_York,3,08555,1840001359
Audubon Park,Audubon Park,New Jersey,34007,Camden,39.8969,-75.089,1031,1930.8,shape,false,true,America/New_York,3,08106,1840033220
Mount Royal,Mount Royal,New Jersey,34015,Gloucester,39.8099,-75.2137,1012,709.5,shape,false,false,America/New_York,3,08020 08061,1840033361
Layton,Layton,New Jersey,34037,Sussex,41.2192,-74.8229,998,55.2,shape,false,false,America/New_York,3,07826 07851,1840080955
Ship Bottom,Ship Bottom,New Jersey,34029,Ocean,39.6459,-74.1835,995,539.4,shape,false,true,America/New_York,3,08008,1840001489
Port Republic,Port Republic,New Jersey,34001,Atlantic,39.5328,-74.4852,980,50.7,shape,false,true,America/New_York,3,08241,1840001536
Port Morris,Port Morris,New Jersey,34027,Morris,40.9061,-74.6845,957,1119.7,shape,false,false,America/New_York,4,07850,1840081248
Crosswicks,Crosswicks,New Jersey,34005,Burlington,40.1439,-74.6409,944,199.7,shape,false,false,America/New_York,3,08515,1840033257
Califon,Califon,New Jersey,34019,Hunterdon,40.7193,-74.8371,939,378.1,shape,false,true,America/New_York,3,07830,1840001038
Germania,Germania,New Jersey,34001,Atlantic,39.5088,-74.5922,933,137.3,shape,false,false,America/New_York,3,08215,1840080792
Fairton,Fairton,New Jersey,34011,Cumberland,39.3758,-75.213,929,125.0,shape,false,false,America/New_York,3,08302,1840001547
West Cape May,West Cape May,New Jersey,34009,Cape May,38.9423,-74.9378,927,305.0,shape,false,true,America/New_York,3,08204,1840001600
Elwood,Elwood,New Jersey,34001,Atlantic,39.5731,-74.7148,919,111.2,shape,false,false,America/New_York,3,08215 08217 08037,1840005594
Ocean View,Ocean View,New Jersey,34009,Cape May,39.1932,-74.7373,898,119.3,shape,false,false,America/New_York,3,08230,1840081150
Carlls Corner,Carlls Corner,New Jersey,34011,Cumberland,39.4659,-75.2036,894,206.8,shape,false,false,America/New_York,3,08302,1840150441
Stone Harbor,Stone Harbor,New Jersey,34009,Cape May,39.0483,-74.7653,887,241.2,shape,false,true,America/New_York,3,08247,1840001599
Hi-Nella,Hi-Nella,New Jersey,34007,Camden,39.8367,-75.022,883,2064.5,shape,false,true,America/New_York,2,08083,1840003780
New Vernon,New Vernon,New Jersey,34027,Morris,40.7343,-74.4877,869,94.4,shape,false,false,America/New_York,3,07960 07920 07976,1840033365
Bloomsbury,Bloomsbury,New Jersey,34019,Hunterdon,40.6537,-75.084,860,356.1,shape,false,true,America/New_York,3,08804,1840001037
Sunset Lake,Sunset Lake,New Jersey,34011,Cumberland,39.452,-75.2337,849,548.4,shape,false,false,America/New_York,3,08302,1840143266
Ringoes,Ringoes,New Jersey,34019,Hunterdon,40.4327,-74.8722,832,188.2,shape,false,false,America/New_York,3,08559 08551,1840081290
Oceanville,Oceanville,New Jersey,34001,Atlantic,39.4774,-74.4569,826,202.5,shape,false,false,America/New_York,3,08205,1840081151
Dennisville,Dennisville,New Jersey,34009,Cape May,39.2018,-74.8217,824,72.4,shape,false,false,America/New_York,3,08270 08214,1840016637
Rocky Hill,Rocky Hill,New Jersey,34035,Somerset,40.4001,-74.6405,794,503.0,shape,false,true,America/New_York,3,08553,1840001055
Longport,Longport,New Jersey,34001,Atlantic,39.3136,-74.5261,776,758.2,shape,false,true,America/New_York,3,08403,1840003792
Brookfield,Brookfield,New Jersey,34041,Warren,40.8163,-75.0645,774,358.7,shape,false,true,America/New_York,3,07823,1840033464
Vienna,Vienna,New Jersey,34041,Warren,40.8698,-74.881,766,101.2,shape,false,false,America/New_York,3,07880 07840,1840024233
Interlaken,Interlaken,New Jersey,34025,Monmouth,40.235,-74.0166,762,1491.3,shape,false,true,America/New_York,3,07712,1840003689
South Seaville,South Seaville,New Jersey,34009,Cape May,39.1825,-74.7575,736,119.3,shape,false,false,America/New_York,3,08246 08210,1840081375
Fieldsboro,Fieldsboro,New Jersey,34005,Burlington,40.1364,-74.7315,732,864.4,shape,false,true,America/New_York,3,08505,1840003753
Lopatcong Overlook,Lopatcong Overlook,New Jersey,34041,Warren,40.6971,-75.1452,718,634.6,shape,false,true,America/New_York,3,08886,1840039908
Branchville,Branchville,New Jersey,34037,Sussex,41.1471,-74.7494,708,461.1,shape,false,true,America/New_York,3,07826 07890,1840000785
Corbin City,Corbin City,New Jersey,34001,Atlantic,39.3046,-74.7199,697,35.0,shape,false,true,America/New_York,3,08330 08270,1840003794
Renaissance at Monroe,Renaissance at Monroe,New Jersey,34023,Middlesex,40.2634,-74.4807,691,899.8,shape,false,false,America/New_York,3,08831,1840144114
Llewellyn Park,Llewellyn Park,New Jersey,34013,Essex,40.7895,-74.2415,681,368.4,shape,false,false,America/New_York,3,07052,1840082000
Titusville,Titusville,New Jersey,34021,Mercer,40.3087,-74.8767,671,553.1,shape,false,false,America/New_York,3,08560,1840081433
Anderson,Anderson,New Jersey,34041,Warren,40.7617,-74.9301,664,288.2,shape,false,false,America/New_York,3,07882 07865,1840024216
Sweetwater,Sweetwater,New Jersey,34001,Atlantic,39.617,-74.6415,649,70.3,shape,false,false,America/New_York,3,08037,1840081419
Grenloch,Grenloch,New Jersey,34007,Camden,39.7825,-75.0562,648,329.6,shape,false,false,America/New_York,3,08032 08012,1840080822
Deal,Deal,New Jersey,34025,Monmouth,40.2497,-73.9976,645,210.3,shape,false,true,America/New_York,3,07723,1840003678
Allenwood,Allenwood,New Jersey,34025,Monmouth,40.1384,-74.1032,623,137.8,shape,false,false,America/New_York,3,07719 08720 08724,1840005438
Stewartsville,Stewartsville,New Jersey,34041,Warren,40.6889,-75.1022,616,219.8,shape,false,false,America/New_York,3,08886,1840024232
Cookstown,Cookstown,New Jersey,34005,Burlington,40.0446,-74.5547,609,94.1,shape,false,false,America/New_York,3,08511,1840080642
Three Bridges,Three Bridges,New Jersey,34019,Hunterdon,40.5205,-74.8002,569,418.3,shape,false,false,America/New_York,3,08887,1840081429
Rockleigh,Rockleigh,New Jersey,34003,Bergen,41.0026,-73.9327,567,218.3,shape,false,true,America/New_York,3,07647,1840000901
Newtonville,Newtonville,New Jersey,34001,Atlantic,39.5633,-74.8559,566,69.1,shape,false,false,America/New_York,3,08346 08330,1840081120
Encore at Monroe,Encore at Monroe,New Jersey,34023,Middlesex,40.3197,-74.4663,550,903.0,shape,false,false,America/New_York,3,08831,1840148360
Mauricetown,Mauricetown,New Jersey,34011,Cumberland,39.292,-75.0097,544,99.4,shape,false,false,America/New_York,3,08329 08349 08332,1840147361
Mountain Lake,Mountain Lake,New Jersey,34041,Warren,40.8614,-74.9858,543,186.1,shape,false,true,America/New_York,4,07823,1840039933
East Millstone,East Millstone,New Jersey,34035,Somerset,40.5011,-74.5661,541,93.5,shape,false,false,America/New_York,3,08873,1840024273
Neshanic,Neshanic,New Jersey,34035,Somerset,40.5043,-74.7175,530,57.3,shape,false,false,America/New_York,3,08844,1840081102
Newport,Newport,New Jersey,34011,Cumberland,39.2937,-75.1707,529,96.0,shape,false,false,America/New_York,3,08345,1840142083
Cedarville,Cedarville,New Jersey,34011,Cumberland,39.3382,-75.2068,526,90.6,shape,false,false,America/New_York,3,08311,1840005749
Pleasant Plains,Pleasant Plains,New Jersey,34035,Somerset,40.4523,-74.5696,525,63.0,shape,false,false,America/New_York,3,08823 08873,1840033383
Dividing Creek,Dividing Creek,New Jersey,34011,Cumberland,39.2709,-75.1007,524,165.5,shape,false,false,America/New_York,3,08349 08315,1840080690
Richland,Richland,New Jersey,34001,Atlantic,39.4927,-74.8765,518,60.0,shape,false,false,America/New_York,3,08350,1840081284
Connecticut Farms,Connecticut Farms,New Jersey,34039,Union,40.693,-74.2716,503,2859.3,shape,false,false,America/New_York,2,07083,1840149434
Laurel Heights,Laurel Heights,New Jersey,34011,Cumberland,39.457,-75.2235,482,289.9,shape,false,false,America/New_York,3,08302,1840146723
Harvey Cedars,Harvey Cedars,New Jersey,34029,Ocean,39.6995,-74.1426,479,329.5,shape,false,true,America/New_York,3,08008,1840003757
Stockton,Stockton,New Jersey,34019,Hunterdon,40.4061,-74.9758,475,335.7,shape,false,true,America/New_York,3,08559,1840001042
New Village,New Village,New Jersey,34041,Warren,40.7184,-75.0773,474,192.9,shape,false,false,America/New_York,3,08886,1840033366
Lower Berkshire Valley,Lower Berkshire Valley,New Jersey,34027,Morris,40.9132,-74.6104,471,180.3,shape,false,false,America/New_York,3,07885,1840153045
Cream Ridge,Cream Ridge,New Jersey,34025,Monmouth,40.1326,-74.5348,470,60.1,shape,false,false,America/New_York,3,08514,1840033255
Johnsonburg,Johnsonburg,New Jersey,34041,Warren,40.9623,-74.8765,470,170.4,shape,false,false,America/New_York,3,07846 07821 07825,1840024230
Wrightstown,Wrightstown,New Jersey,34005,Burlington,40.0258,-74.6318,467,97.4,shape,false,true,America/New_York,3,08640 08562,1840001481
Washington Crossing,Washington Crossing,New Jersey,34021,Mercer,40.296,-74.8615,463,250.6,shape,false,false,America/New_York,3,08560,1840081493
Belleplain,Belleplain,New Jersey,34009,Cape May,39.2662,-74.8672,463,24.4,shape,false,false,America/New_York,3,08270,1840026666
Nesco,Nesco,New Jersey,34001,Atlantic,39.638,-74.6954,461,67.4,shape,false,false,America/New_York,3,08037,1840033362
Barnegat Light,Barnegat Light,New Jersey,34029,Ocean,39.753,-74.1095,435,202.2,shape,false,true,America/New_York,3,08006,1840003755
Harlingen,Harlingen,New Jersey,34035,Somerset,40.4502,-74.6581,429,205.4,shape,false,false,America/New_York,3,08502,1840024278
Pluckemin,Pluckemin,New Jersey,34035,Somerset,40.6454,-74.6355,428,238.4,shape,false,false,America/New_York,3,07921 07920 07978,1840033385
West Wildwood,West Wildwood,New Jersey,34009,Cape May,39.0006,-74.8233,427,758.2,shape,false,true,America/New_York,3,08260,1840001601
Mantoloking,Mantoloking,New Jersey,34029,Ocean,40.0435,-74.0514,417,416.9,shape,false,true,America/New_York,3,08738,1840003754
Allenhurst,Allenhurst,New Jersey,34025,Monmouth,40.2362,-74.0017,412,840.9,shape,false,true,America/New_York,3,07711,1840003682
East Rocky Hill,East Rocky Hill,New Jersey,34035,Somerset,40.4079,-74.6128,411,38.1,shape,false,true,America/New_York,4,08540,1840039875
Delmont,Delmont,New Jersey,34011,Cumberland,39.2152,-74.9494,390,139.5,shape,false,false,America/New_York,3,08314,1840080685
Vincentown,Vincentown,New Jersey,34005,Burlington,39.9367,-74.7519,389,276.7,shape,false,false,America/New_York,3,08088,1840033434
Pottersville,Pottersville,New Jersey,34019,Hunterdon,40.7133,-74.7253,388,164.2,shape,false,false,America/New_York,3,07931 07979,1840033390
Pedricktown,Pedricktown,New Jersey,34033,Salem,39.7658,-75.4085,367,81.4,shape,false,false,America/New_York,3,08067,1840024374
Hancocks Bridge,Hancocks Bridge,New Jersey,34033,Salem,39.5051,-75.4605,348,353.6,shape,false,false,America/New_York,3,08079 08038,1840024373
Upper Stewartsville,Upper Stewartsville,New Jersey,34041,Warren,40.7048,-75.1205,344,445.6,shape,false,true,America/New_York,3,08886,1840039973
Delaware Park,Delaware Park,New Jersey,34041,Warren,40.7051,-75.1883,344,1331.7,shape,false,true,America/New_York,3,08865,1840039868
Oldwick,Oldwick,New Jersey,34019,Hunterdon,40.67,-74.7443,334,71.7,shape,false,false,America/New_York,3,08889 08858,1840081153
Burleigh,Burleigh,New Jersey,34009,Cape May,39.049,-74.8465,331,83.9,shape,false,false,America/New_York,3,08210,1840024493
Finesville,Finesville,New Jersey,34041,Warren,40.611,-75.1738,331,60.4,shape,false,false,America/New_York,3,08865,1840024224
Windsor,Windsor,New Jersey,34021,Mercer,40.2465,-74.5814,328,110.3,shape,false,false,America/New_York,3,08561,1840033447
Leesburg,Leesburg,New Jersey,34011,Cumberland,39.2593,-74.9849,320,70.2,shape,false,false,America/New_York,3,08327,1840033325
Harrisonville,Harrisonville,New Jersey,34015,Gloucester,39.6881,-75.2701,314,60.5,shape,false,false,America/New_York,3,08085 08062 08039,1840080852
Great Meadows,Great Meadows,New Jersey,34041,Warren,40.877,-74.9034,310,78.2,shape,false,false,America/New_York,3,07838,1840024225
Shiloh,Shiloh,New Jersey,34011,Cumberland,39.4595,-75.297,305,97.9,shape,false,true,America/New_York,3,08353,1840001549
Skillman,Skillman,New Jersey,34035,Somerset,40.4247,-74.714,297,78.2,shape,false,false,America/New_York,3,08558,1840024281
Mizpah,Mizpah,New Jersey,34001,Atlantic,39.4814,-74.8385,297,70.3,shape,false,false,America/New_York,3,08330 08342,1840081061
Port Elizabeth,Port Elizabeth,New Jersey,34011,Cumberland,39.3079,-74.9757,292,75.3,shape,false,false,America/New_York,3,08348 08332,1840081246
Jobstown,Jobstown,New Jersey,34005,Burlington,40.0334,-74.6945,286,33.6,shape,false,false,America/New_York,3,08041,1840033312
Goshen,Goshen,New Jersey,34009,Cape May,39.1465,-74.8524,267,59.1,shape,false,false,America/New_York,3,08210,1840080804
Hainesburg,Hainesburg,New Jersey,34041,Warren,40.9577,-75.0503,257,66.0,shape,false,false,America/New_York,3,07832,1840024227
Bridgeville,Bridgeville,New Jersey,34041,Warren,40.8427,-75.0303,257,109.2,shape,false,false,America/New_York,3,07823,1840033235
Heislerville,Heislerville,New Jersey,34011,Cumberland,39.2236,-74.9915,253,136.0,shape,false,false,America/New_York,3,08324,1840080860
New Gretna,New Gretna,New Jersey,34005,Burlington,39.5909,-74.455,231,105.5,shape,false,false,America/New_York,3,08087 08224,1840081111
Mount Hermon,Mount Hermon,New Jersey,34041,Warren,40.9227,-74.9961,230,95.2,shape,false,false,America/New_York,3,07825,1840033356
Diamond Beach,Diamond Beach,New Jersey,34009,Cape May,38.9595,-74.8531,226,459.3,shape,false,false,America/New_York,3,08260,1840005865
Marshallville,Marshallville,New Jersey,34009,Cape May,39.2929,-74.7751,226,73.0,shape,false,false,America/New_York,3,08270,1840081014
Port Colden,Port Colden,New Jersey,34041,Warren,40.7661,-74.9548,225,171.3,shape,false,false,America/New_York,3,07882,1840033388
Loch Arbour,Loch Arbour,New Jersey,34025,Monmouth,40.2323,-74.0013,220,5107.2,shape,false,true,America/New_York,2,07711,1840003672
Bridgeport,Bridgeport,New Jersey,34015,Gloucester,39.8009,-75.3468,216,235.7,shape,false,false,America/New_York,3,08014,1840033234
Columbia,Columbia,New Jersey,34041,Warren,40.926,-75.0945,209,371.8,shape,false,false,America/New_York,3,07832,1840024222
Lamington,Lamington,New Jersey,34035,Somerset,40.6633,-74.7079,209,18.7,shape,false,false,America/New_York,3,07921,1840033321
Cumberland-Hesstown,Cumberland-Hesstown,New Jersey,34011,Cumberland,39.3641,-74.9284,207,31.4,shape,false,false,America/New_York,4,08332,1840153052
Asbury,Asbury,New Jersey,34041,Warren,40.7003,-75.0121,203,113.1,shape,false,false,America/New_York,3,08802,1840024217
Lakeside-Beebe Run,Lakeside-Beebe Run,New Jersey,34011,Cumberland,39.4522,-75.2497,176,313.9,shape,false,false,America/New_York,3,08302,1840153039
Greenwich,Greenwich,New Jersey,34011,Cumberland,39.391,-75.3432,167,76.8,shape,false,false,America/New_York,3,08323,1840153042
Brainards,Brainards,New Jersey,34041,Warren,40.7718,-75.1699,166,273.4,shape,false,false,America/New_York,3,08865,1840024219
Marksboro,Marksboro,New Jersey,34041,Warren,40.9811,-74.9082,165,29.6,shape,false,false,America/New_York,3,07825,1840024231
Roadstown,Roadstown,New Jersey,34011,Cumberland,39.4431,-75.3169,164,75.8,shape,false,false,America/New_York,4,08302,1840081292
Dorchester,Dorchester,New Jersey,34011,Cumberland,39.2711,-74.9729,163,128.6,shape,false,false,America/New_York,3,08327 08316,1840080692
Cape May Point,Cape May Point,New Jersey,34009,Cape May,38.9372,-74.9651,155,291.2,shape,false,true,America/New_York,3,08212,1840001595
Tuckahoe,Tuckahoe,New Jersey,34009,Cape May,39.2892,-74.7497,153,56.7,shape,false,false,America/New_York,3,08270 08250,1840145022
Strathmere,Strathmere,New Jersey,34009,Cape May,39.1944,-74.6618,121,88.7,shape,false,false,America/New_York,3,08248,1840005868
Dutch Neck,Dutch Neck,New Jersey,34011,Cumberland,39.4017,-75.2787,118,98.8,shape,false,false,America/New_York,3,08302,1840147816
Hutchinson,Hutchinson,New Jersey,34041,Warren,40.78,-75.1204,115,45.3,shape,false,false,America/New_York,3,08865,1840033304
Blawenburg,Blawenburg,New Jersey,34035,Somerset,40.4056,-74.6971,112,71.1,shape,false,false,America/New_York,3,08558,1840024272
Othello,Othello,New Jersey,34011,Cumberland,39.4114,-75.3426,110,34.3,shape,false,false,America/New_York,3,08323,1840081166
Buttzville,Buttzville,New Jersey,34041,Warren,40.8293,-75.006,103,48.2,shape,false,false,America/New_York,3,07823 07863,1840024221
Arrowhead Lake,Arrowhead Lake,New Jersey,34011,Cumberland,39.4757,-75.3174,103,150.4,shape,false,false,America/New_York,3,08302,1840148225
Teterboro,Teterboro,New Jersey,34003,Bergen,40.858,-74.0594,91,31.7,shape,false,true,America/New_York,3,07608 07699,1840000919
Fortescue,Fortescue,New Jersey,34011,Cumberland,39.2359,-75.1701,87,325.7,shape,false,false,America/New_York,3,08321,1840080763
Seeley,Seeley,New Jersey,34011,Cumberland,39.4852,-75.2455,80,55.4,shape,false,false,America/New_York,3,08302,1840081333
Sheppards Mill,Sheppards Mill,New Jersey,34011,Cumberland,39.4124,-75.3136,79,88.5,shape,false,false,America/New_York,3,08323 08302,1840081343
Leeds Point,Leeds Point,New Jersey,34001,Atlantic,39.4906,-74.4433,77,358.7,shape,false,false,America/New_York,3,08205,1840080958
Clyde,Clyde,New Jersey,34035,Somerset,40.4874,-74.5132,76,448.5,shape,false,false,America/New_York,3,08873,1840033249
Marlboro,Marlboro,New Jersey,34011,Cumberland,39.486,-75.3215,75,72.0,shape,false,false,America/New_York,3,08302,1840153041
Zarephath,Zarephath,New Jersey,34035,Somerset,40.5362,-74.5744,74,70.9,shape,false,false,America/New_York,3,08873 08890,1840024282
Juliustown,Juliustown,New Jersey,34005,Burlington,40.0121,-74.6715,67,21.7,shape,false,false,America/New_York,3,08022 08042,1840026546
Ross Corner,Ross Corner,New Jersey,34037,Sussex,41.1243,-74.719,66,14.3,shape,false,false,America/New_York,3,07822,1840024181
Deerfield Street,Deerfield Street,New Jersey,34011,Cumberland,39.5212,-75.2421,50,11.0,shape,false,false,America/New_York,4,08318 08302 08313,1840153040
Broadway,Broadway,New Jersey,34041,Warren,40.7356,-75.0495,37,192.5,shape,false,false,America/New_York,3,07882,1840024220
Gandys Beach,Gandys Beach,New Jersey,34011,Cumberland,39.2715,-75.2316,30,10.2,shape,false,false,America/New_York,3,08345,1840080785
Hibernia,Hibernia,New Jersey,34027,Morris,40.9423,-74.5011,17,3.0,shape,false,false,America/New_York,3,07885 07842 07866,1840033297
Tavistock,Tavistock,New Jersey,34007,Camden,39.8758,-75.0273,12,398.9,shape,false,true,America/New_York,3,08033,1840001517
Money Island,Money Island,New Jersey,34011,Cumberland,39.2855,-75.2352,10,14.1,shape,false,false,America/New_York,3,08345,1840148391
Port Murray,Port Murray,New Jersey,34041,Warren,40.7915,-74.924,0,82.3,shape,false,false,America/New_York,3,07865,1840033389
