Baltimore,Baltimore,Maryland,24510,Baltimore,39.3051,-76.6144,2196524,2788.2,shape,false,true,America/New_York,1,21218 21211 21210 21213 21212 21215 21214 21217 21216 21233 21231 21230 21239 21251 21209 21202 21206 21207 21205 21287 21223 21226 21201 21224 21225 21229 21203 21263 21264 21270 21273 21275 21278 21279 21281 21290 21297 21298,1840001592
Hagerstown,Hagerstown,Maryland,24043,Washington,39.6401,-77.7217,195261,1334.0,shape,false,true,America/New_York,2,21742 21740 21741 21747 21749,1840005613
Frederick,Frederick,Maryland,24021,Frederick,39.4337,-77.4141,184991,1263.9,shape,false,true,America/New_York,2,21705 21702 21701 21709,1840005710
Waldorf,Waldorf,Maryland,24017,Charles,38.6085,-76.9194,122310,863.7,shape,false,false,America/New_York,2,20601 20603 20602 20675 20695 20604,1840006175
Columbia,Columbia,Maryland,24027,Howard,39.2004,-76.859,106600,1288.9,shape,false,false,America/New_York,2,21044 21045 21046 21029 20588 21150,1840005803
Germantown,Germantown,Maryland,24031,Montgomery,39.1755,-77.2643,90210,2044.8,shape,false,false,America/New_York,2,20876 20874 20875,1840005840
Salisbury,Salisbury,Maryland,24045,Wicomico,38.3756,-75.5865,81921,923.2,shape,false,true,America/New_York,3,21804 21801,1840006219
Silver Spring,Silver Spring,Maryland,24031,Montgomery,39.0028,-77.0207,81808,4006.9,shape,false,false,America/New_York,2,20910 20912 20903 20901 20907 20911 20997,1840005845
Ellicott City,Ellicott City,Maryland,24027,Howard,39.2774,-76.8345,73589,946.9,shape,false,false,America/New_York,3,21042 21043 21041,1840005802
Glen Burnie,Glen Burnie,Maryland,24003,Anne Arundel,39.156,-76.6071,71427,1592.9,shape,false,false,America/New_York,3,21060 21061 21108 21062,1840005917
Gaithersburg,Gaithersburg,Maryland,24031,Montgomery,39.1346,-77.2131,69016,2581.8,shape,false,true,America/New_York,2,20878 20899 20879 20877 20884 20885 20898,1840005848
Rockville,Rockville,Maryland,24031,Montgomery,39.0834,-77.1553,67142,1905.6,shape,false,true,America/New_York,3,20850 20851 20852 20847 20848 20849 20857,1840005849
Dundalk,Dundalk,Maryland,24005,Baltimore,39.2704,-76.4942,66321,1956.6,shape,false,false,America/New_York,3,21222 21224,1840005681
Bethesda,Bethesda,Maryland,24031,Montgomery,38.9866,-77.1188,66316,1930.6,shape,false,false,America/New_York,3,20892 20894 20814 20815 20816 20817 20889 20810 20811 20824,1840005826
Bowie,Bowie,Maryland,24033,Prince George's,38.9549,-76.7406,57922,1094.4,shape,false,true,America/New_York,3,20720 20721 20716 20715 20717 20718 20719,1840005970
Towson,Towson,Maryland,24005,Baltimore,39.3944,-76.619,57617,1571.8,shape,false,false,America/New_York,3,21210 21212 21239 21286 21252 21209 21204 21285 21139 21284,1840005695
Bel Air South,Bel Air South,Maryland,24025,Harford,39.5022,-76.3113,57109,1036.4,shape,false,true,America/New_York,3,21009 21015 21014,1840073592
Severn,Severn,Maryland,24003,Anne Arundel,39.1355,-76.6956,56438,1188.2,shape,false,false,America/New_York,3,21144 21077 21076,1840005925
Aspen Hill,Aspen Hill,Maryland,24031,Montgomery,39.0927,-77.0826,54262,2205.8,shape,false,false,America/New_York,2,20853 20906 20897 20908 20916,1840005825
Wheaton,Wheaton,Maryland,24031,Montgomery,39.0492,-77.0573,52775,2954.1,shape,false,false,America/New_York,2,20906 20902 20915,1840031295
North Bethesda,North Bethesda,Maryland,24031,Montgomery,39.0393,-77.1191,49763,2165.6,shape,false,false,America/New_York,2,20895 20896 20814 20817 20851 20852,1840031494
Potomac,Potomac,Maryland,24031,Montgomery,39.0141,-77.1943,46499,713.4,shape,false,false,America/New_York,3,20817 20854 20827 20859,1840005837
Odenton,Odenton,Maryland,24003,Anne Arundel,39.0661,-76.6938,45026,1177.4,shape,false,false,America/New_York,3,21054 21113,1840005912
Catonsville,Catonsville,Maryland,24005,Baltimore,39.2646,-76.7424,42767,1182.7,shape,false,false,America/New_York,3,21250 21228,1840005679
Woodlawn,Woodlawn,Maryland,24005,Baltimore,39.3054,-76.7489,42239,1709.7,shape,false,false,America/New_York,3,21244 21207 21228 21235 21241 21289,1840005697
Essex,Essex,Maryland,24005,Baltimore,39.3021,-76.4449,40842,1703.0,shape,false,false,America/New_York,3,21221,1840005675
Annapolis,Annapolis,Maryland,24003,Anne Arundel,38.9706,-76.5047,40719,2181.7,shape,false,true,America/New_York,2,21401 21403 21404 21411,1840005928
Severna Park,Severna Park,Maryland,24003,Anne Arundel,39.087,-76.5687,40452,944.6,shape,false,false,America/New_York,3,21122 21146 21108 21123,1840005926
Clinton,Clinton,Maryland,24033,Prince George's,38.7499,-76.9063,40224,620.8,shape,false,false,America/New_York,3,20735,1840005949
Randallstown,Randallstown,Maryland,24005,Baltimore,39.3723,-76.8024,36223,1368.2,shape,false,false,America/New_York,3,21163 21208 21133,1840005688
Chillum,Chillum,Maryland,24033,Prince George's,38.9666,-76.9791,35908,4106.8,shape,false,false,America/New_York,2,20783 20782,1840005948
Olney,Olney,Maryland,24031,Montgomery,39.1465,-77.0715,35522,847.6,shape,false,false,America/New_York,3,20860 20832 20833 20853 20906 20830,1840005836
Owings Mills,Owings Mills,Maryland,24005,Baltimore,39.4115,-76.7913,34999,1417.6,shape,false,false,America/New_York,3,21117,1840005684
Montgomery Village,Montgomery Village,Maryland,24031,Montgomery,39.1788,-77.1954,34748,3456.0,shape,false,false,America/New_York,2,20886,1840005834
College Park,College Park,Maryland,24033,Prince George's,38.996,-76.9337,34416,2368.4,shape,false,true,America/New_York,2,20742 20740 20741,1840005971
Pikesville,Pikesville,Maryland,24005,Baltimore,39.3893,-76.702,34101,1066.1,shape,false,false,America/New_York,3,21153 21208 21209 21022 21282,1840005687
Pasadena,Pasadena,Maryland,24003,Anne Arundel,39.1552,-76.5537,32161,831.8,shape,false,false,America/New_York,3,21122 21060 21226 21412,1840005914
Milford Mill,Milford Mill,Maryland,24005,Baltimore,39.3444,-76.7668,31513,1752.0,shape,false,false,America/New_York,3,21244,1840031493
Bel Air North,Bel Air North,Maryland,24025,Harford,39.5543,-76.3732,31308,757.0,shape,false,true,America/New_York,3,21050 21015 21014,1840073591
Middle River,Middle River,Maryland,24005,Baltimore,39.3436,-76.4253,31155,942.9,shape,false,false,America/New_York,3,21220,1840005682
Parkville,Parkville,Maryland,24005,Baltimore,39.3832,-76.5519,30520,2750.2,shape,false,false,America/New_York,2,21234,1840005685
Eldersburg,Eldersburg,Maryland,24013,Carroll,39.4041,-76.9528,30357,294.4,shape,false,false,America/New_York,3,21784 21104,1840005698
Laurel,Laurel,Maryland,24033,Prince George's,39.0949,-76.8622,29581,2374.1,shape,false,true,America/New_York,2,20707 20725 20797,1840005976
Crofton,Crofton,Maryland,24003,Anne Arundel,39.0144,-76.68,29358,1714.5,shape,false,false,America/New_York,3,21054 21114,1840005909
Carney,Carney,Maryland,24005,Baltimore,39.405,-76.5235,29352,1617.6,shape,false,false,America/New_York,3,21234,1840005678
Perry Hall,Perry Hall,Maryland,24005,Baltimore,39.4068,-76.478,29255,1628.2,shape,false,false,America/New_York,3,21234 21128 21236,1840005686
South Laurel,South Laurel,Maryland,24033,Prince George's,39.0603,-76.8456,28427,1359.7,shape,false,false,America/New_York,3,20708 20709 20726,1840031498
Clarksburg,Clarksburg,Maryland,24031,Montgomery,39.2246,-77.2659,28337,1133.9,shape,false,false,America/New_York,3,20841 20876 20871,1840005830
Reisterstown,Reisterstown,Maryland,24005,Baltimore,39.455,-76.814,27616,2094.0,shape,false,false,America/New_York,2,21117 21136,1840005689
Ilchester,Ilchester,Maryland,24027,Howard,39.2187,-76.7683,27300,980.0,shape,false,false,America/New_York,3,21043 21075,1840024482
Lochearn,Lochearn,Maryland,24005,Baltimore,39.3461,-76.7307,27078,1870.1,shape,false,false,America/New_York,3,21208 21207,1840005694
Fairland,Fairland,Maryland,24031,Montgomery,39.0803,-76.9527,25987,2020.8,shape,false,false,America/New_York,2,20866 20904 20905,1840001593
Suitland,Suitland,Maryland,24033,Prince George's,38.8492,-76.9225,25839,2349.5,shape,false,false,America/New_York,2,20746 20747 20752 20790,1840031466
Fort Washington,Fort Washington,Maryland,24033,Prince George's,38.7339,-77.0069,25825,722.9,shape,false,false,America/New_York,3,20744 20749,1840005953
Elkridge,Elkridge,Maryland,24027,Howard,39.1941,-76.7428,25251,1166.2,shape,false,false,America/New_York,3,21075 21076,1840005801
Edgewood,Edgewood,Maryland,24025,Harford,39.419,-76.2964,25116,567.0,shape,true,true,America/New_York,3,21010 21040,1840005661
Arnold,Arnold,Maryland,24003,Anne Arundel,39.0437,-76.4974,24825,886.0,shape,false,false,America/New_York,3,21012,1840005907
North Potomac,North Potomac,Maryland,24031,Montgomery,39.0955,-77.2373,24692,1461.9,shape,false,false,America/New_York,3,20878 20850,1840005835
Greenbelt,Greenbelt,Maryland,24033,Prince George's,38.9953,-76.8885,24646,1522.6,shape,false,true,America/New_York,3,20770 20768,1840005974
Landover,Landover,Maryland,24033,Prince George's,38.9241,-76.8875,24430,2359.0,shape,false,false,America/New_York,2,20784 20785,1840005956
North Laurel,North Laurel,Maryland,24027,Howard,39.1285,-76.8476,24414,1454.2,shape,false,false,America/New_York,3,20723,1840031495
Ballenger Creek,Ballenger Creek,Maryland,24021,Frederick,39.3807,-77.4206,24325,869.9,shape,false,false,America/New_York,3,21704 21703,1840031490
Camp Springs,Camp Springs,Maryland,24033,Prince George's,38.8052,-76.9199,23269,1169.9,shape,false,false,America/New_York,3,20744 20746 20748,1840005947
Cockeysville,Cockeysville,Maryland,24005,Baltimore,39.4804,-76.6294,23246,749.6,shape,false,false,America/New_York,3,21031 21030 21065,1840005680
Langley Park,Langley Park,Maryland,24033,Prince George's,38.9897,-76.9808,21778,8457.6,shape,false,false,America/New_York,2,20783 20903,1840005959
Hyattsville,Hyattsville,Maryland,24033,Prince George's,38.9613,-76.9548,20851,2976.8,shape,false,true,America/New_York,2,20781 20782 20788,1840005975
Arbutus,Arbutus,Maryland,24005,Baltimore,39.2428,-76.6922,20135,1191.3,shape,false,false,America/New_York,3,21227,1840005676
Westminster,Westminster,Maryland,24013,Carroll,39.5796,-77.0067,20099,1168.6,shape,false,true,America/New_York,3,21158 21157,1840005701
Rosedale,Rosedale,Maryland,24005,Baltimore,39.3266,-76.5084,20058,1128.4,shape,false,false,America/New_York,3,21237 21206,1840005690
Beltsville,Beltsville,Maryland,24033,Prince George's,39.0394,-76.9211,19704,1055.8,shape,false,false,America/New_York,3,20705 20740 20697 20704,1840005945
Seabrook,Seabrook,Maryland,24033,Prince George's,38.9802,-76.8502,19369,2432.3,shape,false,false,America/New_York,2,20706 20703,1840024547
Cumberland,Cumberland,Maryland,24001,Allegany,39.6515,-78.7584,19041,731.1,shape,false,true,America/New_York,3,21502 21501 21503 21504 21505,1840005621
Lake Shore,Lake Shore,Maryland,24003,Anne Arundel,39.103,-76.4876,18872,542.8,shape,false,false,America/New_York,3,21122,1840005920
Parole,Parole,Maryland,24003,Anne Arundel,38.9863,-76.5518,18527,696.6,shape,false,false,America/New_York,3,21401,1840005913
Oxon Hill,Oxon Hill,Maryland,24033,Prince George's,38.7884,-76.9727,18526,1110.9,shape,false,false,America/New_York,3,20744 20745,1840026688
Redland,Redland,Maryland,24031,Montgomery,39.1339,-77.1464,18346,984.7,shape,false,false,America/New_York,3,20855 20877,1840005838
Maryland City,Maryland City,Maryland,24003,Anne Arundel,39.1016,-76.8051,18345,917.7,shape,false,false,America/New_York,3,20724,1840005922
Calverton,Calverton,Maryland,24031,Montgomery,39.0578,-76.9488,18324,1546.1,shape,false,false,America/New_York,3,20705 20904,1840031445
East Riverdale,East Riverdale,Maryland,24033,Prince George's,38.96,-76.9109,18080,4324.9,shape,false,false,America/New_York,2,20781 20737,1840031482
Takoma Park,Takoma Park,Maryland,24031,Montgomery,38.981,-77.0028,17542,3240.2,shape,false,true,America/New_York,2,20912 20913,1840005850
Glassmanor,Glassmanor,Maryland,24033,Prince George's,38.8181,-76.9833,17353,2899.6,shape,false,false,America/New_York,2,20745,1840024545
Easton,Easton,Maryland,24041,Talbot,38.776,-76.0701,17118,576.7,shape,false,true,America/New_York,3,21601,1840006089
Adelphi,Adelphi,Maryland,24033,Prince George's,39.0017,-76.9649,16944,2404.8,shape,false,false,America/New_York,2,20783 20787,1840005944
Damascus,Damascus,Maryland,24031,Montgomery,39.2701,-77.1957,16846,456.7,shape,false,false,America/New_York,3,20872 20882,1840005832
Ferndale,Ferndale,Maryland,24003,Anne Arundel,39.1869,-76.6331,16669,1626.6,shape,false,false,America/New_York,3,21061,1840005906
Glenmont,Glenmont,Maryland,24031,Montgomery,39.0698,-77.0467,16632,2293.3,shape,false,false,America/New_York,2,20906,1840024490
Hillcrest Heights,Hillcrest Heights,Maryland,24033,Prince George's,38.8373,-76.9641,16478,2558.3,shape,false,false,America/New_York,2,20748,1840005957
Cloverly,Cloverly,Maryland,24031,Montgomery,39.1064,-76.9995,16436,630.5,shape,false,false,America/New_York,3,20861 20905,1840031267
Aberdeen,Aberdeen,Maryland,24025,Harford,39.5151,-76.1733,16422,917.1,shape,false,true,America/New_York,3,21001,1840005666
Summerfield,Summerfield,Maryland,24033,Prince George's,38.9042,-76.8678,15940,1694.9,shape,false,true,America/New_York,3,20785,1840039531
Brooklyn Park,Brooklyn Park,Maryland,24003,Anne Arundel,39.217,-76.6174,15902,1458.2,shape,false,false,America/New_York,3,21225,1840031312
Elkton,Elkton,Maryland,24015,Cecil,39.6066,-75.8209,15830,680.2,shape,false,true,America/New_York,3,21921 21922,1840005635
Rossville,Rossville,Maryland,24005,Baltimore,39.3572,-76.4767,15503,1112.8,shape,false,false,America/New_York,3,21237 21236,1840031398
White Oak,White Oak,Maryland,24031,Montgomery,39.0451,-76.9885,15489,1915.1,shape,false,false,America/New_York,3,20904 20903 20901,1840005847
Glenn Dale,Glenn Dale,Maryland,24033,Prince George's,38.9833,-76.804,15244,822.7,shape,false,false,America/New_York,3,20720 20706 20769,1840005955
Lake Arbor,Lake Arbor,Maryland,24033,Prince George's,38.9105,-76.8304,14901,1439.9,shape,false,false,America/New_York,3,20721 20774,1840031485
Havre de Grace,Havre de Grace,Maryland,24025,Harford,39.548,-76.1146,14743,966.6,shape,false,true,America/New_York,3,21078,1840005667
Flower Hill,Flower Hill,Maryland,24031,Montgomery,39.1676,-77.1824,14631,2702.4,shape,false,false,America/New_York,2,20879 20883,1840148534
Bensville,Bensville,Maryland,24017,Charles,38.6176,-77.0077,14202,324.4,shape,false,true,America/New_York,3,20603 20675 20695,1840073595
Kemp Mill,Kemp Mill,Maryland,24031,Montgomery,39.0412,-77.0215,14098,2169.1,shape,false,false,America/New_York,2,20902 20901,1840005842
Kettering,Kettering,Maryland,24033,Prince George's,38.8888,-76.7889,13873,975.1,shape,false,false,America/New_York,3,20774,1840005958
Colesville,Colesville,Maryland,24031,Montgomery,39.073,-77.001,13704,1034.4,shape,false,false,America/New_York,3,20904 20914,1840005831
California,California,Maryland,24037,St. Mary's,38.2969,-76.4949,13635,409.2,shape,false,false,America/New_York,3,20653 20619 20634,1840006228
New Carrollton,New Carrollton,Maryland,24033,Prince George's,38.9656,-76.8775,13580,3349.1,shape,false,true,America/New_York,2,20784,1840005978
Lexington Park,Lexington Park,Maryland,24037,St. Mary's,38.2528,-76.4424,13537,861.9,shape,false,false,America/New_York,3,20653,1840006231
Joppatowne,Joppatowne,Maryland,24025,Harford,39.4181,-76.3516,13391,768.4,shape,false,false,America/New_York,3,21085,1840005665
Urbana,Urbana,Maryland,24021,Frederick,39.3274,-77.3423,13373,664.2,shape,false,false,America/New_York,3,21704 21754,1840024455
Cambridge,Cambridge,Maryland,24019,Dorchester,38.5515,-76.0787,13058,473.5,shape,false,true,America/New_York,3,21613,1840006165
Green Valley,Green Valley,Maryland,24021,Frederick,39.3414,-77.24,12980,293.2,shape,false,false,America/New_York,3,21770 21771 21754,1840133409
Overlea,Overlea,Maryland,24005,Baltimore,39.3642,-76.5175,12794,1638.1,shape,false,false,America/New_York,3,21234 21236 21206,1840005683
Accokeek,Accokeek,Maryland,24033,Prince George's,38.6745,-77.0023,12745,179.4,shape,false,false,America/New_York,3,20601 20607,1840005943
Annapolis Neck,Annapolis Neck,Maryland,24003,Anne Arundel,38.9409,-76.4997,12712,707.9,shape,false,true,America/New_York,3,21403,1840039445
Brock Hall,Brock Hall,Maryland,24033,Prince George's,38.8604,-76.7459,12529,503.4,shape,false,false,America/New_York,3,20774 20772,1840024541
Ocean Pines,Ocean Pines,Maryland,24047,Worcester,38.3851,-75.1487,12312,734.2,shape,false,false,America/New_York,3,21811,1840006252
Riviera Beach,Riviera Beach,Maryland,24003,Anne Arundel,39.1623,-76.5257,12121,1779.2,shape,false,false,America/New_York,3,21122 21226,1840005916
Mitchellville,Mitchellville,Maryland,24033,Prince George's,38.9358,-76.8146,12103,946.5,shape,false,false,America/New_York,3,20720 20721,1840005951
Mays Chapel,Mays Chapel,Maryland,24005,Baltimore,39.4343,-76.6516,12059,1255.2,shape,false,false,America/New_York,3,21093,1840031492
Honeygo,Honeygo,Maryland,24005,Baltimore,39.4055,-76.4282,12045,794.9,shape,false,false,America/New_York,3,21128 21162,1840147786
Rosaryville,Rosaryville,Maryland,24033,Prince George's,38.7672,-76.8266,12026,505.7,shape,false,false,America/New_York,3,20623 20772,1840005952
Linganore,Linganore,Maryland,24021,Frederick,39.4127,-77.3014,11870,553.7,shape,false,false,America/New_York,3,21774,1840026627
Largo,Largo,Maryland,24033,Prince George's,38.88,-76.8289,11757,1482.9,shape,false,false,America/New_York,3,20774,1840005960
Lanham,Lanham,Maryland,24033,Prince George's,38.962,-76.8421,11662,1276.3,shape,false,false,America/New_York,3,20706,1840026687
Westphalia,Westphalia,Maryland,24033,Prince George's,38.8356,-76.8298,11260,438.8,shape,false,false,America/New_York,3,20774 20772,1840024549
Travilah,Travilah,Maryland,24031,Montgomery,39.057,-77.247,10846,262.9,shape,false,false,America/New_York,3,20854 20850,1840005846
Scaggsville,Scaggsville,Maryland,24027,Howard,39.1416,-76.8843,10793,827.6,shape,false,false,America/New_York,3,20723,1840024483
Timonium,Timonium,Maryland,24005,Baltimore,39.4459,-76.6032,10793,728.4,shape,false,false,America/New_York,3,21093,1840026624
Linthicum,Linthicum,Maryland,24003,Anne Arundel,39.2088,-76.6626,10731,758.5,shape,false,false,America/New_York,3,21090,1840005921
Friendly,Friendly,Maryland,24033,Prince George's,38.7601,-76.9642,10639,842.4,shape,false,false,America/New_York,3,20744,1840005954
Bel Air,Bel Air,Maryland,24025,Harford,39.5348,-76.346,10630,1353.9,shape,false,true,America/New_York,3,21014,1840005668
White Marsh,White Marsh,Maryland,24005,Baltimore,39.3819,-76.4574,10337,751.6,shape,false,false,America/New_York,3,21128 21237 21236 21162,1840005696
Burtonsville,Burtonsville,Maryland,24031,Montgomery,39.1166,-76.9356,10316,508.2,shape,false,false,America/New_York,3,20868 20866 20707,1840005827
Forestville,Forestville,Maryland,24033,Prince George's,38.8518,-76.8708,10291,1011.8,shape,false,false,America/New_York,3,20747,1840005942
La Plata,La Plata,Maryland,24017,Charles,38.5352,-76.97,10283,535.7,shape,false,true,America/New_York,3,20646,1840006177
Halfway,Halfway,Maryland,24043,Washington,39.6162,-77.7703,10221,867.4,shape,false,false,America/New_York,3,21740 21795,1840005606
Marlton,Marlton,Maryland,24033,Prince George's,38.762,-76.7857,10168,661.8,shape,false,false,America/New_York,3,20772,1840005962
Brandywine,Brandywine,Maryland,24033,Prince George's,38.6963,-76.8846,10088,185.1,shape,false,false,America/New_York,3,20613,1840005946
Chesapeake Ranch Estates,Chesapeake Ranch Estates,Maryland,24009,Calvert,38.3574,-76.4147,10015,895.3,shape,false,false,America/New_York,3,20657,1840026723
Fort Meade,Fort Meade,Maryland,24003,Anne Arundel,39.1061,-76.7437,10011,478.2,shape,true,true,America/New_York,3,20755,1840073581
Walker Mill,Walker Mill,Maryland,24033,Prince George's,38.8758,-76.8854,9973,1282.5,shape,false,false,America/New_York,3,20747 20743,1840031499
Fallston,Fallston,Maryland,24025,Harford,39.5332,-76.4452,9952,274.5,shape,false,false,America/New_York,3,21047,1840005662
Chevy Chase,Chevy Chase,Maryland,24031,Montgomery,38.9944,-77.0738,9789,1567.1,shape,false,false,America/New_York,3,20814 20815 20825,1840031323
Garrison,Garrison,Maryland,24005,Baltimore,39.4023,-76.7514,9764,1193.6,shape,false,false,America/New_York,3,21117 21208,1840005691
Mount Airy,Mount Airy,Maryland,24013,Carroll,39.3742,-77.1534,9667,905.3,shape,false,true,America/New_York,3,21771,1840005703
Jessup,Jessup,Maryland,24003,Anne Arundel,39.1488,-76.7772,9602,613.0,shape,false,false,America/New_York,3,20701 20794,1840005919
Bladensburg,Bladensburg,Maryland,24033,Prince George's,38.9424,-76.9264,9574,3733.6,shape,false,true,America/New_York,2,20710,1840005981
Coral Hills,Coral Hills,Maryland,24033,Prince George's,38.8706,-76.9215,9415,2226.3,shape,false,false,America/New_York,2,20743,1840005950
Lansdowne,Lansdowne,Maryland,24005,Baltimore,39.2365,-76.6659,9254,1569.6,shape,false,false,America/New_York,3,21227,1840026625
Cape St. Claire,Cape St. Claire,Maryland,24003,Anne Arundel,39.0433,-76.4471,9212,1778.1,shape,false,false,America/New_York,3,21409,1840005908
Marlboro Village,Marlboro Village,Maryland,24033,Prince George's,38.8307,-76.7699,9124,1021.2,shape,false,true,America/New_York,3,20772,1840039492
Leisure World,Leisure World,Maryland,24031,Montgomery,39.1023,-77.0689,8975,3071.8,shape,false,true,America/New_York,2,20906,1840073671
Edgewater,Edgewater,Maryland,24003,Anne Arundel,38.9373,-76.5572,8928,1152.1,shape,false,false,America/New_York,3,21037,1840024528
Edgemere,Edgemere,Maryland,24005,Baltimore,39.2273,-76.459,8879,315.5,shape,false,false,America/New_York,3,21219 21052,1840005674
Bryans Road,Bryans Road,Maryland,24017,Charles,38.6145,-77.0851,8592,215.7,shape,false,false,America/New_York,3,20646 20640 20616,1840006172
Stevensville,Stevensville,Maryland,24035,Queen Anne's,38.9745,-76.3184,8485,509.5,shape,false,false,America/New_York,3,21666,1840005897
North Kensington,North Kensington,Maryland,24031,Montgomery,39.0393,-77.0723,8473,2187.5,shape,false,false,America/New_York,2,20895 20902,1840031382
South Kensington,South Kensington,Maryland,24031,Montgomery,39.0188,-77.0785,8371,1543.9,shape,false,false,America/New_York,3,20895 20814,1840031497
Temple Hills,Temple Hills,Maryland,24033,Prince George's,38.8106,-76.9495,8310,2279.2,shape,false,false,America/New_York,2,20744 20748 20757 20791,1840005967
Mount Rainier,Mount Rainier,Maryland,24033,Prince George's,38.9423,-76.9645,8262,5007.2,shape,false,true,America/New_York,2,20712,1840005977
Mayo,Mayo,Maryland,24003,Anne Arundel,38.9042,-76.5179,8255,567.2,shape,false,false,America/New_York,3,21037 21106,1840005923
Baltimore Highlands,Baltimore Highlands,Maryland,24005,Baltimore,39.2355,-76.6367,8116,1807.4,shape,false,false,America/New_York,3,21227,1840024447
Robinwood,Robinwood,Maryland,24043,Washington,39.6265,-77.663,8002,812.0,shape,false,false,America/New_York,3,21742,1840031480
Brunswick,Brunswick,Maryland,24021,Frederick,39.318,-77.6253,7781,917.4,shape,false,true,America/New_York,3,21758 21716,1840005709
Four Corners,Four Corners,Maryland,24031,Montgomery,39.0235,-77.0102,7766,2048.8,shape,false,false,America/New_York,2,20901 20918,1840024489
Fairwood,Fairwood,Maryland,24033,Prince George's,38.9565,-76.778,7653,866.0,shape,false,true,America/New_York,3,20720,1840039458
Savage,Savage,Maryland,24027,Howard,39.1485,-76.8228,7528,1062.3,shape,false,false,America/New_York,3,20763 20794,1840026664
Wildewood,Wildewood,Maryland,24037,St. Mary's,38.3035,-76.547,7436,1015.9,shape,false,false,America/New_York,3,20619,1840143400
Riverdale Park,Riverdale Park,Maryland,24033,Prince George's,38.9643,-76.9266,7284,1771.4,shape,false,true,America/New_York,3,20737 20740 20738,1840005989
Taneytown,Taneytown,Maryland,24013,Carroll,39.6569,-77.1683,7234,884.9,shape,false,true,America/New_York,3,21787,1840005700
Frostburg,Frostburg,Maryland,24001,Allegany,39.6506,-78.9269,7118,821.9,shape,false,true,America/New_York,3,21532,1840005622
Ocean City,Ocean City,Maryland,24047,Worcester,38.3998,-75.0715,6879,586.2,shape,false,true,America/New_York,3,21842 21843,1840006259
Forest Glen,Forest Glen,Maryland,24031,Montgomery,39.019,-77.0447,6859,2640.7,shape,false,false,America/New_York,2,20910 20902,1840005824
Bowleys Quarters,Bowleys Quarters,Maryland,24005,Baltimore,39.3198,-76.3856,6746,828.1,shape,false,false,America/New_York,3,21220,1840005677
Darnestown,Darnestown,Maryland,24031,Montgomery,39.0969,-77.3033,6672,157.2,shape,false,false,America/New_York,3,20878 20874,1840005833
Lutherville,Lutherville,Maryland,24005,Baltimore,39.424,-76.6177,6595,1204.7,shape,false,false,America/New_York,3,21093 21094,1840026623
Chesapeake Beach,Chesapeake Beach,Maryland,24009,Calvert,38.6881,-76.5448,6358,911.7,shape,false,true,America/New_York,3,20732,1840006151
Glenarden,Glenarden,Maryland,24033,Prince George's,38.9294,-76.8577,6335,2047.8,shape,false,true,America/New_York,2,20706 20774,1840005973
Thurmont,Thurmont,Maryland,24021,Frederick,39.621,-77.4076,6313,784.6,shape,false,true,America/New_York,3,21788,1840005716
Hampstead,Hampstead,Maryland,24013,Carroll,39.6105,-76.8549,6278,733.9,shape,false,true,America/New_York,3,21074,1840005699
Marlow Heights,Marlow Heights,Maryland,24033,Prince George's,38.8237,-76.9484,6254,1188.1,shape,false,false,America/New_York,3,20748,1840005961
Walkersville,Walkersville,Maryland,24021,Frederick,39.4832,-77.3559,6239,505.7,shape,false,true,America/New_York,3,21793,1840005717
Fountainhead-Orchard Hills,Fountainhead-Orchard Hills,Maryland,24043,Washington,39.6878,-77.7173,6198,541.8,shape,false,true,America/New_York,3,21742,1840073674
Cheverly,Cheverly,Maryland,24033,Prince George's,38.9254,-76.9141,6132,1798.9,shape,false,true,America/New_York,3,20785,1840005984
Riverside,Riverside,Maryland,24025,Harford,39.4784,-76.2398,5924,875.2,shape,false,false,America/New_York,3,21001 21017,1840031473
District Heights,District Heights,Maryland,24033,Prince George's,38.8588,-76.8885,5905,2632.7,shape,false,true,America/New_York,2,20747 20753,1840005972
Spring Ridge,Spring Ridge,Maryland,24021,Frederick,39.4043,-77.3405,5691,816.3,shape,false,false,America/New_York,3,21701,1840031475
Poolesville,Poolesville,Maryland,24031,Montgomery,39.1423,-77.4102,5686,558.5,shape,false,true,America/New_York,3,20837,1840005858
Peppermill Village,Peppermill Village,Maryland,24033,Prince George's,38.8939,-76.8878,5633,2933.1,shape,false,false,America/New_York,2,20743,1840031500
Fruitland,Fruitland,Maryland,24045,Wicomico,38.3214,-75.6246,5603,561.2,shape,false,true,America/New_York,3,21826,1840006218
Ashton-Sandy Spring,Ashton-Sandy Spring,Maryland,24031,Montgomery,39.1515,-77.0065,5578,210.0,shape,false,true,America/New_York,3,20861 20860 20862 20905,1840073588
Chestertown,Chestertown,Maryland,24029,Kent,39.2182,-76.0714,5522,730.7,shape,false,true,America/New_York,3,21620 21690,1840005798
Silver Hill,Silver Hill,Maryland,24033,Prince George's,38.8392,-76.9367,5455,1573.8,shape,false,false,America/New_York,3,20746,1840024548
Fulton,Fulton,Maryland,24027,Howard,39.1516,-76.9163,5435,554.3,shape,false,false,America/New_York,3,20723 20759,1840024480
Manchester,Manchester,Maryland,24013,Carroll,39.6585,-76.8881,5403,873.7,shape,false,true,America/New_York,3,21102,1840005702
West Ocean City,West Ocean City,Maryland,24047,Worcester,38.3466,-75.1122,5246,483.5,shape,false,false,America/New_York,3,21842,1840006255
Layhill,Layhill,Maryland,24031,Montgomery,39.0871,-77.0404,5157,1253.3,shape,false,false,America/New_York,3,20906,1840024491
Abingdon,Abingdon,Maryland,24025,Harford,39.4629,-76.2754,5111,714.4,shape,false,false,America/New_York,3,21009,1840031252
Hampton,Hampton,Maryland,24005,Baltimore,39.4237,-76.5685,5080,329.6,shape,false,false,America/New_York,3,21286,1840005692
Berlin,Berlin,Maryland,24047,Worcester,38.331,-75.2148,5056,576.8,shape,false,true,America/New_York,3,21811,1840006258
Hillandale,Hillandale,Maryland,24031,Montgomery,39.0249,-76.9737,5002,1022.4,shape,false,false,America/New_York,3,20783 20903,1840005841
Middletown,Middletown,Maryland,24021,Frederick,39.4415,-77.5347,4978,907.6,shape,false,true,America/New_York,3,21769,1840005713
Shady Side,Shady Side,Maryland,24003,Anne Arundel,38.8285,-76.5207,4959,288.0,shape,false,false,America/New_York,3,20733 20764 20778,1840005927
Springdale,Springdale,Maryland,24033,Prince George's,38.9363,-76.8442,4950,1436.0,shape,false,false,America/New_York,3,20721 20706 20774,1840031487
Denton,Denton,Maryland,24011,Caroline,38.877,-75.8264,4836,354.5,shape,false,true,America/New_York,3,21629,1840005932
Riva,Riva,Maryland,24003,Anne Arundel,38.9448,-76.5876,4784,751.9,shape,false,false,America/New_York,3,21035 21037 21140,1840005915
Cresaptown,Cresaptown,Maryland,24001,Allegany,39.5944,-78.8356,4746,689.5,shape,false,false,America/New_York,3,21502,1840026620
Deale,Deale,Maryland,24003,Anne Arundel,38.791,-76.5469,4706,342.2,shape,false,false,America/New_York,3,20751 20733 20779,1840005911
Centreville,Centreville,Maryland,24035,Queen Anne's,39.042,-76.063,4700,662.9,shape,false,true,America/New_York,3,21617,1840005899
Kingsville,Kingsville,Maryland,24005,Baltimore,39.4496,-76.4205,4652,178.9,shape,false,false,America/New_York,3,21156 21087,1840005693
Leonardtown,Leonardtown,Maryland,24037,St. Mary's,38.3039,-76.6395,4586,459.9,shape,false,true,America/New_York,3,20650 20627,1840006232
Seat Pleasant,Seat Pleasant,Maryland,24033,Prince George's,38.8952,-76.9016,4544,2160.8,shape,false,true,America/New_York,2,20743,1840005979
Chester,Chester,Maryland,24035,Queen Anne's,38.9677,-76.2824,4456,328.5,shape,false,false,America/New_York,3,21619,1840005894
Burnt Mills,Burnt Mills,Maryland,24031,Montgomery,39.034,-76.9983,4425,2047.1,shape,false,false,America/New_York,2,20903 20901 20993,1840067004
Perryville,Perryville,Maryland,24015,Cecil,39.5737,-76.0668,4398,532.0,shape,false,true,America/New_York,3,21903 21902 21904,1840005640
Woodmore,Woodmore,Maryland,24033,Prince George's,38.9222,-76.781,4375,258.0,shape,false,false,America/New_York,3,20721,1840005969
La Vale,La Vale,Maryland,24001,Allegany,39.6625,-78.8229,4351,184.3,shape,false,false,America/New_York,3,21502,1840005620
West Laurel,West Laurel,Maryland,24033,Prince George's,39.1134,-76.8924,4332,739.7,shape,false,false,America/New_York,3,20707,1840005968
Pocomoke City,Pocomoke City,Maryland,24047,Worcester,38.0635,-75.5553,4318,440.2,shape,false,true,America/New_York,3,21851,1840006257
Friendship Heights Village,Friendship Heights Village,Maryland,24031,Montgomery,38.9633,-77.0898,4315,7695.0,shape,false,true,America/New_York,2,20815,1840073677
Sykesville,Sykesville,Maryland,24013,Carroll,39.3716,-76.9716,4305,1039.9,shape,false,true,America/New_York,3,21784,1840005705
National Harbor,National Harbor,Maryland,24033,Prince George's,38.7876,-77.0113,4268,1293.4,shape,false,true,America/New_York,3,20745,1840039517
St. James,St. James,Maryland,24043,Washington,39.5738,-77.7482,4106,262.3,shape,false,false,America/New_York,3,21781 21733 21740,1840005611
North East,North East,Maryland,24015,Cecil,39.6076,-75.9414,4061,768.2,shape,false,true,America/New_York,3,21901 21921,1840005639
Capitol Heights,Capitol Heights,Maryland,24033,Prince George's,38.8765,-76.9075,4033,1998.4,shape,false,true,America/New_York,3,20743 20731,1840005983
Golden Beach,Golden Beach,Maryland,24037,St. Mary's,38.49,-76.7019,3933,400.6,shape,false,false,America/New_York,3,20659,1840006230
Indian Head,Indian Head,Maryland,24017,Charles,38.5987,-77.1555,3931,1234.1,shape,false,true,America/New_York,3,20640,1840006176
Pleasant Hills,Pleasant Hills,Maryland,24025,Harford,39.4861,-76.3908,3925,347.6,shape,false,false,America/New_York,3,21085 21087 21047 21018,1840031472
Delmar,Delmar,Maryland,24045,Wicomico,38.445,-75.5662,3897,885.4,shape,false,true,America/New_York,3,21875,1840006220
Boonsboro,Boonsboro,Maryland,24043,Washington,39.5078,-77.6585,3785,478.7,shape,false,true,America/New_York,3,21713,1840005614
Brentwood,Brentwood,Maryland,24033,Prince George's,38.9439,-76.9571,3782,2793.1,shape,false,true,America/New_York,2,20722,1840005982
Marlboro Meadows,Marlboro Meadows,Maryland,24033,Prince George's,38.8374,-76.7144,3757,238.2,shape,false,false,America/New_York,3,20774 20772,1840031483
Brookmont,Brookmont,Maryland,24031,Montgomery,38.9546,-77.1292,3732,1098.9,shape,false,false,America/New_York,3,20812 20816,1840031313
Brown Station,Brown Station,Maryland,24033,Prince George's,38.8539,-76.7978,3648,228.4,shape,false,false,America/New_York,3,20774 20772,1840153054
Princess Anne,Princess Anne,Maryland,24039,Somerset,38.2054,-75.697,3440,795.4,shape,false,true,America/New_York,3,21853,1840006279
Melwood,Melwood,Maryland,24033,Prince George's,38.8024,-76.8419,3438,469.2,shape,false,true,America/New_York,3,20772,1840039512
Grasonville,Grasonville,Maryland,24035,Queen Anne's,38.9559,-76.1947,3332,232.7,shape,false,false,America/New_York,3,21638,1840005895
Berwyn Heights,Berwyn Heights,Maryland,24033,Prince George's,38.9928,-76.9132,3312,1840.3,shape,false,true,America/New_York,3,20740,1840005980
Gambrills,Gambrills,Maryland,24003,Anne Arundel,39.0927,-76.6511,3111,158.1,shape,false,false,America/New_York,3,21144 21108,1840024529
Konterra,Konterra,Maryland,24033,Prince George's,39.0774,-76.9023,3104,197.6,shape,false,true,America/New_York,4,20705 20707,1840039491
Andrews AFB,Andrews AFB,Maryland,24033,Prince George's,38.8054,-76.8744,3099,172.6,shape,true,true,America/New_York,4,20735 20762,1840073587
Smithsburg,Smithsburg,Maryland,24043,Washington,39.6559,-77.575,3028,1007.0,shape,false,true,America/New_York,3,21783,1840005618
Monrovia,Monrovia,Maryland,24021,Frederick,39.357,-77.2747,2980,512.4,shape,false,false,America/New_York,3,21770,1840024453
Drum Point,Drum Point,Maryland,24009,Calvert,38.3324,-76.4307,2979,690.8,shape,false,false,America/New_York,3,20657,1840026724
Braddock Heights,Braddock Heights,Maryland,24021,Frederick,39.4117,-77.4991,2857,206.7,shape,false,false,America/New_York,3,21703 21702 21714,1840005707
Croom,Croom,Maryland,24033,Prince George's,38.7458,-76.7555,2842,32.1,shape,false,false,America/New_York,3,20613 20772 20775,1840024543
Huntingtown,Huntingtown,Maryland,24009,Calvert,38.6117,-76.6187,2827,135.2,shape,false,false,America/New_York,3,20639,1840006147
Federalsburg,Federalsburg,Maryland,24011,Caroline,38.6929,-75.7727,2818,563.7,shape,false,true,America/New_York,3,21632,1840005933
Emmitsburg,Emmitsburg,Maryland,24021,Frederick,39.7051,-77.3217,2818,672.9,shape,false,true,America/New_York,3,21727,1840005708
Paramount-Long Meadow,Paramount-Long Meadow,Maryland,24043,Washington,39.6798,-77.6921,2795,494.6,shape,false,true,America/New_York,3,21742,1840073650
Greensboro,Greensboro,Maryland,24011,Caroline,38.9764,-75.808,2780,999.2,shape,false,true,America/New_York,3,21639,1840005935
Maugansville,Maugansville,Maryland,24043,Washington,39.6937,-77.7472,2770,436.9,shape,false,false,America/New_York,3,21767 21740,1840005608
Rising Sun,Rising Sun,Maryland,24015,Cecil,39.7003,-76.0587,2756,648.9,shape,false,true,America/New_York,3,21911,1840005642
Jefferson,Jefferson,Maryland,24021,Frederick,39.3653,-77.5406,2742,380.0,shape,false,false,America/New_York,3,21755,1840024451
Aberdeen Proving Ground,Aberdeen Proving Ground,Maryland,24025,Harford,39.4672,-76.1308,2703,93.7,shape,true,true,America/New_York,4,21005,1840073583
Herald Harbor,Herald Harbor,Maryland,24003,Anne Arundel,39.0516,-76.5746,2690,618.7,shape,false,false,America/New_York,3,21032,1840005918
Jarrettsville,Jarrettsville,Maryland,24025,Harford,39.6031,-76.4752,2677,119.7,shape,false,false,America/New_York,3,21084,1840005664
North Beach,North Beach,Maryland,24009,Calvert,38.708,-76.5346,2646,2091.7,shape,false,true,America/New_York,2,20714,1840006152
Forest Heights,Forest Heights,Maryland,24033,Prince George's,38.8052,-77.0055,2641,627.4,shape,false,true,America/New_York,3,20745 20750,1840005966
University Park,University Park,Maryland,24033,Prince George's,38.9719,-76.9445,2610,2028.5,shape,false,true,America/New_York,2,20782,1840003827
Myersville,Myersville,Maryland,24021,Frederick,39.5062,-77.569,2493,850.5,shape,false,true,America/New_York,3,21773,1840005714
Prince Frederick,Prince Frederick,Maryland,24009,Calvert,38.544,-76.5879,2491,262.6,shape,false,false,America/New_York,3,20678,1840014982
Crisfield,Crisfield,Maryland,24039,Somerset,37.984,-75.8512,2445,543.9,shape,false,true,America/New_York,3,21817,1840006278
Perryman,Perryman,Maryland,24025,Harford,39.4632,-76.212,2403,169.2,shape,false,false,America/New_York,3,21001 21130,1840005663
Adamstown,Adamstown,Maryland,24021,Frederick,39.307,-77.4692,2394,868.7,shape,false,false,America/New_York,3,21710,1840024448
Owings,Owings,Maryland,24009,Calvert,38.7117,-76.6055,2376,232.9,shape,false,false,America/New_York,3,20736,1840006145
Bartonsville,Bartonsville,Maryland,24021,Frederick,39.3901,-77.3513,2373,429.0,shape,false,false,America/New_York,3,21704 21754,1840024449
Point of Rocks,Point of Rocks,Maryland,24021,Frederick,39.2782,-77.5291,2360,813.6,shape,false,false,America/New_York,3,21777,1840024454
Snow Hill,Snow Hill,Maryland,24047,Worcester,38.1729,-75.3903,2359,615.4,shape,false,true,America/New_York,3,21863,1840006260
Lusby,Lusby,Maryland,24009,Calvert,38.362,-76.4372,2350,258.3,shape,false,false,America/New_York,3,20657,1840006148
Hughesville,Hughesville,Maryland,24017,Charles,38.5376,-76.7748,2299,79.6,shape,false,false,America/New_York,3,20637,1840006174
Hurlock,Hurlock,Maryland,24019,Dorchester,38.6268,-75.864,2284,330.5,shape,false,true,America/New_York,3,21643,1840006164
Dunkirk,Dunkirk,Maryland,24009,Calvert,38.7156,-76.673,2277,133.5,shape,false,false,America/New_York,3,20754,1840006144
Solomons,Solomons,Maryland,24009,Calvert,38.337,-76.4604,2242,434.9,shape,false,false,America/New_York,3,20688 20629,1840006149
Kensington,Kensington,Maryland,24031,Montgomery,39.0269,-77.0736,2241,1721.8,shape,false,true,America/New_York,3,20895 20891,1840005856
Pittsville,Pittsville,Maryland,24045,Wicomico,38.3937,-75.4073,2205,545.6,shape,false,true,America/New_York,3,21850,1840006222
Cabin John,Cabin John,Maryland,24031,Montgomery,38.9742,-77.1632,2196,695.0,shape,false,false,America/New_York,3,20818 20817,1840005828
Landover Hills,Landover Hills,Maryland,24033,Prince George's,38.9425,-76.8945,2118,2945.0,shape,false,true,America/New_York,2,20784,1840005987
Mountain Lake Park,Mountain Lake Park,Maryland,24023,Garrett,39.4004,-79.3812,2117,426.9,shape,false,true,America/New_York,3,21550,1840005633
Charlestown,Charlestown,Maryland,24015,Cecil,39.5783,-75.9812,2050,677.2,shape,false,true,America/New_York,3,21901 21914,1840005637
Queensland,Queensland,Maryland,24033,Prince George's,38.8019,-76.7855,2034,165.9,shape,false,false,America/New_York,3,20772,1840138164
Naval Academy,Naval Academy,Maryland,24003,Anne Arundel,38.9858,-76.488,2016,1456.2,shape,true,true,America/New_York,3,21402,1840073633
Cedar Heights,Cedar Heights,Maryland,24033,Prince George's,38.9037,-76.9059,1997,2612.6,shape,false,false,America/New_York,2,20743,1840148532
Oakland,Oakland,Maryland,24023,Garrett,39.4165,-79.4022,1995,284.0,shape,false,true,America/New_York,3,21550,1840005634
Westernport,Westernport,Maryland,24001,Allegany,39.488,-79.0429,1993,875.8,shape,false,true,America/New_York,3,21562,1840005627
Williamsport,Williamsport,Maryland,24043,Washington,39.5973,-77.818,1915,751.9,shape,false,true,America/New_York,3,21795,1840005619
Baden,Baden,Maryland,24033,Prince George's,38.672,-76.7428,1902,26.6,shape,false,false,America/New_York,3,20613 20772,1840024540
Chevy Chase Village,Chevy Chase Village,Maryland,24031,Montgomery,38.9698,-77.0793,1885,1734.6,shape,false,true,America/New_York,3,20815,1840005854
Kingstown,Kingstown,Maryland,24035,Queen Anne's,39.2036,-76.0465,1874,319.4,shape,false,false,America/New_York,3,21620,1840005896
Derwood,Derwood,Maryland,24031,Montgomery,39.1136,-77.151,1850,1140.0,shape,false,false,America/New_York,3,20855,1840024488
Mechanicsville,Mechanicsville,Maryland,24037,St. Mary's,38.4355,-76.7424,1783,132.6,shape,false,false,America/New_York,3,20659,1840026743
Long Beach,Long Beach,Maryland,24009,Calvert,38.4568,-76.4737,1761,407.1,shape,false,false,America/New_York,3,20685,1840026725
Romancoke,Romancoke,Maryland,24035,Queen Anne's,38.8872,-76.3476,1761,536.6,shape,false,false,America/New_York,3,21666,1840031462
Edmonston,Edmonston,Maryland,24033,Prince George's,38.9502,-76.9332,1751,1680.3,shape,false,true,America/New_York,3,20781,1840005964
Ridgely,Ridgely,Maryland,24011,Caroline,38.9528,-75.8828,1727,357.7,shape,false,true,America/New_York,3,21660,1840005940
Wilson-Conococheague,Wilson-Conococheague,Maryland,24043,Washington,39.653,-77.8306,1694,138.6,shape,false,true,America/New_York,4,21722 21740,1840073739
Hancock,Hancock,Maryland,24043,Washington,39.7054,-78.1749,1583,205.2,shape,false,true,America/New_York,3,21750,1840005610
New Market,New Market,Maryland,24021,Frederick,39.3889,-77.2789,1534,364.9,shape,false,true,America/New_York,3,21774 21770,1840005715
St. Michaels,St. Michaels,Maryland,24041,Talbot,38.7883,-76.2244,1523,504.4,shape,false,true,America/New_York,3,21663,1840006091
Colmar Manor,Colmar Manor,Maryland,24033,Prince George's,38.9301,-76.9437,1516,1364.4,shape,false,true,America/New_York,3,20722 20781,1840005985
Queen Anne,Queen Anne,Maryland,24033,Prince George's,38.9021,-76.6973,1516,67.2,shape,false,false,America/New_York,3,20716 20774,1840149380
Fairmount Heights,Fairmount Heights,Maryland,24033,Prince George's,38.9016,-76.9153,1490,1796.1,shape,false,true,America/New_York,3,20743,1840005965
Rock Hall,Rock Hall,Maryland,24029,Kent,39.139,-76.243,1456,420.2,shape,false,true,America/New_York,3,21661,1840005800
Charlotte Hall,Charlotte Hall,Maryland,24037,St. Mary's,38.4667,-76.7848,1410,107.5,shape,false,false,America/New_York,3,20622 20659,1840006229
Arden on the Severn,Arden on the Severn,Maryland,24003,Anne Arundel,39.0677,-76.5964,1363,368.4,shape,false,false,America/New_York,3,21032,1840031474
Crownsville,Crownsville,Maryland,24003,Anne Arundel,39.0224,-76.5904,1363,103.4,shape,false,false,America/New_York,3,21401 21032,1840005910
New Windsor,New Windsor,Maryland,24013,Carroll,39.5443,-77.1012,1304,681.9,shape,false,true,America/New_York,3,21776,1840005704
Cobb Island,Cobb Island,Maryland,24017,Charles,38.2647,-76.8496,1298,800.8,shape,false,false,America/New_York,3,20625 20661 20664,1840024647
Spencerville,Spencerville,Maryland,24031,Montgomery,39.119,-76.9828,1277,315.7,shape,false,false,America/New_York,3,20868 20905,1840024492
Libertytown,Libertytown,Maryland,24021,Frederick,39.4859,-77.2482,1275,204.4,shape,false,false,America/New_York,3,21701 21762 21791,1840024452
Woodsboro,Woodsboro,Maryland,24021,Frederick,39.5328,-77.3097,1240,676.7,shape,false,true,America/New_York,3,21798,1840005718
Buckeystown,Buckeystown,Maryland,24021,Frederick,39.3264,-77.4279,1235,522.2,shape,false,false,America/New_York,3,21710 21717,1840024450
Galesville,Galesville,Maryland,24003,Anne Arundel,38.8379,-76.5514,1226,359.3,shape,false,false,America/New_York,3,20765 20778,1840026672
Callaway,Callaway,Maryland,24037,St. Mary's,38.2324,-76.5231,1216,98.6,shape,false,false,America/New_York,3,20620 20650,1840068267
Keedysville,Keedysville,Maryland,24043,Washington,39.4867,-77.698,1172,499.1,shape,false,true,America/New_York,3,21756,1840005616
Potomac Heights,Potomac Heights,Maryland,24017,Charles,38.5988,-77.1371,1166,419.5,shape,false,false,America/New_York,3,20640,1840006173
Willards,Willards,Maryland,24045,Wicomico,38.3922,-75.3494,1161,394.2,shape,false,true,America/New_York,3,21874,1840006224
Ten Mile Creek,Ten Mile Creek,Maryland,24031,Montgomery,39.2267,-77.3101,1156,77.1,shape,false,false,America/New_York,4,20841 20871,1840153055
Hebron,Hebron,Maryland,24045,Wicomico,38.4242,-75.6871,1127,331.5,shape,false,true,America/New_York,3,21830,1840006217
Chevy Chase View,Chevy Chase View,Maryland,24031,Montgomery,39.0192,-77.081,1123,1463.2,shape,false,true,America/New_York,3,20895,1840005853
Cottage City,Cottage City,Maryland,24033,Prince George's,38.9384,-76.9492,1115,2444.2,shape,false,true,America/New_York,2,20722 20781,1840005986
Bowling Green,Bowling Green,Maryland,24001,Allegany,39.6272,-78.805,1102,441.5,shape,false,false,America/New_York,3,21502,1840024416
Church Hill,Church Hill,Maryland,24035,Queen Anne's,39.1452,-75.9808,1084,582.7,shape,false,true,America/New_York,3,21623,1840005900
Lonaconing,Lonaconing,Maryland,24001,Allegany,39.566,-78.979,1071,989.0,shape,false,true,America/New_York,3,21539,1840005624
Algonquin,Algonquin,Maryland,24019,Dorchester,38.5843,-76.0965,1055,542.3,shape,false,false,America/New_York,3,21613,1840031443
Morningside,Morningside,Maryland,24033,Prince George's,38.8266,-76.8897,1035,704.4,shape,false,true,America/New_York,3,20746,1840005988
Piney Point,Piney Point,Maryland,24037,St. Mary's,38.1483,-76.5201,1033,265.9,shape,false,false,America/New_York,3,20674 20690,1840026744
Highfield-Cascade,Highfield-Cascade,Maryland,24043,Washington,39.7136,-77.4946,1031,229.8,shape,false,true,America/New_York,3,21719,1840073261
Somerset,Somerset,Maryland,24031,Montgomery,38.9666,-77.0963,1028,5193.2,shape,false,true,America/New_York,2,20815,1840005859
Calvert Beach,Calvert Beach,Maryland,24009,Calvert,38.4728,-76.4895,1026,481.0,shape,false,false,America/New_York,3,20685,1840026722
Chevy Chase Section Three,Chevy Chase Section Three,Maryland,24031,Montgomery,38.9793,-77.0742,1026,2801.9,shape,false,true,America/New_York,2,20815,1840031469
Trappe,Trappe,Maryland,24041,Talbot,38.6634,-76.0518,1019,147.5,shape,false,true,America/New_York,3,21673,1840006092
Eden,Eden,Maryland,24039,Somerset,38.2792,-75.6533,1008,69.7,shape,false,false,America/New_York,3,21822,1840006276
Martin's Additions,Martin's Additions,Maryland,24031,Montgomery,38.9796,-77.0693,993,2801.9,shape,false,true,America/New_York,2,20815,1840031470
Potomac Park,Potomac Park,Maryland,24001,Allegany,39.6124,-78.8082,976,740.6,shape,false,false,America/New_York,3,21502,1840024433
Cavetown,Cavetown,Maryland,24043,Washington,39.6426,-77.5933,974,197.5,shape,false,false,America/New_York,3,21783 21720,1840005598
Grantsville,Grantsville,Maryland,24023,Garrett,39.6969,-79.1528,956,356.0,shape,false,true,America/New_York,3,21536,1840005629
Union Bridge,Union Bridge,Maryland,24013,Carroll,39.5731,-77.1744,939,352.2,shape,false,true,America/New_York,3,21791,1840005706
Highland,Highland,Maryland,24027,Howard,39.1814,-76.957,927,148.7,shape,false,false,America/New_York,3,20759 20777,1840024481
Downsville,Downsville,Maryland,24043,Washington,39.5549,-77.8016,918,567.4,shape,false,false,America/New_York,3,21795,1840024396
Cecilton,Cecilton,Maryland,24015,Cecil,39.4047,-75.8675,878,701.4,shape,false,true,America/New_York,3,21913,1840005636
Funkstown,Funkstown,Maryland,24043,Washington,39.6068,-77.7053,861,603.4,shape,false,true,America/New_York,3,21734 21740,1840005609
Cedarville,Cedarville,Maryland,24033,Prince George's,38.6623,-76.819,827,24.0,shape,false,false,America/New_York,3,20613,1840024542
Tilghman Island,Tilghman Island,Maryland,24041,Talbot,38.7008,-76.3353,826,133.1,shape,false,false,America/New_York,3,21665 21671,1840031488
Mount Vernon,Mount Vernon,Maryland,24039,Somerset,38.2447,-75.7828,824,24.4,shape,false,false,America/New_York,3,21853,1840006277
Oxford,Oxford,Maryland,24041,Talbot,38.685,-76.1702,817,562.0,shape,false,true,America/New_York,3,21654,1840006090
Preston,Preston,Maryland,24011,Caroline,38.7112,-75.9087,816,574.4,shape,false,true,America/New_York,3,21655,1840005939
Garrett Park,Garrett Park,Maryland,24031,Montgomery,39.036,-77.0934,816,1925.9,shape,false,true,America/New_York,3,20896,1840005843
Queenstown,Queenstown,Maryland,24035,Queen Anne's,38.9868,-76.1633,815,156.6,shape,false,true,America/New_York,3,21658,1840005902
Chesapeake City,Chesapeake City,Maryland,24015,Cecil,39.528,-75.8095,801,583.2,shape,false,true,America/New_York,3,21915,1840005638
Chevy Chase Section Five,Chevy Chase Section Five,Maryland,24031,Montgomery,38.984,-77.074,796,1918.2,shape,false,true,America/New_York,3,20815,1840031471
Pylesville,Pylesville,Maryland,24025,Harford,39.688,-76.3876,780,63.5,shape,false,false,America/New_York,3,21132,1840026622
North Brentwood,North Brentwood,Maryland,24033,Prince George's,38.945,-76.951,766,2793.1,shape,false,true,America/New_York,2,20722,1840031456
Pomfret,Pomfret,Maryland,24017,Charles,38.5699,-77.0304,762,107.4,shape,false,false,America/New_York,3,20675,1840026736
Upper Marlboro,Upper Marlboro,Maryland,24033,Prince George's,38.8153,-76.7514,759,205.7,shape,false,true,America/New_York,3,20772 20773 20792,1840003828
Sharptown,Sharptown,Maryland,24045,Wicomico,38.5381,-75.719,754,688.9,shape,false,true,America/New_York,3,21861,1840006223
Finzel,Finzel,Maryland,24023,Garrett,39.7018,-78.952,740,72.5,shape,false,false,America/New_York,3,21532,1840024442
Laytonsville,Laytonsville,Maryland,24031,Montgomery,39.2088,-77.1415,736,271.5,shape,false,true,America/New_York,3,20882,1840005857
Sharpsburg,Sharpsburg,Maryland,24043,Washington,39.4577,-77.7496,722,535.8,shape,false,true,America/New_York,3,21782,1840005617
Corriganville,Corriganville,Maryland,24001,Allegany,39.6947,-78.797,717,264.1,shape,false,false,America/New_York,3,21524,1840024419
Aquasco,Aquasco,Maryland,24033,Prince George's,38.5913,-76.7074,701,13.7,shape,false,false,America/New_York,3,20608 20613,1840024539
Midland,Midland,Maryland,24001,Allegany,39.5896,-78.9486,699,425.7,shape,false,true,America/New_York,3,21532 21542,1840005626
Galena,Galena,Maryland,24029,Kent,39.3425,-75.8787,697,727.9,shape,false,true,America/New_York,3,21635,1840005796
Bowmans Addition,Bowmans Addition,Maryland,24001,Allegany,39.6863,-78.7551,690,237.9,shape,false,false,America/New_York,3,21502,1840031477
North Chevy Chase,North Chevy Chase,Maryland,24031,Montgomery,39.002,-77.074,681,1598.4,shape,false,true,America/New_York,3,20815,1840005855
Maryland Park,Maryland Park,Maryland,24033,Prince George's,38.8889,-76.9077,660,1579.0,shape,false,false,America/New_York,3,20743,1840068490
Secretary,Secretary,Maryland,24019,Dorchester,38.6081,-75.947,642,480.2,shape,false,true,America/New_York,3,21664,1840006168
Millington,Millington,Maryland,24029,Kent,39.2629,-75.836,623,335.7,shape,false,true,America/New_York,3,21651,1840005799
Bryantown,Bryantown,Maryland,24017,Charles,38.5498,-76.8429,620,57.8,shape,false,false,America/New_York,3,20617,1840026735
Barton,Barton,Maryland,24001,Allegany,39.5323,-79.0171,606,346.5,shape,false,true,America/New_York,3,21521,1840005623
St. Leonard,St. Leonard,Maryland,24009,Calvert,38.4658,-76.4972,605,102.2,shape,false,false,America/New_York,3,20685,1840006150
Washington Grove,Washington Grove,Maryland,24031,Montgomery,39.1407,-77.1746,604,985.1,shape,false,true,America/New_York,3,20880,1840005860
Danville,Danville,Maryland,24001,Allegany,39.5125,-78.9184,597,201.8,shape,false,false,America/New_York,3,21557,1840024420
Port Deposit,Port Deposit,Maryland,24015,Cecil,39.6111,-76.098,587,100.2,shape,false,true,America/New_York,3,21904,1840005641
Mount Savage,Mount Savage,Maryland,24001,Allegany,39.6966,-78.8768,582,234.5,shape,false,false,America/New_York,3,21545,1840024430
Kent Narrows,Kent Narrows,Maryland,24035,Queen Anne's,38.9703,-76.2384,578,237.1,shape,false,false,America/New_York,3,21619 21638,1840031484
Ellerslie,Ellerslie,Maryland,24001,Allegany,39.7169,-78.7747,575,240.5,shape,false,false,America/New_York,3,21529,1840024422
Bishopville,Bishopville,Maryland,24047,Worcester,38.4413,-75.2092,548,73.9,shape,false,false,America/New_York,3,21813,1840026753
Fairplay,Fairplay,Maryland,24043,Washington,39.5357,-77.7463,543,174.1,shape,false,false,America/New_York,3,21733 21713,1840024399
West Pocomoke,West Pocomoke,Maryland,24039,Somerset,38.0956,-75.5842,534,21.9,shape,false,false,America/New_York,3,21851,1840031489
Mardela Springs,Mardela Springs,Maryland,24045,Wicomico,38.4589,-75.7565,529,502.5,shape,false,true,America/New_York,3,21837,1840006221
Broomes Island,Broomes Island,Maryland,24009,Calvert,38.4203,-76.5475,524,278.2,shape,false,false,America/New_York,3,20615,1840026721
Bagtown,Bagtown,Maryland,24043,Washington,39.583,-77.6139,521,368.7,shape,false,false,America/New_York,3,21740,1840024386
Butlertown,Butlertown,Maryland,24029,Kent,39.2817,-76.0995,519,244.9,shape,false,false,America/New_York,3,21678,1840024473
Eckhart Mines,Eckhart Mines,Maryland,24001,Allegany,39.6552,-78.8941,514,130.4,shape,false,false,America/New_York,3,21532 21528,1840026619
Pinesburg,Pinesburg,Maryland,24043,Washington,39.6269,-77.856,511,269.4,shape,false,false,America/New_York,3,21795,1840024407
Cordova,Cordova,Maryland,24041,Talbot,38.868,-75.9989,509,40.3,shape,false,false,America/New_York,3,21625,1840006088
Chesapeake Landing,Chesapeake Landing,Maryland,24029,Kent,39.2697,-76.1584,496,191.3,shape,false,false,America/New_York,3,21620,1840068339
Tall Timbers,Tall Timbers,Maryland,24037,St. Mary's,38.1653,-76.5366,480,136.9,shape,false,false,America/New_York,3,20692 20690,1840026746
Darlington,Darlington,Maryland,24025,Harford,39.6425,-76.2035,478,176.6,shape,false,false,America/New_York,3,21034,1840026621
Loch Lynn Heights,Loch Lynn Heights,Maryland,24023,Garrett,39.3919,-79.3726,476,438.0,shape,false,true,America/New_York,3,21550,1840005632
Tilghmanton,Tilghmanton,Maryland,24043,Washington,39.5286,-77.7437,463,385.3,shape,false,false,America/New_York,3,21713,1840024412
Tolchester,Tolchester,Maryland,24029,Kent,39.2219,-76.2349,456,288.5,shape,false,false,America/New_York,3,21620,1840031441
Kennedyville,Kennedyville,Maryland,24029,Kent,39.3032,-75.9949,456,344.5,shape,false,false,America/New_York,3,21645,1840024477
Mount Aetna,Mount Aetna,Maryland,24043,Washington,39.5989,-77.6127,444,121.3,shape,false,false,America/New_York,3,21742 21740,1840005600
Rawlings,Rawlings,Maryland,24001,Allegany,39.5403,-78.8858,438,189.4,shape,false,false,America/New_York,3,21557,1840024434
Beaver Creek,Beaver Creek,Maryland,24043,Washington,39.5816,-77.6514,422,141.8,shape,false,false,America/New_York,3,21740 21713,1840024388
Clear Spring,Clear Spring,Maryland,24043,Washington,39.6562,-77.9304,411,581.4,shape,false,true,America/New_York,3,21722,1840005615
Friendsville,Friendsville,Maryland,24023,Garrett,39.6624,-79.4044,411,158.8,shape,false,true,America/New_York,3,21531,1840005628
Fairmount,Fairmount,Maryland,24039,Somerset,38.1016,-75.8074,410,12.9,shape,false,false,America/New_York,3,21871 21867,1840001668
Vienna,Vienna,Maryland,24019,Dorchester,38.4811,-75.8318,406,205.0,shape,false,true,America/New_York,3,21869,1840003842
Sabillasville,Sabillasville,Maryland,24021,Frederick,39.6994,-77.4573,405,93.5,shape,false,false,America/New_York,3,21780,1840026626
Accident,Accident,Maryland,24023,Garrett,39.6257,-79.32,391,305.4,shape,false,true,America/New_York,3,21520,1840005630
East New Market,East New Market,Maryland,24019,Dorchester,38.597,-75.9232,389,375.7,shape,false,true,America/New_York,3,21631,1840006161
Sudlersville,Sudlersville,Maryland,24035,Queen Anne's,39.1833,-75.8535,379,96.3,shape,false,true,America/New_York,3,21668,1840005903
Betterton,Betterton,Maryland,24029,Kent,39.3652,-76.069,363,141.6,shape,false,true,America/New_York,3,21610,1840005797
Crumpton,Crumpton,Maryland,24035,Queen Anne's,39.2358,-75.9223,360,148.0,shape,false,false,America/New_York,3,21628,1840068428
Gilmore,Gilmore,Maryland,24001,Allegany,39.5831,-78.9513,359,135.7,shape,false,false,America/New_York,3,21532,1840024424
Smith Island,Smith Island,Maryland,24039,Somerset,37.9748,-76.0251,357,31.7,shape,false,false,America/New_York,3,21824 21866,1840031486
Leitersburg,Leitersburg,Maryland,24043,Washington,39.6928,-77.6206,355,78.2,shape,false,false,America/New_York,3,21742,1840005607
San Mar,San Mar,Maryland,24043,Washington,39.5521,-77.641,353,292.4,shape,false,false,America/New_York,3,21713,1840005604
Nanticoke,Nanticoke,Maryland,24045,Wicomico,38.2676,-75.8939,351,51.6,shape,false,false,America/New_York,3,21840,1840024667
Mount Lena,Mount Lena,Maryland,24043,Washington,39.554,-77.6219,343,105.7,shape,false,false,America/New_York,3,21713,1840005601
Deer Park,Deer Park,Maryland,24023,Garrett,39.424,-79.326,337,130.3,shape,false,true,America/New_York,3,21550,1840005631
Lewistown,Lewistown,Maryland,24021,Frederick,39.5409,-77.4191,327,197.4,shape,false,false,America/New_York,3,21788,1840066625
Friendship,Friendship,Maryland,24003,Anne Arundel,38.7358,-76.5878,326,70.1,shape,false,false,America/New_York,3,20758,1840026671
Grahamtown,Grahamtown,Maryland,24001,Allegany,39.6448,-78.9225,325,611.6,shape,false,false,America/New_York,3,21532,1840031344
Charlton,Charlton,Maryland,24043,Washington,39.6344,-77.8944,323,191.8,shape,false,false,America/New_York,3,21722,1840024394
Mercersville,Mercersville,Maryland,24043,Washington,39.4968,-77.7672,322,62.3,shape,false,false,America/New_York,3,21782,1840024405
Zihlman,Zihlman,Maryland,24001,Allegany,39.6741,-78.9131,316,81.0,shape,false,false,America/New_York,3,21532,1840024439
Garretts Mill,Garretts Mill,Maryland,24043,Washington,39.3534,-77.6892,314,212.4,shape,false,false,America/New_York,3,21758,1840024401
McCoole,McCoole,Maryland,24001,Allegany,39.4534,-78.9732,314,86.3,shape,false,false,America/New_York,3,21557 21562,1840024427
Midlothian,Midlothian,Maryland,24001,Allegany,39.6319,-78.9515,313,174.3,shape,false,false,America/New_York,3,21543 21532,1840024428
Rosemont,Rosemont,Maryland,24021,Frederick,39.3317,-77.6214,298,206.9,shape,false,true,America/New_York,3,21758,1840005712
Pleasant Grove,Pleasant Grove,Maryland,24001,Allegany,39.6802,-78.6904,287,69.4,shape,false,false,America/New_York,3,21502,1840031390
Deal Island,Deal Island,Maryland,24039,Somerset,38.1444,-75.9417,286,36.4,shape,false,false,America/New_York,3,21821,1840006275
Glen Echo,Glen Echo,Maryland,24031,Montgomery,38.9683,-77.1412,282,1658.5,shape,false,true,America/New_York,3,20812,1840005844
Shaft,Shaft,Maryland,24001,Allegany,39.6265,-78.9384,281,137.9,shape,false,true,America/New_York,4,21532,1840039519
Fairlee,Fairlee,Maryland,24029,Kent,39.2268,-76.1654,280,28.5,shape,false,false,America/New_York,3,21620,1840024475
Newark,Newark,Maryland,24047,Worcester,38.2751,-75.2733,277,11.3,shape,false,false,America/New_York,3,21811 21841,1840006251
Chance,Chance,Maryland,24039,Somerset,38.1772,-75.9366,267,61.7,shape,false,false,America/New_York,3,21821,1840006273
Chewsville,Chewsville,Maryland,24043,Washington,39.6484,-77.6311,262,121.1,shape,false,false,America/New_York,3,21783 21721,1840005599
Gorman,Gorman,Maryland,24023,Garrett,39.2923,-79.3527,258,79.4,shape,false,false,America/New_York,3,21550,1840024443
Mapleville,Mapleville,Maryland,24043,Washington,39.5358,-77.6463,256,245.0,shape,false,false,America/New_York,3,21713,1840024404
Trego-Rohrersville Station,Trego-Rohrersville Station,Maryland,24043,Washington,39.4291,-77.6748,245,221.8,shape,false,true,America/New_York,3,21756,1840039564
Edgemont,Edgemont,Maryland,24043,Washington,39.6766,-77.547,244,177.6,shape,false,false,America/New_York,3,21783,1840024397
Fishing Creek,Fishing Creek,Maryland,24019,Dorchester,38.3358,-76.2238,235,85.9,shape,false,false,America/New_York,3,21622 21634,1840024642
Hutton,Hutton,Maryland,24023,Garrett,39.4145,-79.4801,234,138.0,shape,false,false,America/New_York,3,21550,1840024444
Moscow,Moscow,Maryland,24001,Allegany,39.5393,-79.0082,229,94.5,shape,false,false,America/New_York,3,21521,1840024429
Klondike,Klondike,Maryland,24001,Allegany,39.6102,-78.9633,228,224.7,shape,false,false,America/New_York,3,21532,1840024425
Kitzmiller,Kitzmiller,Maryland,24023,Garrett,39.3894,-79.1833,224,181.2,shape,false,true,America/New_York,3,21538,1840005725
Bier,Bier,Maryland,24001,Allegany,39.5525,-78.8692,214,56.7,shape,false,false,America/New_York,3,21557 21502,1840024415
Madison,Madison,Maryland,24019,Dorchester,38.5163,-76.2182,213,25.7,shape,false,false,America/New_York,3,21648 21677,1840026730
Dames Quarter,Dames Quarter,Maryland,24039,Somerset,38.1697,-75.8895,212,6.9,shape,false,false,America/New_York,3,21821,1840006274
Goldsboro,Goldsboro,Maryland,24011,Caroline,39.0316,-75.7821,211,104.2,shape,false,true,America/New_York,3,21636,1840005934
Breathedsville,Breathedsville,Maryland,24043,Washington,39.546,-77.7246,211,268.2,shape,false,false,America/New_York,3,21713,1840024391
St. George Island,St. George Island,Maryland,24037,St. Mary's,38.1155,-76.4771,208,101.9,shape,false,false,America/New_York,3,20674,1840026745
Graceham,Graceham,Maryland,24021,Frederick,39.6152,-77.3829,203,163.7,shape,false,false,America/New_York,3,21788,1840067317
Sandy Hook,Sandy Hook,Maryland,24043,Washington,39.3284,-77.7052,203,234.5,shape,false,false,America/New_York,3,21758,1840024411
Rohrersville,Rohrersville,Maryland,24043,Washington,39.4348,-77.6655,203,173.5,shape,false,false,America/New_York,3,21779 21756,1840005603
Parsonsburg,Parsonsburg,Maryland,24045,Wicomico,38.3936,-75.4748,200,59.1,shape,false,false,America/New_York,3,21849,1840024669
Crellin,Crellin,Maryland,24023,Garrett,39.3886,-79.4685,194,106.7,shape,false,false,America/New_York,3,21550,1840024441
Dargan,Dargan,Maryland,24043,Washington,39.3766,-77.7341,189,92.3,shape,false,false,America/New_York,3,21782,1840024395
Barnesville,Barnesville,Maryland,24031,Montgomery,39.2212,-77.3799,186,146.9,shape,false,true,America/New_York,3,20838,1840005851
Flintstone,Flintstone,Maryland,24001,Allegany,39.7035,-78.5756,183,173.5,shape,false,false,America/New_York,3,21530,1840024423
Templeville,Templeville,Maryland,24011,Caroline,39.1361,-75.7676,182,167.2,shape,false,true,America/New_York,3,21649,1840005941
Pondsville,Pondsville,Maryland,24043,Washington,39.6234,-77.5916,180,156.1,shape,false,false,America/New_York,3,21783,1840024408
Quantico,Quantico,Maryland,24045,Wicomico,38.3755,-75.754,176,32.3,shape,false,false,America/New_York,3,21856 21830,1840024671
Mount Briar,Mount Briar,Maryland,24043,Washington,39.4426,-77.6873,175,108.5,shape,false,false,America/New_York,3,21756,1840026617
Barclay,Barclay,Maryland,24035,Queen Anne's,39.1451,-75.8655,175,170.8,shape,false,true,America/New_York,3,21607,1840005898
Yarrowsburg,Yarrowsburg,Maryland,24043,Washington,39.3762,-77.6843,172,106.9,shape,false,false,America/New_York,3,21758,1840024413
Franklin,Franklin,Maryland,24001,Allegany,39.4993,-79.0511,166,117.8,shape,false,false,America/New_York,3,21562,1840031340
Brookeville,Brookeville,Maryland,24031,Montgomery,39.1808,-77.0591,164,656.9,shape,false,true,America/New_York,3,20833,1840005852
Whitehaven,Whitehaven,Maryland,24045,Wicomico,38.2705,-75.7935,163,21.5,shape,false,false,America/New_York,3,21856,1840024674
Allen,Allen,Maryland,24045,Wicomico,38.2894,-75.6904,160,142.5,shape,false,false,America/New_York,3,21810,1840024664
Nanticoke Acres,Nanticoke Acres,Maryland,24045,Wicomico,38.2578,-75.9059,159,105.2,shape,false,false,America/New_York,3,21840,1840024668
Williston,Williston,Maryland,24011,Caroline,38.8307,-75.851,153,250.6,shape,false,false,America/New_York,3,21629,1840024536
Henderson,Henderson,Maryland,24011,Caroline,39.075,-75.766,149,112.5,shape,false,true,America/New_York,3,21640 21649,1840005936
Hillsboro,Hillsboro,Maryland,24011,Caroline,38.917,-75.9416,149,157.6,shape,false,true,America/New_York,3,21641,1840005937
Benedict,Benedict,Maryland,24017,Charles,38.5116,-76.6797,147,462.2,shape,false,false,America/New_York,3,20612,1840024646
Cearfoss,Cearfoss,Maryland,24043,Washington,39.699,-77.7765,147,100.9,shape,false,false,America/New_York,3,21740,1840024393
Burkittsville,Burkittsville,Maryland,24021,Frederick,39.3923,-77.6275,143,121.6,shape,false,true,America/New_York,3,21755 21718,1840005711
Jugtown,Jugtown,Maryland,24043,Washington,39.6143,-77.5943,142,230.3,shape,false,false,America/New_York,3,21742,1840024403
Powellville,Powellville,Maryland,24045,Wicomico,38.3299,-75.3749,140,34.3,shape,false,false,America/New_York,3,21850,1840024670
Bloomington,Bloomington,Maryland,24023,Garrett,39.4794,-79.0768,133,82.8,shape,false,false,America/New_York,3,21523,1840024440
Marydel,Marydel,Maryland,24011,Caroline,39.113,-75.7497,129,477.8,shape,false,true,America/New_York,3,21649,1840005938
Still Pond,Still Pond,Maryland,24029,Kent,39.326,-76.0424,126,115.7,shape,false,false,America/New_York,3,21667,1840031409
Girdletree,Girdletree,Maryland,24047,Worcester,38.0989,-75.4003,122,69.0,shape,false,false,America/New_York,3,21829,1840006253
Pecktonville,Pecktonville,Maryland,24043,Washington,39.666,-78.0482,121,79.4,shape,false,false,America/New_York,3,21711,1840024406
Greensburg,Greensburg,Maryland,24043,Washington,39.6806,-77.5615,117,111.8,shape,false,false,America/New_York,3,21783,1840031481
Whaleyville,Whaleyville,Maryland,24047,Worcester,38.3917,-75.3004,116,44.2,shape,false,false,America/New_York,3,21872,1840006256
Taylors Island,Taylors Island,Maryland,24019,Dorchester,38.4734,-76.3128,109,10.2,shape,false,false,America/New_York,3,21669,1840026731
Tyaskin,Tyaskin,Maryland,24045,Wicomico,38.3196,-75.8729,108,29.3,shape,false,false,America/New_York,3,21856 21865,1840024672
Bivalve,Bivalve,Maryland,24045,Wicomico,38.3054,-75.8847,106,28.1,shape,false,false,America/New_York,3,21865 21814,1840024665
Worton,Worton,Maryland,24029,Kent,39.2718,-76.0933,105,43.9,shape,false,false,America/New_York,3,21678,1840024478
Vale Summit,Vale Summit,Maryland,24001,Allegany,39.6152,-78.9084,105,41.0,shape,false,false,America/New_York,3,21532,1840024437
Reid,Reid,Maryland,24043,Washington,39.7126,-77.6793,99,110.8,shape,false,false,America/New_York,3,21742,1840024409
Detmold,Detmold,Maryland,24001,Allegany,39.5574,-78.9912,99,90.7,shape,false,false,America/New_York,3,21539,1840031333
Luke,Luke,Maryland,24001,Allegany,39.4766,-79.0593,94,38.2,shape,false,true,America/New_York,3,21540,1840005625
Church Creek,Church Creek,Maryland,24019,Dorchester,38.5036,-76.1531,90,128.0,shape,false,true,America/New_York,3,21622,1840006167
Choptank,Choptank,Maryland,24011,Caroline,38.6822,-75.9494,89,256.4,shape,false,false,America/New_York,3,21655,1840024534
Oldtown,Oldtown,Maryland,24001,Allegany,39.545,-78.6148,87,65.1,shape,false,false,America/New_York,3,21555,1840024432
Rock Point,Rock Point,Maryland,24017,Charles,38.2754,-76.8428,84,51.4,shape,false,false,America/New_York,3,20664,1840024648
Ringgold,Ringgold,Maryland,24043,Washington,39.7092,-77.5688,79,107.6,shape,false,false,America/New_York,3,21783 21742,1840024410
Stockton,Stockton,Maryland,24047,Worcester,38.0659,-75.4134,75,17.0,shape,false,false,America/New_York,3,21864,1840006254
Galestown,Galestown,Maryland,24019,Dorchester,38.5633,-75.7149,74,107.5,shape,false,true,America/New_York,3,19973 21659,1840006163
Jesterville,Jesterville,Maryland,24045,Wicomico,38.2897,-75.8928,72,17.5,shape,false,false,America/New_York,3,21814,1840024666
Little Orleans,Little Orleans,Maryland,24001,Allegany,39.63,-78.3949,64,19.9,shape,false,false,America/New_York,3,21766,1840024426
Barrelville,Barrelville,Maryland,24001,Allegany,39.7026,-78.8425,64,160.6,shape,false,false,America/New_York,3,21545,1840024414
Highland Beach,Highland Beach,Maryland,24003,Anne Arundel,38.9312,-76.466,62,813.4,shape,false,true,America/New_York,3,21403,1840014944
Lisbon,Lisbon,Maryland,24027,Howard,39.3361,-77.07,62,16.2,shape,false,false,America/New_York,3,21797 21765,1840066628
Dawson,Dawson,Maryland,24001,Allegany,39.4772,-78.9457,62,39.0,shape,false,false,America/New_York,3,21557,1840024421
Antietam,Antietam,Maryland,24043,Washington,39.4151,-77.7364,60,66.7,shape,false,false,America/New_York,3,21782,1840024385
Carlos,Carlos,Maryland,24001,Allegany,39.6237,-78.9567,52,109.1,shape,false,false,America/New_York,3,21532,1840024417
Eldorado,Eldorado,Maryland,24019,Dorchester,38.5841,-75.7893,50,53.8,shape,false,true,America/New_York,3,21659,1840006162
Georgetown,Georgetown,Maryland,24029,Kent,39.2194,-76.1971,50,13.1,shape,false,false,America/New_York,3,21620,1840024476
West Denton,West Denton,Maryland,24011,Caroline,38.8896,-75.8389,49,473.5,shape,false,false,America/New_York,3,21629,1840024535
Woodland,Woodland,Maryland,24001,Allegany,39.6083,-78.9502,42,94.2,shape,false,false,America/New_York,3,21532,1840024438
Brookview,Brookview,Maryland,24019,Dorchester,38.5739,-75.7927,42,64.1,shape,false,true,America/New_York,3,21659,1840006166
Eagle Harbor,Eagle Harbor,Maryland,24033,Prince George's,38.5664,-76.6871,42,18.8,shape,false,true,America/New_York,3,20608,1840005963
Spring Gap,Spring Gap,Maryland,24001,Allegany,39.5654,-78.7054,42,25.1,shape,false,false,America/New_York,3,21560 21502,1840024436
Big Pool,Big Pool,Maryland,24043,Washington,39.6251,-78.0161,40,39.9,shape,false,false,America/New_York,3,21711,1840024389
Edesville,Edesville,Maryland,24029,Kent,39.1542,-76.2079,33,113.4,shape,false,false,America/New_York,3,21661,1840024474
Kemps Mill,Kemps Mill,Maryland,24043,Washington,39.6268,-77.8137,27,141.4,shape,false,true,America/New_York,4,21740,1840039472
National,National,Maryland,24001,Allegany,39.6111,-78.9401,25,62.8,shape,false,false,America/New_York,3,21532,1840031379
Big Spring,Big Spring,Maryland,24043,Washington,39.6257,-77.9396,23,101.4,shape,false,false,America/New_York,3,21722,1840024390
Elliott,Elliott,Maryland,24019,Dorchester,38.3095,-76.0069,21,90.6,shape,false,false,America/New_York,3,21869,1840024641
Ernstville,Ernstville,Maryland,24043,Washington,39.6304,-78.0239,20,99.9,shape,false,false,America/New_York,3,21711,1840024398
Ocean,Ocean,Maryland,24001,Allegany,39.6016,-78.945,17,116.4,shape,false,false,America/New_York,3,21532,1840031386
Clarysville,Clarysville,Maryland,24001,Allegany,39.6421,-78.8887,13,77.8,shape,false,false,America/New_York,3,21532,1840024418
Brownsville,Brownsville,Maryland,24043,Washington,39.3782,-77.6615,12,104.2,shape,false,false,America/New_York,3,21758 21715,1840024392
Indian Springs,Indian Springs,Maryland,24043,Washington,39.6457,-78.0074,11,77.0,shape,false,false,America/New_York,3,21711,1840024402
Gapland,Gapland,Maryland,24043,Washington,39.4021,-77.6584,9,132.8,shape,false,false,America/New_York,3,21779,1840024400
Jennings,Jennings,Maryland,24023,Garrett,39.6487,-79.1835,9,97.3,shape,false,false,America/New_York,3,21536,1840024445
Frenchtown-Rumbly,Frenchtown-Rumbly,Maryland,24039,Somerset,38.0831,-75.8521,8,4.3,shape,false,true,America/New_York,5,21871,1840035183
Port Tobacco Village,Port Tobacco Village,Maryland,24017,Charles,38.5124,-77.0211,2,37.0,shape,false,true,America/New_York,4,20677,1840073753
Middleburg,Middleburg,Maryland,24043,Washington,39.7177,-77.7239,0,513.3,shape,false,true,America/New_York,3,21742,1840031284
Waterview,Waterview,Maryland,24045,Wicomico,38.2482,-75.9017,0,36.5,shape,false,false,America/New_York,3,21840,1840024673
Nikep,Nikep,Maryland,24001,Allegany,39.5516,-78.9978,0,147.5,shape,false,false,America/New_York,3,21539,1840024431
Bakersville,Bakersville,Maryland,24043,Washington,39.5148,-77.757,0,83.9,shape,false,false,America/New_York,3,21713,1840024387
Eakles Mill,Eakles Mill,Maryland,24043,Washington,39.4669,-77.6859,0,63.1,shape,false,true,America/New_York,4,21756,1840043284
Fort Ritchie,Fort Ritchie,Maryland,24043,Washington,39.7022,-77.5021,0,375.3,shape,true,true,America/New_York,3,21719,1840073582
Swanton,Swanton,Maryland,24023,Garrett,39.4598,-79.2328,0,61.3,shape,false,false,America/New_York,3,21561,1840024446
Fairview,Fairview,Maryland,24043,Washington,39.711,-77.8406,0,77.4,shape,false,false,America/New_York,3,21722 21740,1840031338
