Denver,Denver,Colorado,8031,Denver,39.762,-104.8758,2687458,1792.9,shape,false,true,America/Denver,1,80264 80266 80230 80231 80236 80237 80235 80238 80239 80123 80249 80247 80246 80290 80293 80294 80218 80210 80212 80216 80221 80220 80223 80222 80224 80227 80219 80211 80209 80207 80206 80205 80204 80202 80203 80208 80217 80243 80248 80250 80256 80257 80259 80261 80265 80271 80273 80274 80281 80291 80299,1840018789
Colorado Springs,Colorado Springs,Colorado,8041,El Paso,38.8674,-104.7605,638194,917.5,shape,false,true,America/Denver,2,80951 80829 80909 80904 80905 80906 80907 80903 80939 80938 80910 80917 80916 80915 80914 80919 80918 80927 80924 80925 80922 80923 80920 80921 80929 80901 80932 80934 80935 80936 80937 80941 80942 80946 80947 80949 80950 80960 80962 80977 80995 80997,1840018825
Aurora,Aurora,Colorado,8005,Arapahoe,39.7083,-104.7237,387349,920.3,shape,false,true,America/Denver,2,80247 80137 80045 80018 80019 80016 80014 80015 80012 80013 80010 80017 80011 80040 80041 80042 80044 80046 80047,1840018794
Fort Collins,Fort Collins,Colorado,8069,Larimer,40.5477,-105.0656,335398,1142.2,shape,false,true,America/Denver,2,80528 80521 80526 80524 80525 80523 80527 80553,1840020151
Lakewood,Lakewood,Colorado,8059,Jefferson,39.6977,-105.1172,156149,1387.3,shape,false,true,America/Denver,2,80232 80235 80214 80215 80227 80226 80228 80201 80225,1840020198
Thornton,Thornton,Colorado,8001,Adams,39.9197,-104.9438,141799,1500.2,shape,false,true,America/Denver,2,80260 80233 80241 80640 80023 80229 80602 80614,1840021422
Greeley,Greeley,Colorado,8123,Weld,40.4152,-104.7706,140984,843.2,shape,false,true,America/Denver,2,80631 80634 80632 80633 80638 80639,1840020149
Grand Junction,Grand Junction,Colorado,8077,Mesa,39.0877,-108.5673,138416,628.7,shape,false,true,America/Denver,2,81503 81506 81507 81505 81504 81501 81502,1840020230
Arvada,Arvada,Colorado,8059,Jefferson,39.832,-105.151,123066,1219.0,shape,false,true,America/Denver,2,80005 80004 80007 80003 80002 80403 80001 80006,1840018788
Pueblo,Pueblo,Colorado,8101,Pueblo,38.2701,-104.6114,120380,765.4,shape,false,true,America/Denver,2,81004 81005 81003 81001 81008 81002 81010 81011 81012,1840020255
Boulder,Boulder,Colorado,8013,Boulder,40.0248,-105.2524,118090,1534.8,shape,false,true,America/Denver,2,80310 80304 80305 80302 80303 80301 80307 80309 80314,1840018774
Westminster,Westminster,Colorado,8001,Adams,39.8837,-105.0624,115502,1411.9,shape,false,true,America/Denver,2,80030 80031 80234 80005 80003 80021 80020 80035,1840021423
Centennial,Centennial,Colorado,8005,Arapahoe,39.5926,-104.8673,107702,1398.1,shape,false,true,America/Denver,2,80122 80121 80016 80015 80112 80111 80155 80161,1840018792
Longmont,Longmont,Colorado,8013,Boulder,40.1686,-105.1005,101642,1316.7,shape,false,true,America/Denver,2,80501 80503 80504,1840020178
Highlands Ranch,Highlands Ranch,Colorado,8035,Douglas,39.5419,-104.9708,101514,1615.0,shape,false,false,America/Denver,2,80129 80126 80130 80163,1840028579
Lafayette,Lafayette,Colorado,8013,Boulder,39.9946,-105.0998,98889,1268.3,shape,false,true,America/Denver,3,80026,1840020180
Loveland,Loveland,Colorado,8069,Larimer,40.4166,-105.0623,76500,836.9,shape,false,true,America/Denver,3,80537 80538 80539,1840020152
Castle Rock,Castle Rock,Colorado,8035,Douglas,39.3763,-104.8535,74065,823.1,shape,false,true,America/Denver,3,80104 80108 80109,1840022455
Broomfield,Broomfield,Colorado,8014,Broomfield,39.9542,-105.0526,73946,866.0,shape,false,true,America/Denver,3,80023 80021 80020 80516 80038,1840018781
Commerce City,Commerce City,Colorado,8001,Adams,39.8641,-104.843,63050,668.5,shape,false,true,America/Denver,3,80640 80022 80037,1840018785
Parker,Parker,Colorado,8035,Douglas,39.5084,-104.7753,58733,1010.2,shape,false,true,America/Denver,3,80138 80134,1840022454
Littleton,Littleton,Colorado,8005,Arapahoe,39.5915,-105.0188,45531,1393.1,shape,false,true,America/Denver,3,80128 80122 80123 80120 80160 80165 80166,1840020213
Brighton,Brighton,Colorado,8001,Adams,39.9716,-104.7963,40569,736.0,shape,false,true,America/Denver,3,80603 80601,1840018784
Security-Widefield,Security-Widefield,Colorado,8041,El Paso,38.7489,-104.7142,39150,1172.6,shape,false,true,America/Denver,3,80911 80925 80931,1840074635
Northglenn,Northglenn,Colorado,8001,Adams,39.9108,-104.9783,37948,1990.6,shape,false,true,America/Denver,3,80260 80233 80234 80603,1840020192
Pueblo West,Pueblo West,Colorado,8101,Pueblo,38.3465,-104.7246,34337,266.8,shape,false,false,America/Denver,3,81007,1840018860
Dakota Ridge,Dakota Ridge,Colorado,8059,Jefferson,39.6192,-105.1344,34234,1407.6,shape,false,true,America/Denver,3,80465 80235 80127,1840038683
Windsor,Windsor,Colorado,8123,Weld,40.469,-104.9198,33905,505.4,shape,false,true,America/Denver,3,80550 80551,1840022401
Englewood,Englewood,Colorado,8005,Arapahoe,39.6468,-104.9942,33634,1979.3,shape,false,true,America/Denver,3,80113 80110 80150 80151,1840020211
Ken Caryl,Ken Caryl,Colorado,8059,Jefferson,39.577,-105.1144,33505,1315.6,shape,false,false,America/Denver,3,80128 80127 80123 80162,1840028580
Wheat Ridge,Wheat Ridge,Colorado,8059,Jefferson,39.7728,-105.1028,32263,1333.2,shape,false,true,America/Denver,3,80033 80034,1840021431
Erie,Erie,Colorado,8123,Weld,40.0404,-105.0399,30447,572.1,shape,false,true,America/Denver,3,80516,1840021362
Fountain,Fountain,Colorado,8041,El Paso,38.6886,-104.6829,29498,510.8,shape,false,true,America/Denver,3,80817,1840020236
Columbine,Columbine,Colorado,8059,Jefferson,39.5879,-105.0694,25940,1509.8,shape,false,false,America/Denver,3,80128 80123,1840135257
Evans,Evans,Colorado,8123,Weld,40.366,-104.739,22092,835.1,shape,false,true,America/Denver,3,80645 80634 80620,1840020147
Four Square Mile,Four Square Mile,Colorado,8005,Arapahoe,39.6808,-104.888,21420,3061.3,shape,false,false,America/Denver,2,80231 80247,1840153139
Louisville,Louisville,Colorado,8013,Boulder,39.971,-105.1441,20920,1013.4,shape,false,true,America/Denver,3,80027,1840020179
Golden,Golden,Colorado,8059,Jefferson,39.7406,-105.2118,20461,820.0,shape,false,true,America/Denver,3,80401 80403 80419 80402,1840020197
Montrose,Montrose,Colorado,8085,Montrose,38.4689,-107.859,20394,426.2,shape,false,true,America/Denver,3,81403 81401 81402,1840020251
Clifton,Clifton,Colorado,8077,Mesa,39.0764,-108.4605,19443,1253.7,shape,false,false,America/Denver,3,81520 81504,1840017556
Sherrelwood,Sherrelwood,Colorado,8001,Adams,39.839,-105.0014,19254,3046.9,shape,false,false,America/Denver,2,80221 80263,1840028581
Durango,Durango,Colorado,8067,La Plata,37.2659,-107.8781,19148,502.0,shape,false,true,America/Denver,3,81301 81326,1840018929
Cimarron Hills,Cimarron Hills,Colorado,8041,El Paso,38.8597,-104.6995,19039,1241.6,shape,false,false,America/Denver,3,80915 80922 80970,1840028574
Fort Carson,Fort Carson,Colorado,8041,El Paso,38.7095,-104.772,18105,249.9,shape,true,true,America/Denver,3,80902 80913,1840028557
Johnstown,Johnstown,Colorado,8123,Weld,40.3499,-104.9482,17327,443.1,shape,false,true,America/Denver,3,80534,1840021369
Ca√±on City,Canon City,Colorado,8043,Fremont,38.443,-105.2203,17059,530.6,shape,false,true,America/Denver,3,81212 81215,1840018855
Firestone,Firestone,Colorado,8123,Weld,40.1565,-104.9494,16704,471.7,shape,false,true,America/Denver,3,80520 80504,1840021363
Welby,Welby,Colorado,8001,Adams,39.8403,-104.9655,16287,1697.8,shape,false,false,America/Denver,3,80229,1840028449
Greenwood Village,Greenwood Village,Colorado,8005,Arapahoe,39.6153,-104.9131,15537,725.9,shape,false,true,America/Denver,3,80121 80111,1840020212
Frederick,Frederick,Colorado,8123,Weld,40.1088,-104.9701,15037,381.7,shape,false,true,America/Denver,3,80504 80530 80516 80514,1840021364
Black Forest,Black Forest,Colorado,8041,El Paso,39.0608,-104.6752,14437,55.4,shape,false,false,America/Denver,3,80908 80106 80912,1840017562
Federal Heights,Federal Heights,Colorado,8001,Adams,39.8651,-105.0154,14173,3076.6,shape,false,true,America/Denver,2,80260,1840028425
Lone Tree,Lone Tree,Colorado,8035,Douglas,39.5309,-104.8709,13993,550.8,shape,false,true,America/Denver,3,80124 80134,1840020222
Sterling,Sterling,Colorado,8075,Logan,40.6205,-103.1925,13466,685.6,shape,false,true,America/Denver,3,80751,1840021377
Fruita,Fruita,Colorado,8077,Mesa,39.1548,-108.7305,13462,658.6,shape,false,true,America/Denver,3,81521,1840020229
Steamboat Springs,Steamboat Springs,Colorado,8107,Routt,40.4777,-106.8243,13251,517.4,shape,false,true,America/Denver,3,80487,1840021374
Superior,Superior,Colorado,8013,Boulder,39.934,-105.1588,13146,1290.4,shape,false,true,America/Denver,3,80027,1840022425
Castle Pines,Castle Pines,Colorado,8035,Douglas,39.4625,-104.8706,11811,475.4,shape,false,true,America/Denver,3,80108,1840022456
Fort Morgan,Fort Morgan,Colorado,8087,Morgan,40.2537,-103.7903,11501,832.5,shape,false,true,America/Denver,3,80701,1840020175
Berkley,Berkley,Colorado,8001,Adams,39.8045,-105.0281,11185,1199.7,shape,false,false,America/Denver,3,80003 80221,1840028561
Wellington,Wellington,Colorado,8069,Larimer,40.7,-105.0054,11163,1187.4,shape,false,true,America/Denver,3,80549,1840022411
Cherry Creek,Cherry Creek,Colorado,8005,Arapahoe,39.6094,-104.8645,11157,2579.4,shape,false,false,America/Denver,2,80111,1840028588
Berthoud,Berthoud,Colorado,8069,Larimer,40.3071,-105.0426,10892,325.2,shape,false,true,America/Denver,3,80534 80513,1840020153
Edwards,Edwards,Colorado,8037,Eagle,39.6215,-106.6184,10721,155.4,shape,false,false,America/Denver,3,81632,1840017535
Monument,Monument,Colorado,8041,El Paso,39.0736,-104.8467,10548,585.5,shape,false,true,America/Denver,3,80132 80921,1840022474
The Pinery,The Pinery,Colorado,8035,Douglas,39.4462,-104.7591,10534,391.9,shape,false,false,America/Denver,3,80134,1840028583
Rifle,Rifle,Colorado,8045,Garfield,39.5362,-107.7729,10420,571.9,shape,false,true,America/Denver,3,81650,1840020185
Fairmount,Fairmount,Colorado,8059,Jefferson,39.7931,-105.1711,10398,660.2,shape,false,true,America/Denver,3,80002 80403,1840038703
Gunbarrel,Gunbarrel,Colorado,8013,Boulder,40.0632,-105.1713,10108,624.8,shape,false,false,America/Denver,3,80503 80301,1840028424
Glenwood Springs,Glenwood Springs,Colorado,8045,Garfield,39.5455,-107.3347,10100,668.3,shape,false,true,America/Denver,3,81601,1840020184
Alamosa,Alamosa,Colorado,8003,Alamosa,37.4752,-105.877,9792,478.7,shape,false,true,America/Denver,3,81101,1840018921
Stonegate,Stonegate,Colorado,8035,Douglas,39.5357,-104.8032,9770,2060.5,shape,false,false,America/Denver,2,80134,1840028570
Delta,Delta,Colorado,8029,Delta,38.756,-108.0772,9137,265.8,shape,false,true,America/Denver,3,81416,1840018820
Roxborough Park,Roxborough Park,Colorado,8035,Douglas,39.4492,-105.0746,9057,378.8,shape,false,false,America/Denver,3,80125 80135,1840028568
Craig,Craig,Colorado,8081,Moffat,40.5171,-107.5554,9013,686.0,shape,false,true,America/Denver,3,81625,1840018741
Derby,Derby,Colorado,8001,Adams,39.84,-104.9172,9009,1987.7,shape,false,false,America/Denver,3,80022 80024,1840028576
Evergreen,Evergreen,Colorado,8059,Jefferson,39.6349,-105.3356,8972,300.6,shape,false,false,America/Denver,3,80439 80437,1840017539
Redlands,Redlands,Colorado,8077,Mesa,39.0886,-108.6582,8914,266.7,shape,false,false,America/Denver,3,81507,1840018812
Woodmoor,Woodmoor,Colorado,8041,El Paso,39.1063,-104.8456,8859,562.0,shape,false,false,America/Denver,3,80132,1840028584
Cortez,Cortez,Colorado,8083,Montezuma,37.3503,-108.5768,8832,547.4,shape,false,true,America/Denver,3,81321,1840018928
Severance,Severance,Colorado,8123,Weld,40.5265,-104.865,8526,361.3,shape,false,true,America/Denver,3,80546 80550 80615 80610,1840022400
Milliken,Milliken,Colorado,8123,Weld,40.3115,-104.8561,8438,254.2,shape,false,true,America/Denver,3,80543 80651 80534,1840022397
Trinidad,Trinidad,Colorado,8071,Las Animas,37.1751,-104.4908,8334,342.9,shape,false,true,America/Denver,3,81082,1840021545
Gypsum,Gypsum,Colorado,8037,Eagle,39.6287,-106.9348,8291,362.1,shape,false,true,America/Denver,3,81637,1840021426
Fort Lupton,Fort Lupton,Colorado,8123,Weld,40.0827,-104.8068,8164,244.0,shape,false,true,America/Denver,3,80621,1840020148
Fruitvale,Fruitvale,Colorado,8077,Mesa,39.0933,-108.4789,8022,1069.8,shape,false,false,America/Denver,3,81504,1840017557
Applewood,Applewood,Colorado,8059,Jefferson,39.7523,-105.1604,7985,758.4,shape,false,false,America/Denver,3,80401,1840028573
Lochbuie,Lochbuie,Colorado,8123,Weld,40.0118,-104.7271,7963,834.4,shape,false,true,America/Denver,3,80603,1840021373
Woodland Park,Woodland Park,Colorado,8119,Teller,38.9985,-105.0594,7911,462.0,shape,false,true,America/Denver,3,80863 80866,1840021468
Twin Lakes,Twin Lakes,Colorado,8001,Adams,39.8229,-105.0036,7686,1805.1,shape,false,false,America/Denver,3,80221,1840136771
Lamar,Lamar,Colorado,8099,Prowers,38.074,-102.6154,7667,564.1,shape,false,true,America/Denver,3,81052,1840020267
Eagle,Eagle,Colorado,8037,Eagle,39.6366,-106.8125,7481,494.3,shape,false,true,America/Denver,3,81631,1840021424
La Junta,La Junta,Colorado,8089,Otero,37.9791,-103.5471,7244,876.2,shape,false,true,America/Denver,3,81050,1840020270
Orchard Mesa,Orchard Mesa,Colorado,8077,Mesa,39.0363,-108.5166,7173,755.3,shape,false,false,America/Denver,3,81503,1840018811
Stratmoor,Stratmoor,Colorado,8041,El Paso,38.7731,-104.7786,7154,1044.0,shape,false,false,America/Denver,3,80906 80911,1840028582
Timnath,Timnath,Colorado,8069,Larimer,40.5338,-104.9623,7122,376.3,shape,false,true,America/Denver,3,80547 80524,1840022410
Aspen,Aspen,Colorado,8097,Pitkin,39.1951,-106.8369,6952,695.9,shape,false,true,America/Denver,3,81611,1840018813
Air Force Academy,Air Force Academy,Colorado,8041,El Paso,38.9942,-104.8639,6665,257.6,shape,true,true,America/Denver,3,80840 80841,1840036508
Gunnison,Gunnison,Colorado,8051,Gunnison,38.548,-106.9246,6629,527.9,shape,false,true,America/Denver,3,81230 81231,1840020235
Carbondale,Carbondale,Colorado,8045,Garfield,39.3949,-107.2148,6497,1240.6,shape,false,true,America/Denver,3,81623,1840022431
Gleneagle,Gleneagle,Colorado,8041,El Paso,39.0453,-104.8288,6421,1064.3,shape,false,false,America/Denver,3,80921,1840028578
Cherry Hills Village,Cherry Hills Village,Colorado,8005,Arapahoe,39.6375,-104.948,6405,398.5,shape,false,true,America/Denver,3,80113 80111,1840018793
Dacono,Dacono,Colorado,8123,Weld,40.0623,-104.9476,6260,260.6,shape,false,true,America/Denver,3,80603 80514,1840018740
Avon,Avon,Colorado,8037,Eagle,39.6442,-106.513,6115,283.8,shape,false,true,America/Denver,3,81620,1840020194
Sheridan,Sheridan,Colorado,8005,Arapahoe,39.6468,-105.0182,6062,1051.7,shape,false,true,America/Denver,3,80110,1840021440
Estes Park,Estes Park,Colorado,8069,Larimer,40.3699,-105.5217,5906,333.3,shape,false,true,America/Denver,3,80517,1840021382
Eaton,Eaton,Colorado,8123,Weld,40.5257,-104.713,5763,704.1,shape,false,true,America/Denver,3,80615,1840021359
Salida,Salida,Colorado,8015,Chaffee,38.5298,-105.9979,5697,787.9,shape,false,true,America/Denver,3,81201,1840021473
Dove Valley,Dove Valley,Colorado,8005,Arapahoe,39.5752,-104.8309,5569,606.6,shape,false,false,America/Denver,3,80112,1840028589
Shaw Heights,Shaw Heights,Colorado,8001,Adams,39.8566,-105.0391,5458,3008.4,shape,false,false,America/Denver,2,80031 80036,1840028586
Brush,Brush,Colorado,8087,Morgan,40.2598,-103.6323,5304,723.5,shape,false,true,America/Denver,3,80723,1840018758
West Pleasant View,West Pleasant View,Colorado,8059,Jefferson,39.732,-105.1785,5197,1300.7,shape,false,true,America/Denver,3,80401,1840074740
Battlement Mesa,Battlement Mesa,Colorado,8045,Garfield,39.4506,-108.0063,5148,178.2,shape,false,false,America/Denver,3,81635 81636,1840017532
Mead,Mead,Colorado,8123,Weld,40.2318,-104.9911,5110,135.4,shape,false,true,America/Denver,3,80542 80504 80513,1840022396
Todd Creek,Todd Creek,Colorado,8001,Adams,39.9797,-104.8734,5057,197.5,shape,false,false,America/Denver,3,80602,1840028571
Meridian,Meridian,Colorado,8035,Douglas,39.5458,-104.8533,5029,757.8,shape,false,false,America/Denver,3,80134 80112,1840028565
Breckenridge,Breckenridge,Colorado,8117,Summit,39.4995,-106.0432,5017,320.6,shape,false,true,America/Denver,3,80424,1840021428
Edgewater,Edgewater,Colorado,8059,Jefferson,39.7508,-105.0627,5002,2780.3,shape,false,true,America/Denver,2,80214,1840020196
New Castle,New Castle,Colorado,8045,Garfield,39.5776,-107.5267,4874,747.6,shape,false,true,America/Denver,3,81647,1840022429
Manitou Springs,Manitou Springs,Colorado,8041,El Paso,38.8575,-104.9127,4848,594.4,shape,false,true,America/Denver,3,80829,1840020237
Vail,Vail,Colorado,8037,Eagle,39.6385,-106.3613,4833,396.6,shape,false,true,America/Denver,3,81657,1840022434
Glendale,Glendale,Colorado,8005,Arapahoe,39.7036,-104.9352,4580,3113.1,shape,false,true,America/Denver,2,80246,1840028450
Silverthorne,Silverthorne,Colorado,8117,Summit,39.6562,-106.0869,4550,432.6,shape,false,true,America/Denver,3,80498,1840022436
Castle Pines Village,Castle Pines Village,Colorado,8035,Douglas,39.4418,-104.897,4462,386.9,shape,false,false,America/Denver,3,80108,1840028593
Lincoln Park,Lincoln Park,Colorado,8043,Fremont,38.4255,-105.2132,4413,450.1,shape,false,false,America/Denver,3,81212,1840018853
El Jebel,El Jebel,Colorado,8037,Eagle,39.405,-107.0921,4328,315.0,shape,false,false,America/Denver,3,81623,1840017536
Monte Vista,Monte Vista,Colorado,8105,Rio Grande,37.5789,-106.1499,4201,615.0,shape,false,true,America/Denver,3,81144 81135,1840020299
Niwot,Niwot,Colorado,8013,Boulder,40.098,-105.1552,4091,395.3,shape,false,false,America/Denver,3,80544 80503,1840018773
Genesee,Genesee,Colorado,8059,Jefferson,39.6872,-105.2718,4046,236.0,shape,false,false,America/Denver,3,80401,1840028577
Penrose,Penrose,Colorado,8043,Fremont,38.4213,-105.0004,3900,84.4,shape,false,false,America/Denver,3,81240,1840018854
Florence,Florence,Colorado,8043,Fremont,38.3836,-105.1114,3874,349.8,shape,false,true,America/Denver,3,81226 81290,1840020250
Rocky Ford,Rocky Ford,Colorado,8089,Otero,38.0499,-103.7225,3850,885.5,shape,false,true,America/Denver,3,81067,1840020269
Basalt,Basalt,Colorado,8037,Eagle,39.3663,-107.0413,3815,728.2,shape,false,true,America/Denver,3,81621,1840020195
Ponderosa Park,Ponderosa Park,Colorado,8039,Elbert,39.3987,-104.6355,3577,95.7,shape,false,false,America/Denver,3,80107,1840028453
Silt,Silt,Colorado,8045,Garfield,39.5483,-107.6531,3529,823.1,shape,false,true,America/Denver,3,81652,1840022432
Yuma,Yuma,Colorado,8125,Yuma,40.1235,-102.7161,3443,406.1,shape,false,true,America/Denver,3,80759,1840021413
Bennett,Bennett,Colorado,8001,Adams,39.7366,-104.4286,3299,219.0,shape,false,true,America/Denver,3,80102,1840020193
Burlington,Burlington,Colorado,8063,Kit Carson,39.3042,-102.2712,3184,571.2,shape,false,true,America/Denver,3,80807,1840018806
Orchard City,Orchard City,Colorado,8029,Delta,38.8144,-107.9705,3150,105.6,shape,false,true,America/Denver,3,81410 81418 81414,1840022471
Strasburg,Strasburg,Colorado,8005,Arapahoe,39.7181,-104.3195,3149,58.4,shape,false,false,America/Denver,3,80136,1840018795
Snowmass Village,Snowmass Village,Colorado,8097,Pitkin,39.2212,-106.9392,3076,42.7,shape,false,true,America/Denver,3,81615 81611,1840022467
Walsenburg,Walsenburg,Colorado,8055,Huerfano,37.6307,-104.7818,3072,396.7,shape,false,true,America/Denver,3,81089,1840021535
Sierra Ridge,Sierra Ridge,Colorado,8035,Douglas,39.5286,-104.8172,2933,2236.7,shape,false,false,America/Denver,2,80134,1840148649
Platteville,Platteville,Colorado,8123,Weld,40.222,-104.834,2917,360.7,shape,false,true,America/Denver,3,80651,1840021360
Frisco,Frisco,Colorado,8117,Summit,39.5791,-106.0915,2900,670.4,shape,false,true,America/Denver,3,80443,1840021430
Buena Vista,Buena Vista,Colorado,8015,Chaffee,38.8319,-106.1387,2887,320.7,shape,false,true,America/Denver,3,81211,1840021472
La Salle,La Salle,Colorado,8123,Weld,40.3484,-104.7062,2874,1133.2,shape,false,true,America/Denver,3,80645,1840021372
Bayfield,Bayfield,Colorado,8067,La Plata,37.234,-107.5952,2853,668.1,shape,false,true,America/Denver,3,81122,1840020309
Holly Hills,Holly Hills,Colorado,8005,Arapahoe,39.6678,-104.9216,2801,1863.2,shape,false,false,America/Denver,3,80222,1840028590
Inverness,Inverness,Colorado,8005,Arapahoe,39.5758,-104.8653,2772,947.5,shape,false,false,America/Denver,3,80112,1840028591
Stepping Stone,Stepping Stone,Colorado,8035,Douglas,39.514,-104.8217,2766,1451.2,shape,false,false,America/Denver,3,80134,1840148647
Palmer Lake,Palmer Lake,Colorado,8041,El Paso,39.1153,-104.906,2642,330.5,shape,false,true,America/Denver,3,80133 80132,1840022475
Acres Green,Acres Green,Colorado,8035,Douglas,39.5557,-104.8958,2627,1686.8,shape,false,false,America/Denver,3,80124,1840028559
Leadville,Leadville,Colorado,8065,Lake,39.2473,-106.2934,2622,862.7,shape,false,true,America/Denver,3,80461,1840020228
Telluride,Telluride,Colorado,8113,San Miguel,37.9364,-107.827,2622,457.9,shape,false,true,America/Denver,3,81435,1840022536
Cedaredge,Cedaredge,Colorado,8029,Delta,38.8941,-107.9255,2572,506.5,shape,false,true,America/Denver,3,81413,1840022473
Palisade,Palisade,Colorado,8077,Mesa,39.1084,-108.3573,2571,835.4,shape,false,true,America/Denver,3,81526,1840022465
Meeker,Meeker,Colorado,8103,Rio Blanco,40.0499,-107.8947,2500,269.0,shape,false,true,America/Denver,3,81641,1840022427
Meridian Village,Meridian Village,Colorado,8035,Douglas,39.528,-104.8258,2499,1894.0,shape,false,false,America/Denver,3,80134,1840144682
Wray,Wray,Colorado,8125,Yuma,40.0802,-102.2284,2461,274.8,shape,false,true,America/Denver,3,80758,1840021412
Coal Creek,Coal Creek,Colorado,8059,Jefferson,39.9071,-105.3799,2431,100.0,shape,false,false,America/Denver,3,80403,1840152096
Holyoke,Holyoke,Colorado,8095,Phillips,40.582,-102.2975,2430,379.9,shape,false,true,America/Denver,3,80734,1840020164
Las Animas,Las Animas,Colorado,8011,Bent,38.0695,-103.2236,2421,574.8,shape,false,true,America/Denver,3,81054,1840020268
Park Center,Park Center,Colorado,8043,Fremont,38.4835,-105.224,2387,140.7,shape,false,false,America/Denver,3,81212,1840044143
Rangely,Rangely,Colorado,8103,Rio Blanco,40.0861,-108.7795,2382,211.0,shape,false,true,America/Denver,3,81648,1840021417
Center,Center,Colorado,8109,Saguache,37.7512,-106.1105,2349,1049.8,shape,false,true,America/Denver,3,81125,1840022517
Laporte,Laporte,Colorado,8069,Larimer,40.6385,-105.1445,2233,141.0,shape,false,false,America/Denver,3,80524 80535,1840017498
Hudson,Hudson,Colorado,8123,Weld,40.0898,-104.621,2167,141.7,shape,false,true,America/Denver,3,80643 80642,1840021368
Idaho Springs,Idaho Springs,Colorado,8019,Clear Creek,39.7444,-105.5006,2113,342.1,shape,false,true,America/Denver,3,80452,1840018790
Granby,Granby,Colorado,8049,Grand,40.0647,-105.9194,2074,63.1,shape,false,true,America/Denver,3,80478 80446,1840021407
Hayden,Hayden,Colorado,8107,Routt,40.4851,-107.239,2057,243.7,shape,false,true,America/Denver,3,81639,1840021375
Leadville North,Leadville North,Colorado,8065,Lake,39.26,-106.3112,2003,315.8,shape,false,true,America/Denver,3,80461,1840074311
Aristocrat Ranchettes,Aristocrat Ranchettes,Colorado,8123,Weld,40.1096,-104.7549,1987,411.0,shape,false,false,America/Denver,3,80621,1840028560
Lyons,Lyons,Colorado,8013,Boulder,40.223,-105.2692,1936,553.8,shape,false,true,America/Denver,3,80540,1840022423
Colorado City,Colorado City,Colorado,8101,Pueblo,37.9381,-104.8451,1932,49.7,shape,false,false,America/Denver,3,81019 81069,1840017587
Columbine Valley,Columbine Valley,Colorado,8005,Arapahoe,39.5993,-105.0352,1928,758.0,shape,false,true,America/Denver,3,80123,1840028444
Olathe,Olathe,Colorado,8085,Montrose,38.6083,-107.9833,1901,488.7,shape,false,true,America/Denver,3,81425,1840022506
Sterling Ranch,Sterling Ranch,Colorado,8035,Douglas,39.4932,-105.0475,1900,132.7,shape,false,false,America/Denver,3,80125,1840147366
Ordway,Ordway,Colorado,8025,Crowley,38.2208,-103.7566,1874,938.0,shape,false,true,America/Denver,3,81063,1840022511
Elizabeth,Elizabeth,Colorado,8039,Elbert,39.3589,-104.6196,1830,327.2,shape,false,true,America/Denver,3,80107,1840021449
Del Norte,Del Norte,Colorado,8105,Rio Grande,37.6786,-106.3539,1808,709.9,shape,false,true,America/Denver,3,81132,1840021542
Kremmling,Kremmling,Colorado,8049,Grand,40.0567,-106.3784,1779,525.0,shape,false,true,America/Denver,3,80459,1840021410
Perry Park,Perry Park,Colorado,8035,Douglas,39.2595,-104.9825,1712,77.3,shape,false,false,America/Denver,3,80118,1840028567
Akron,Akron,Colorado,8121,Washington,40.1635,-103.2202,1675,233.3,shape,false,true,America/Denver,3,80720,1840021415
Keenesburg,Keenesburg,Colorado,8123,Weld,40.1327,-104.538,1669,69.6,shape,false,true,America/Denver,3,80643,1840021370
Pagosa Springs,Pagosa Springs,Colorado,8007,Archuleta,37.2675,-107.0307,1643,126.0,shape,false,true,America/Denver,3,81147,1840022565
Byers,Byers,Colorado,8005,Arapahoe,39.7101,-104.219,1635,55.1,shape,false,false,America/Denver,3,80103,1840017543
Ault,Ault,Colorado,8123,Weld,40.5893,-104.7392,1601,350.2,shape,false,true,America/Denver,3,80610,1840020150
Mountain Village,Mountain Village,Colorado,8113,San Miguel,37.9324,-107.8577,1582,185.1,shape,false,true,America/Denver,3,81435,1840022532
Paonia,Paonia,Colorado,8029,Delta,38.8698,-107.592,1571,731.8,shape,false,true,America/Denver,3,81428,1840022472
Parachute,Parachute,Colorado,8045,Garfield,39.4508,-108.0529,1555,263.7,shape,false,true,America/Denver,3,81635,1840022430
Loma,Loma,Colorado,8077,Mesa,39.2075,-108.805,1481,52.5,shape,false,false,America/Denver,3,81524,1840026665
Limon,Limon,Colorado,8073,Lincoln,39.2653,-103.6857,1479,180.6,shape,false,true,America/Denver,3,80828,1840021453
Kersey,Kersey,Colorado,8123,Weld,40.391,-104.5794,1453,250.5,shape,false,true,America/Denver,3,80631 80644,1840021371
Indian Hills,Indian Hills,Colorado,8059,Jefferson,39.6294,-105.2509,1445,102.8,shape,false,false,America/Denver,3,80454,1840017540
Crested Butte,Crested Butte,Colorado,8051,Gunnison,38.8676,-106.9773,1434,638.9,shape,false,true,America/Denver,3,81224,1840021464
Nederland,Nederland,Colorado,8013,Boulder,39.9633,-105.5071,1413,368.7,shape,false,true,America/Denver,3,80466 80308,1840022424
Springfield,Springfield,Colorado,8009,Baca,37.405,-102.6189,1357,465.2,shape,false,true,America/Denver,3,81073,1840022551
Alamosa East,Alamosa East,Colorado,8003,Alamosa,37.4766,-105.8397,1319,156.5,shape,false,true,America/Denver,4,81101 81102,1840036558
Sanford,Sanford,Colorado,8021,Conejos,37.2574,-105.9007,1306,345.3,shape,false,true,America/Denver,3,81151,1840022567
Cascade-Chipita Park,Cascade-Chipita Park,Colorado,8041,El Paso,38.9433,-105.0023,1302,37.5,shape,false,true,America/Denver,4,80809 80819 80863 80933,1840073905
Ignacio,Ignacio,Colorado,8067,La Plata,37.118,-107.6376,1257,948.4,shape,false,true,America/Denver,3,81137,1840021558
Ellicott,Ellicott,Colorado,8041,El Paso,38.8256,-104.3829,1247,44.1,shape,false,false,America/Denver,3,80808,1840026689
Blue River,Blue River,Colorado,8117,Summit,39.4362,-106.035,1238,196.4,shape,false,true,America/Denver,3,80424,1840021427
Fraser,Fraser,Colorado,8049,Grand,39.9303,-105.8029,1220,136.3,shape,false,true,America/Denver,3,80482 80442,1840021406
Aetna Estates,Aetna Estates,Colorado,8005,Arapahoe,39.7381,-104.6732,1194,1027.6,shape,false,true,America/Denver,3,80018,1840038588
Dotsero,Dotsero,Colorado,8037,Eagle,39.6463,-107.054,1189,338.6,shape,false,false,America/Denver,3,81637,1840024363
Julesburg,Julesburg,Colorado,8115,Sedgwick,40.9849,-102.2627,1187,303.1,shape,false,true,America/Denver,3,80737,1840021381
Towaoc,Towaoc,Colorado,8083,Montezuma,37.2126,-108.7265,1186,127.7,shape,false,false,America/Denver,3,81334,1840018927
Wiggins,Wiggins,Colorado,8087,Morgan,40.2286,-104.0724,1138,332.2,shape,false,true,America/Denver,3,80654,1840022420
Mancos,Mancos,Colorado,8083,Montezuma,37.3466,-108.2939,1121,678.8,shape,false,true,America/Denver,3,81328,1840022555
Fowler,Fowler,Colorado,8089,Otero,38.1304,-104.0264,1115,770.0,shape,false,true,America/Denver,3,81039,1840021522
Georgetown,Georgetown,Colorado,8019,Clear Creek,39.7179,-105.6942,1104,426.2,shape,false,true,America/Denver,3,80444,1840021433
Ridgway,Ridgway,Colorado,8091,Ouray,38.1573,-107.7545,1093,228.3,shape,false,true,America/Denver,3,81432,1840021512
Cripple Creek,Cripple Creek,Colorado,8119,Teller,38.7467,-105.1851,1093,277.4,shape,false,true,America/Denver,3,80813,1840018823
Hotchkiss,Hotchkiss,Colorado,8029,Delta,38.799,-107.7133,1083,451.4,shape,false,true,America/Denver,3,81419,1840021466
Gilcrest,Gilcrest,Colorado,8123,Weld,40.2841,-104.782,1082,515.2,shape,false,true,America/Denver,3,80651 80623,1840021366
Kittredge,Kittredge,Colorado,8059,Jefferson,39.6593,-105.3045,1021,209.2,shape,false,false,America/Denver,3,80439 80457,1840017541
Pierce,Pierce,Colorado,8123,Weld,40.6411,-104.7701,1018,211.6,shape,false,true,America/Denver,3,80650,1840022399
Lazy Acres,Lazy Acres,Colorado,8013,Boulder,40.0837,-105.3313,1014,74.0,shape,false,false,America/Denver,3,80302,1840028520
Ouray,Ouray,Colorado,8091,Ouray,38.0276,-107.6734,1007,450.7,shape,false,true,America/Denver,3,81427,1840020258
Aspen Park,Aspen Park,Colorado,8059,Jefferson,39.5423,-105.2967,1006,157.6,shape,false,false,America/Denver,3,80433,1840017538
Bow Mar,Bow Mar,Colorado,8005,Arapahoe,39.6251,-105.0511,996,581.0,shape,false,true,America/Denver,3,80123,1840021439
Keystone,Keystone,Colorado,8117,Summit,39.5901,-105.9383,995,9.3,shape,false,false,America/Denver,3,80435,1840017537
Watkins,Watkins,Colorado,8005,Arapahoe,39.6984,-104.5773,991,15.5,shape,false,false,America/Denver,3,80137,1840028451
Minturn,Minturn,Colorado,8037,Eagle,39.5463,-106.3871,978,47.2,shape,false,true,America/Denver,3,81649 81645,1840022433
Howard,Howard,Colorado,8043,Fremont,38.4098,-105.8424,976,22.5,shape,false,false,America/Denver,3,81233,1840024645
Manassa,Manassa,Colorado,8021,Conejos,37.1738,-105.9373,936,388.1,shape,false,true,America/Denver,3,81141,1840022566
Cheyenne Wells,Cheyenne Wells,Colorado,8017,Cheyenne,38.8192,-102.3521,932,336.4,shape,false,true,America/Denver,3,80810,1840022481
Hugo,Hugo,Colorado,8073,Lincoln,39.1362,-103.4731,929,393.4,shape,false,true,America/Denver,3,80821,1840021452
Upper Bear Creek,Upper Bear Creek,Colorado,8019,Clear Creek,39.6319,-105.4154,921,93.9,shape,false,true,America/Denver,4,80439,1840038833
Haxtun,Haxtun,Colorado,8095,Phillips,40.642,-102.6297,917,594.7,shape,false,true,America/Denver,3,80731,1840021393
Hot Sulphur Springs,Hot Sulphur Springs,Colorado,8049,Grand,40.0748,-106.1032,906,454.8,shape,false,true,America/Denver,3,80451,1840021409
Deer Trail,Deer Trail,Colorado,8005,Arapahoe,39.6154,-104.0434,904,277.4,shape,false,true,America/Denver,3,80105,1840021441
Mount Crested Butte,Mount Crested Butte,Colorado,8051,Gunnison,38.9083,-106.9606,869,162.3,shape,false,true,America/Denver,3,81225,1840022469
Poncha Springs,Poncha Springs,Colorado,8015,Chaffee,38.514,-106.0944,867,112.2,shape,false,true,America/Denver,3,81201 81242,1840021474
Paragon Estates,Paragon Estates,Colorado,8013,Boulder,39.9802,-105.1812,857,197.4,shape,false,false,America/Denver,3,80303,1840028442
Floyd Hill,Floyd Hill,Colorado,8019,Clear Creek,39.7217,-105.4313,856,52.5,shape,false,true,America/Denver,4,80439,1840038713
Dolores,Dolores,Colorado,8083,Montezuma,37.4741,-108.4998,852,495.1,shape,false,true,America/Denver,3,81323,1840021557
Dillon,Dillon,Colorado,8117,Summit,39.6213,-106.0393,831,216.0,shape,false,true,America/Denver,3,80435,1840021429
La Veta,La Veta,Colorado,8055,Huerfano,37.5085,-105.0085,830,234.5,shape,false,true,America/Denver,3,81055,1840021536
Williamsburg,Williamsburg,Colorado,8043,Fremont,38.384,-105.171,810,88.5,shape,false,true,America/Denver,3,81226 81212,1840022503
Log Lane Village,Log Lane Village,Colorado,8087,Morgan,40.2697,-103.829,808,1049.5,shape,false,true,America/Denver,3,80705,1840021405
Tabernash,Tabernash,Colorado,8049,Grand,39.9788,-105.8441,791,63.2,shape,false,false,America/Denver,3,80478,1840018759
Salt Creek,Salt Creek,Colorado,8101,Pueblo,38.2407,-104.5867,790,705.4,shape,false,false,America/Denver,3,81006,1840018861
Grand View Estates,Grand View Estates,Colorado,8035,Douglas,39.5439,-104.8206,788,304.9,shape,false,false,America/Denver,3,80134,1840028452
Fairplay,Fairplay,Colorado,8093,Park,39.2245,-105.9965,782,262.7,shape,false,true,America/Denver,3,80440,1840021455
Dove Creek,Dove Creek,Colorado,8033,Dolores,37.7668,-108.9071,775,522.7,shape,false,true,America/Denver,3,81324,1840021540
Holly,Holly,Colorado,8099,Prowers,38.0554,-102.1247,771,407.8,shape,false,true,America/Denver,3,81047,1840021521
Winter Park,Winter Park,Colorado,8049,Grand,39.8785,-105.7828,762,17.4,shape,false,true,America/Denver,3,80482,1840022421
Silver Cliff,Silver Cliff,Colorado,8027,Custer,38.1204,-105.4104,735,18.4,shape,false,true,America/Denver,3,81252,1840022524
Stratton,Stratton,Colorado,8063,Kit Carson,39.3029,-102.6034,722,542.3,shape,false,true,America/Denver,3,80836,1840022452
Fleming,Fleming,Colorado,8075,Logan,40.6821,-102.8396,707,557.9,shape,false,true,America/Denver,3,80728,1840021379
Sugar City,Sugar City,Colorado,8025,Crowley,38.2328,-103.6633,705,314.1,shape,false,true,America/Denver,3,81076,1840022512
Walden,Walden,Colorado,8057,Jackson,40.7316,-106.2814,704,442.3,shape,false,true,America/Denver,3,80480,1840022404
Swink,Swink,Colorado,8089,Otero,38.0141,-103.6283,689,653.7,shape,false,true,America/Denver,3,81077,1840022528
Rockvale,Rockvale,Colorado,8043,Fremont,38.3644,-105.1646,683,128.4,shape,false,true,America/Denver,3,81244,1840021494
Mountain View,Mountain View,Colorado,8059,Jefferson,39.7748,-105.0567,682,2451.3,shape,false,true,America/Denver,2,80212,1840022438
Oak Creek,Oak Creek,Colorado,8107,Routt,40.2741,-106.9575,681,493.9,shape,false,true,America/Denver,3,80467,1840022402
Loghill Village,Loghill Village,Colorado,8091,Ouray,38.1994,-107.7754,673,41.8,shape,false,false,America/Denver,3,81432,1840028564
Foxfield,Foxfield,Colorado,8005,Arapahoe,39.5881,-104.7857,673,196.4,shape,false,true,America/Denver,3,80016,1840021442
La Jara,La Jara,Colorado,8021,Conejos,37.2735,-105.9597,669,633.4,shape,false,true,America/Denver,3,81140,1840021578
Blende,Blende,Colorado,8101,Pueblo,38.247,-104.5714,663,305.2,shape,false,false,America/Denver,3,81006,1840024677
Central City,Central City,Colorado,8047,Gilpin,39.7945,-105.512,655,117.4,shape,false,true,America/Denver,3,80452 80427,1840018786
Collbran,Collbran,Colorado,8077,Mesa,39.24,-107.9635,647,447.5,shape,false,true,America/Denver,3,81624,1840022466
Eads,Eads,Colorado,8061,Kiowa,38.4814,-102.7797,646,504.6,shape,false,true,America/Denver,3,81036,1840021495
Beulah Valley,Beulah Valley,Colorado,8101,Pueblo,38.0709,-104.983,643,96.5,shape,false,false,America/Denver,3,81023,1840028562
Nucla,Nucla,Colorado,8085,Montrose,38.2668,-108.5487,634,352.9,shape,false,true,America/Denver,3,81424,1840022505
Antonito,Antonito,Colorado,8021,Conejos,37.0762,-106.0104,634,573.9,shape,false,true,America/Denver,3,81120,1840021576
Allenspark,Allenspark,Colorado,8013,Boulder,40.2099,-105.5112,622,20.1,shape,false,false,America/Denver,3,80540 80510,1840017526
Silverton,Silverton,Colorado,8111,San Juan,37.8107,-107.6649,613,283.5,shape,false,true,America/Denver,3,81433,1840022540
Upper Witter Gulch,Upper Witter Gulch,Colorado,8019,Clear Creek,39.661,-105.4268,611,259.1,shape,false,false,America/Denver,3,80439,1840148423
Kiowa,Kiowa,Colorado,8039,Elbert,39.3436,-104.458,609,272.9,shape,false,true,America/Denver,3,80117,1840021450
San Luis,San Luis,Colorado,8023,Costilla,37.2025,-105.4225,603,410.7,shape,false,true,America/Denver,3,81152,1840022549
Simla,Simla,Colorado,8039,Elbert,39.1408,-104.0824,588,368.4,shape,false,true,America/Denver,3,80835,1840022457
Fort Garland,Fort Garland,Colorado,8023,Costilla,37.4279,-105.4351,582,408.8,shape,false,false,America/Denver,3,81133,1840017626
Flagler,Flagler,Colorado,8063,Kit Carson,39.2948,-103.0758,581,163.8,shape,false,true,America/Denver,3,80815,1840021447
Downieville-Lawson-Dumont,Downieville-Lawson-Dumont,Colorado,8019,Clear Creek,39.7662,-105.6125,558,277.0,shape,false,true,America/Denver,3,80436,1840074359
Norwood,Norwood,Colorado,8113,San Miguel,38.129,-108.2919,558,537.0,shape,false,true,America/Denver,3,81423,1840022533
Otis,Otis,Colorado,8121,Washington,40.1501,-102.9622,556,519.5,shape,false,true,America/Denver,3,80743,1840022422
Walsh,Walsh,Colorado,8009,Baca,37.386,-102.2801,552,476.5,shape,false,true,America/Denver,3,81090,1840022554
Mulford,Mulford,Colorado,8045,Garfield,39.4063,-107.1661,539,311.4,shape,false,false,America/Denver,3,81623,1840028592
Cattle Creek,Cattle Creek,Colorado,8045,Garfield,39.4667,-107.2599,538,160.4,shape,false,false,America/Denver,3,81601,1840024360
Saguache,Saguache,Colorado,8109,Saguache,38.0865,-106.141,535,523.9,shape,false,true,America/Denver,3,81149,1840021510
Brook Forest,Brook Forest,Colorado,8059,Jefferson,39.5739,-105.3944,535,148.7,shape,false,false,America/Denver,3,80439,1840043851
Altona,Altona,Colorado,8013,Boulder,40.1254,-105.2924,531,121.6,shape,false,false,America/Denver,3,80302,1840028433
Comanche Creek,Comanche Creek,Colorado,8005,Arapahoe,39.615,-104.3268,530,9.4,shape,false,true,America/Denver,4,80136,1840038650
Pine Valley,Pine Valley,Colorado,8019,Clear Creek,39.691,-105.4132,526,246.6,shape,false,false,America/Denver,3,80439,1840143136
Pine Brook Hill,Pine Brook Hill,Colorado,8013,Boulder,40.0462,-105.3097,521,66.5,shape,false,false,America/Denver,3,80304 80306 80502,1840028521
Green Mountain Falls,Green Mountain Falls,Colorado,8041,El Paso,38.9344,-105.0238,518,181.9,shape,false,true,America/Denver,3,80819,1840021470
Sugarloaf,Sugarloaf,Colorado,8013,Boulder,40.0189,-105.4078,501,88.8,shape,false,false,America/Denver,3,80302,1840024349
Dinosaur,Dinosaur,Colorado,8081,Moffat,40.2399,-109.0066,495,205.5,shape,false,true,America/Denver,3,81610,1840021376
Manzanola,Manzanola,Colorado,8089,Otero,38.1088,-103.8668,491,129.2,shape,false,true,America/Denver,3,81058,1840022526
Granada,Granada,Colorado,8099,Prowers,38.063,-102.3115,482,271.6,shape,false,true,America/Denver,3,81041,1840021519
Naturita,Naturita,Colorado,8085,Montrose,38.2183,-108.5665,479,300.5,shape,false,true,America/Denver,3,81422,1840022504
Olney Springs,Olney Springs,Colorado,8025,Crowley,38.1663,-103.9445,477,295.0,shape,false,true,America/Denver,3,81062,1840022510
De Beque,De Beque,Colorado,8077,Mesa,39.3105,-108.2049,470,65.3,shape,false,true,America/Denver,3,81630,1840021461
Lake City,Lake City,Colorado,8053,Hinsdale,38.0303,-107.3106,465,216.9,shape,false,true,America/Denver,3,81235,1840021528
North La Junta,North La Junta,Colorado,8089,Otero,37.9986,-103.5227,461,130.9,shape,false,false,America/Denver,3,81050,1840024706
Crawford,Crawford,Colorado,8029,Delta,38.7051,-107.6097,459,465.4,shape,false,true,America/Denver,3,81415,1840021465
South Fork,South Fork,Colorado,8105,Rio Grande,37.6691,-106.6417,458,70.8,shape,false,true,America/Denver,3,81154,1840022544
Aguilar,Aguilar,Colorado,8071,Las Animas,37.4036,-104.655,456,448.8,shape,false,true,America/Denver,3,81020,1840021546
St. Ann Highlands,St. Ann Highlands,Colorado,8013,Boulder,39.9873,-105.4559,452,125.5,shape,false,false,America/Denver,3,80466,1840028527
Empire,Empire,Colorado,8019,Clear Creek,39.7595,-105.6825,447,263.2,shape,false,true,America/Denver,3,80438,1840021432
Westcliffe,Westcliffe,Colorado,8027,Custer,38.1339,-105.4654,443,138.5,shape,false,true,America/Denver,3,81252,1840022525
Chacra,Chacra,Colorado,8045,Garfield,39.577,-107.451,428,174.7,shape,false,false,America/Denver,3,81601 81647,1840024361
Red Feather Lakes,Red Feather Lakes,Colorado,8069,Larimer,40.8071,-105.5864,428,18.1,shape,false,false,America/Denver,3,80545,1840018743
Nunn,Nunn,Colorado,8123,Weld,40.7137,-104.7889,425,41.2,shape,false,true,America/Denver,3,80648,1840022398
Yampa,Yampa,Colorado,8107,Routt,40.153,-106.9085,424,459.8,shape,false,true,America/Denver,3,80483,1840022403
Wiley,Wiley,Colorado,8099,Prowers,38.1553,-102.7193,412,333.2,shape,false,true,America/Denver,3,81092,1840022523
Tall Timber,Tall Timber,Colorado,8013,Boulder,40.0151,-105.3498,410,275.8,shape,false,false,America/Denver,3,80302,1840028522
Vineland,Vineland,Colorado,8101,Pueblo,38.2447,-104.4599,404,275.4,shape,false,false,America/Denver,3,81006,1840024678
Alma,Alma,Colorado,8093,Park,39.286,-106.0672,396,352.1,shape,false,true,America/Denver,3,80420,1840021454
Morrison,Morrison,Colorado,8059,Jefferson,39.6368,-105.2006,393,92.2,shape,false,true,America/Denver,3,80465,1840022437
Calhan,Calhan,Colorado,8041,El Paso,39.0345,-104.2994,386,178.9,shape,false,true,America/Denver,3,80808,1840022476
Arboles,Arboles,Colorado,8007,Archuleta,37.0201,-107.4221,383,28.7,shape,false,false,America/Denver,3,81137 81121,1840017646
Rico,Rico,Colorado,8033,Dolores,37.6891,-108.0316,382,217.5,shape,false,true,America/Denver,3,81332,1840021541
Eldora,Eldora,Colorado,8013,Boulder,39.9536,-105.578,381,35.4,shape,false,false,America/Denver,3,80466,1840017527
Coaldale,Coaldale,Colorado,8043,Fremont,38.3558,-105.8131,379,4.7,shape,false,false,America/Denver,3,81222,1840024643
Avondale,Avondale,Colorado,8101,Pueblo,38.2351,-104.3482,379,233.0,shape,false,false,America/Denver,3,81022,1840017588
Romeo,Romeo,Colorado,8021,Conejos,37.1718,-105.9854,365,368.4,shape,false,true,America/Denver,3,81148,1840021577
Echo Hills,Echo Hills,Colorado,8019,Clear Creek,39.6748,-105.4134,362,245.9,shape,false,false,America/Denver,3,80439,1840149497
Franktown,Franktown,Colorado,8035,Douglas,39.3906,-104.7486,351,46.0,shape,false,false,America/Denver,3,80116,1840017552
Redvale,Redvale,Colorado,8085,Montrose,38.1761,-108.4125,349,28.8,shape,false,false,America/Denver,3,81431,1840026737
Placerville,Placerville,Colorado,8113,San Miguel,38.0054,-108.04,347,173.5,shape,false,false,America/Denver,3,81430,1840028541
Phippsburg,Phippsburg,Colorado,8107,Routt,40.2302,-106.9508,345,112.3,shape,false,false,America/Denver,3,80469,1840024240
Eckley,Eckley,Colorado,8125,Yuma,40.1124,-102.4883,338,276.0,shape,false,true,America/Denver,3,80727,1840021414
Iliff,Iliff,Colorado,8075,Logan,40.7592,-103.0661,333,198.9,shape,false,true,America/Denver,3,80736,1840021380
Idledale,Idledale,Colorado,8059,Jefferson,39.6688,-105.2432,329,181.2,shape,false,false,America/Denver,3,80453,1840024368
Gerrard,Gerrard,Colorado,8105,Rio Grande,37.6783,-106.5753,325,104.7,shape,false,false,America/Denver,3,81154,1840024758
Blanca,Blanca,Colorado,8023,Costilla,37.4393,-105.5135,321,67.6,shape,false,true,America/Denver,3,81123,1840021555
Johnson Village,Johnson Village,Colorado,8015,Chaffee,38.812,-106.1071,314,213.9,shape,false,false,America/Denver,3,81211,1840024587
Victor,Victor,Colorado,8119,Teller,38.7088,-105.1419,310,205.5,shape,false,true,America/Denver,3,80860,1840021467
Capulin,Capulin,Colorado,8021,Conejos,37.2819,-106.105,301,122.7,shape,false,false,America/Denver,3,81124,1840024788
Ovid,Ovid,Colorado,8115,Sedgwick,40.9609,-102.3883,297,385.8,shape,false,true,America/Denver,3,80744,1840022407
Red Cliff,Red Cliff,Colorado,8037,Eagle,39.5092,-106.3699,292,384.7,shape,false,true,America/Denver,3,81649,1840021425
Brookside,Brookside,Colorado,8043,Fremont,38.4135,-105.1909,290,236.3,shape,false,true,America/Denver,3,81212,1840021493
Boone,Boone,Colorado,8101,Pueblo,38.2495,-104.2583,289,138.8,shape,false,true,America/Denver,3,81025,1840021500
Morgan Heights,Morgan Heights,Colorado,8087,Morgan,40.2875,-103.8275,289,240.7,shape,false,true,America/Denver,3,80701,1840038739
Jamestown,Jamestown,Colorado,8013,Boulder,40.118,-105.3914,287,193.0,shape,false,true,America/Denver,3,80455,1840021416
Copper Mountain,Copper Mountain,Colorado,8117,Summit,39.4769,-106.2011,285,3.4,shape,false,false,America/Denver,3,80443,1840028519
Eldorado Springs,Eldorado Springs,Colorado,8013,Boulder,39.9366,-105.2626,284,42.4,shape,false,false,America/Denver,3,80025 80303,1840017528
Westcreek,Westcreek,Colorado,8035,Douglas,39.1499,-105.1626,281,89.2,shape,false,false,America/Denver,3,80135,1840018808
Grand Lake,Grand Lake,Colorado,8049,Grand,40.2502,-105.8232,281,105.2,shape,false,true,America/Denver,3,80447,1840021408
City of Creede,City of Creede,Colorado,8079,Mineral,37.8486,-106.9253,280,114.1,shape,false,true,America/Denver,4,81130,1840074894
Merino,Merino,Colorado,8075,Logan,40.4835,-103.3535,269,426.9,shape,false,true,America/Denver,3,80741,1840022405
No Name,No Name,Colorado,8045,Garfield,39.5597,-107.293,269,241.6,shape,false,false,America/Denver,3,81601,1840028585
Catherine,Catherine,Colorado,8045,Garfield,39.4017,-107.133,268,120.5,shape,false,false,America/Denver,3,81623,1840024359
Louviers,Louviers,Colorado,8035,Douglas,39.4799,-105.0033,266,65.0,shape,false,false,America/Denver,3,80125 80131,1840017551
Crisman,Crisman,Colorado,8013,Boulder,40.0416,-105.3675,264,69.9,shape,false,false,America/Denver,3,80302,1840028436
Midland,Midland,Colorado,8119,Teller,38.8468,-105.1579,255,57.2,shape,false,false,America/Denver,3,80814,1840024553
Gold Hill,Gold Hill,Colorado,8013,Boulder,40.0597,-105.4189,249,46.3,shape,false,false,America/Denver,3,80455 80302,1840017529
Woody Creek,Woody Creek,Colorado,8097,Pitkin,39.2708,-106.8883,237,149.4,shape,false,false,America/Denver,3,81656 81611,1840024486
Arriba,Arriba,Colorado,8073,Lincoln,39.2843,-103.274,235,181.9,shape,false,true,America/Denver,3,80804,1840020223
Jansen,Jansen,Colorado,8071,Las Animas,37.1581,-104.5501,235,77.4,shape,false,false,America/Denver,3,81082,1840024761
North Washington,North Washington,Colorado,8001,Adams,39.8084,-104.9792,232,17.2,shape,false,false,America/Denver,3,80216 80221 80229,1840028566
Peetz,Peetz,Colorado,8075,Logan,40.9617,-103.1139,231,339.3,shape,false,true,America/Denver,3,80747,1840022406
Hillrose,Hillrose,Colorado,8087,Morgan,40.3245,-103.5224,229,249.7,shape,false,true,America/Denver,3,80733,1840021404
St. Mary's,St. Mary's,Colorado,8019,Clear Creek,39.8163,-105.6479,228,61.2,shape,false,true,America/Denver,4,80452,1840028569
Kit Carson,Kit Carson,Colorado,8017,Cheyenne,38.7628,-102.7954,228,150.7,shape,false,true,America/Denver,3,80825,1840021482
El Moro,El Moro,Colorado,8071,Las Animas,37.2349,-104.4491,220,7.7,shape,false,false,America/Denver,3,81082,1840024759
Alpine,Alpine,Colorado,8105,Rio Grande,37.6877,-106.586,219,80.5,shape,false,false,America/Denver,3,81154,1840024757
Bethune,Bethune,Colorado,8063,Kit Carson,39.3038,-102.4234,217,266.1,shape,false,true,America/Denver,3,80805,1840020221
Sunshine,Sunshine,Colorado,8013,Boulder,40.0636,-105.3695,212,47.3,shape,false,false,America/Denver,3,80302,1840028435
Silver Plume,Silver Plume,Colorado,8019,Clear Creek,39.6957,-105.7264,203,146.2,shape,false,true,America/Denver,3,80476,1840022439
Elbert,Elbert,Colorado,8039,Elbert,39.2189,-104.5404,203,165.4,shape,false,false,America/Denver,3,80106,1840026646
Rye,Rye,Colorado,8101,Pueblo,37.9212,-104.9322,202,221.8,shape,false,true,America/Denver,3,81069,1840021501
Redstone,Redstone,Colorado,8097,Pitkin,39.1839,-107.2407,202,178.1,shape,false,false,America/Denver,3,81623,1840024485
Cheraw,Cheraw,Colorado,8089,Otero,38.1076,-103.511,197,341.1,shape,false,true,America/Denver,3,81030 81050,1840022527
Crowley,Crowley,Colorado,8025,Crowley,38.1935,-103.8597,195,128.1,shape,false,true,America/Denver,3,81033,1840021502
Marble,Marble,Colorado,8051,Gunnison,39.0716,-107.1909,191,82.1,shape,false,true,America/Denver,3,81623,1840022468
Rollinsville,Rollinsville,Colorado,8047,Gilpin,39.9232,-105.5136,189,51.7,shape,false,false,America/Denver,3,80474,1840024362
Starkville,Starkville,Colorado,8071,Las Animas,37.1169,-104.5231,182,70.6,shape,false,true,America/Denver,3,81082,1840022546
Larkspur,Larkspur,Colorado,8035,Douglas,39.2319,-104.8924,182,44.2,shape,false,true,America/Denver,3,80118,1840021448
Ophir,Ophir,Colorado,8113,San Miguel,37.8568,-107.8312,180,155.4,shape,false,true,America/Denver,3,81426,1840022534
Mountain Meadows,Mountain Meadows,Colorado,8013,Boulder,40.027,-105.3832,179,40.1,shape,false,false,America/Denver,3,80302,1840028526
Hooper,Hooper,Colorado,8003,Alamosa,37.746,-105.8777,178,130.5,shape,false,true,America/Denver,3,81136,1840021548
Florissant,Florissant,Colorado,8119,Teller,38.9445,-105.29,173,129.5,shape,false,false,America/Denver,3,80816,1840024551
Segundo,Segundo,Colorado,8071,Las Animas,37.1225,-104.7395,172,95.7,shape,false,false,America/Denver,3,81082,1840024763
Blue Valley,Blue Valley,Colorado,8019,Clear Creek,39.6996,-105.4921,171,62.8,shape,false,false,America/Denver,3,80452,1840043842
Maysville,Maysville,Colorado,8015,Chaffee,38.5305,-106.2156,168,5.2,shape,false,false,America/Denver,3,81201,1840024588
Goldfield,Goldfield,Colorado,8119,Teller,38.7176,-105.1253,166,33.5,shape,false,false,America/Denver,3,80860,1840024552
Garden City,Garden City,Colorado,8123,Weld,40.3948,-104.6893,165,622.1,shape,false,true,America/Denver,3,80631,1840021365
Grover,Grover,Colorado,8123,Weld,40.8691,-104.2259,165,107.0,shape,false,true,America/Denver,3,80729,1840021367
Jackson Lake,Jackson Lake,Colorado,8087,Morgan,40.3758,-104.0712,165,20.8,shape,false,true,America/Denver,4,80653,1840038727
Sedgwick,Sedgwick,Colorado,8115,Sedgwick,40.9355,-102.5256,160,158.8,shape,false,true,America/Denver,3,80749,1840022408
Lewis,Lewis,Colorado,8083,Montezuma,37.5017,-108.66,149,18.5,shape,false,false,America/Denver,3,81327,1840024769
Vona,Vona,Colorado,8063,Kit Carson,39.3021,-102.7434,148,132.0,shape,false,true,America/Denver,3,80861,1840022453
Cokedale,Cokedale,Colorado,8071,Las Animas,37.1444,-104.6216,148,187.4,shape,false,true,America/Denver,3,81082,1840022545
Nathrop,Nathrop,Colorado,8015,Chaffee,38.7486,-106.0764,148,79.0,shape,false,false,America/Denver,3,81236,1840148648
Atwood,Atwood,Colorado,8075,Logan,40.5505,-103.2746,144,53.8,shape,false,false,America/Denver,3,80722,1840017496
Lazear,Lazear,Colorado,8029,Delta,38.7788,-107.7805,142,34.2,shape,false,false,America/Denver,3,81419 81420,1840028456
Rock Creek Park,Rock Creek Park,Colorado,8041,El Paso,38.7011,-104.8347,141,70.6,shape,false,false,America/Denver,3,80926,1840028489
Seibert,Seibert,Colorado,8063,Kit Carson,39.298,-102.8695,140,203.4,shape,false,true,America/Denver,3,80834,1840022451
Divide,Divide,Colorado,8119,Teller,38.9449,-105.1619,140,174.7,shape,false,false,America/Denver,3,80814,1840024550
Pritchett,Pritchett,Colorado,8009,Baca,37.3701,-102.8588,136,142.7,shape,false,true,America/Denver,3,81064,1840021556
Southern Ute,Southern Ute,Colorado,8067,La Plata,37.0749,-107.5933,136,3.3,shape,false,true,America/Denver,4,81137,1840038805
East Pleasant View,East Pleasant View,Colorado,8059,Jefferson,39.7278,-105.1572,134,837.3,shape,false,true,America/Denver,3,80401,1840073909
Seven Hills,Seven Hills,Colorado,8013,Boulder,40.0361,-105.3323,133,105.0,shape,false,false,America/Denver,3,80302,1840028523
Bonanza Mountain Estates,Bonanza Mountain Estates,Colorado,8013,Boulder,39.9768,-105.4798,133,178.2,shape,false,false,America/Denver,3,80466,1840028528
La Junta Gardens,La Junta Gardens,Colorado,8089,Otero,38.0014,-103.5549,132,95.6,shape,false,false,America/Denver,3,81050,1840024705
Black Hawk,Black Hawk,Colorado,8047,Gilpin,39.8043,-105.495,129,16.9,shape,false,true,America/Denver,3,80427 80422,1840018787
Bark Ranch,Bark Ranch,Colorado,8013,Boulder,40.1156,-105.4417,129,57.8,shape,false,false,America/Denver,3,80481,1840028524
Genoa,Genoa,Colorado,8073,Lincoln,39.2782,-103.4984,126,113.8,shape,false,true,America/Denver,3,80818,1840021451
Briggsdale,Briggsdale,Colorado,8123,Weld,40.6359,-104.3284,124,73.7,shape,false,false,America/Denver,3,80611,1840027347
Pitkin,Pitkin,Colorado,8051,Gunnison,38.6089,-106.5144,122,55.1,shape,false,true,America/Denver,3,81241,1840022470
Weldona,Weldona,Colorado,8087,Morgan,40.3484,-103.9693,122,186.1,shape,false,false,America/Denver,3,80653,1840024303
Joes,Joes,Colorado,8125,Yuma,39.6559,-102.6786,121,22.4,shape,false,false,America/Denver,3,80822,1840024319
Montezuma,Montezuma,Colorado,8117,Summit,39.5814,-105.8678,118,88.0,shape,false,true,America/Denver,3,80435,1840022435
Portland,Portland,Colorado,8091,Ouray,38.0892,-107.6952,118,14.2,shape,false,false,America/Denver,3,81432,1840024696
Hoehne,Hoehne,Colorado,8071,Las Animas,37.2815,-104.389,114,14.2,shape,false,false,America/Denver,3,81046 81082,1840024760
Vilas,Vilas,Colorado,8009,Baca,37.3737,-102.4474,111,96.2,shape,false,true,America/Denver,3,81087,1840022553
Snyder,Snyder,Colorado,8087,Morgan,40.3309,-103.592,106,184.9,shape,false,false,America/Denver,3,80750,1840024302
Smeltertown,Smeltertown,Colorado,8015,Chaffee,38.5524,-106.0085,104,101.1,shape,false,false,America/Denver,3,81201,1840028464
Campo,Campo,Colorado,8009,Baca,37.1047,-102.5786,103,141.0,shape,false,true,America/Denver,3,81029,1840022550
Blue Sky,Blue Sky,Colorado,8087,Morgan,40.3002,-103.8056,98,65.8,shape,false,true,America/Denver,4,80701,1840038615
Stonewall Gap,Stonewall Gap,Colorado,8071,Las Animas,37.1605,-105.0342,95,19.1,shape,false,false,America/Denver,3,81091,1840028481
Raymer,Raymer,Colorado,8123,Weld,40.608,-103.8434,94,46.3,shape,false,true,America/Denver,3,80742,1840021361
McClave,McClave,Colorado,8011,Bent,38.1315,-102.8504,93,18.8,shape,false,false,America/Denver,3,81057,1840028502
Hasty,Hasty,Colorado,8011,Bent,38.0999,-102.9639,92,12.9,shape,false,false,America/Denver,3,81044,1840024704
Marvel,Marvel,Colorado,8067,La Plata,37.1112,-108.1262,92,59.9,shape,false,false,America/Denver,3,81326 81329,1840028529
Colona,Colona,Colorado,8091,Ouray,38.3276,-107.7793,89,43.3,shape,false,false,America/Denver,3,81403,1840024695
Brick Center,Brick Center,Colorado,8005,Arapahoe,39.6002,-104.4579,88,5.9,shape,false,true,America/Denver,5,80102,1840038625
Ramah,Ramah,Colorado,8041,El Paso,39.1222,-104.1673,87,129.4,shape,false,true,America/Denver,3,80832,1840021469
Orchard,Orchard,Colorado,8087,Morgan,40.3321,-104.1178,86,94.3,shape,false,false,America/Denver,3,80649,1840024301
Trail Side,Trail Side,Colorado,8087,Morgan,40.249,-103.8432,83,44.7,shape,false,true,America/Denver,4,80701,1840038822
Valmont,Valmont,Colorado,8013,Boulder,40.0341,-105.2058,81,31.0,shape,false,false,America/Denver,3,80301,1840024350
Crook,Crook,Colorado,8075,Logan,40.859,-102.8013,80,58.7,shape,false,true,America/Denver,3,80726,1840021378
Idalia,Idalia,Colorado,8125,Yuma,39.7029,-102.2938,77,133.5,shape,false,false,America/Denver,3,80735,1840024318
Amherst,Amherst,Colorado,8095,Phillips,40.6831,-102.1725,77,65.5,shape,false,false,America/Denver,3,80721,1840024283
Kirk,Kirk,Colorado,8125,Yuma,39.6127,-102.592,75,7.1,shape,false,false,America/Denver,3,80824,1840024320
Peoria,Peoria,Colorado,8005,Arapahoe,39.6649,-104.1456,74,2.1,shape,false,false,America/Denver,3,80103,1840024383
Heeney,Heeney,Colorado,8117,Summit,39.8712,-106.3002,66,48.5,shape,false,false,America/Denver,3,80498,1840024367
Paoli,Paoli,Colorado,8095,Phillips,40.6128,-102.4718,63,48.5,shape,false,true,America/Denver,3,80731 80746,1840022413
Somerset,Somerset,Colorado,8051,Gunnison,38.9268,-107.4725,61,52.7,shape,false,false,America/Denver,3,81434,1840028455
Haswell,Haswell,Colorado,8061,Kiowa,38.4525,-103.1649,61,29.3,shape,false,true,America/Denver,3,81045,1840021496
Branson,Branson,Colorado,8071,Las Animas,37.0155,-103.8838,60,15.9,shape,false,true,America/Denver,3,81027 81081,1840021544
Gardner,Gardner,Colorado,8055,Huerfano,37.7889,-105.1644,57,8.9,shape,false,false,America/Denver,3,81040,1840028478
San Acacio,San Acacio,Colorado,8023,Costilla,37.2086,-105.5667,57,17.5,shape,false,false,America/Denver,3,81151,1840024768
Sheridan Lake,Sheridan Lake,Colorado,8061,Kiowa,38.4667,-102.2943,56,50.7,shape,false,true,America/Denver,3,81071,1840022507
Moffat,Moffat,Colorado,8109,Saguache,38.0027,-105.9065,54,12.5,shape,false,true,America/Denver,3,81143,1840022516
Parshall,Parshall,Colorado,8049,Grand,40.0554,-106.1757,53,60.1,shape,false,false,America/Denver,3,80468,1840024305
Saddle Ridge,Saddle Ridge,Colorado,8087,Morgan,40.3134,-103.8023,53,65.6,shape,false,true,America/Denver,4,80701,1840038781
Kim,Kim,Colorado,8071,Las Animas,37.247,-103.3534,51,93.9,shape,false,true,America/Denver,3,81049,1840021547
Hartman,Hartman,Colorado,8099,Prowers,38.1212,-102.2217,51,73.4,shape,false,true,America/Denver,3,81043 81047,1840021520
Ward,Ward,Colorado,8013,Boulder,40.0722,-105.5139,47,33.9,shape,false,true,America/Denver,3,80466 80481,1840022426
Cope,Cope,Colorado,8121,Washington,39.6692,-102.8501,46,9.9,shape,false,false,America/Denver,3,80812,1840027398
Piedra,Piedra,Colorado,8053,Hinsdale,37.4418,-107.1684,40,1.3,shape,false,true,America/Denver,5,81147,1840038747
Sedalia,Sedalia,Colorado,8035,Douglas,39.4396,-104.9699,38,10.8,shape,false,false,America/Denver,3,80135,1840018807
Padroni,Padroni,Colorado,8075,Logan,40.7818,-103.1733,33,15.7,shape,false,false,America/Denver,3,80745,1840018742
Crestone,Crestone,Colorado,8109,Saguache,37.9945,-105.6962,33,128.4,shape,false,true,America/Denver,3,81131,1840021509
Weston,Weston,Colorado,8071,Las Animas,37.146,-104.8683,31,3.9,shape,false,false,America/Denver,3,81091,1840024765
Hidden Lake,Hidden Lake,Colorado,8013,Boulder,40.1055,-105.4777,29,18.3,shape,false,false,America/Denver,3,80481,1840028525
Guffey,Guffey,Colorado,8093,Park,38.7591,-105.5024,29,1.3,shape,false,false,America/Denver,3,80820,1840026647
Matheson,Matheson,Colorado,8039,Elbert,39.1683,-103.977,28,6.3,shape,false,false,America/Denver,3,80830,1840027459
Brandon,Brandon,Colorado,8061,Kiowa,38.4464,-102.4412,27,18.5,shape,false,false,America/Denver,3,81071,1840024659
Maybell,Maybell,Colorado,8081,Moffat,40.5188,-108.0885,21,15.5,shape,false,false,America/Denver,3,81625 81640,1840024241
Arapahoe,Arapahoe,Colorado,8017,Cheyenne,38.853,-102.1789,21,100.2,shape,false,false,America/Denver,3,80802,1840028516
Two Buttes,Two Buttes,Colorado,8009,Baca,37.5606,-102.3965,19,33.6,shape,false,true,America/Denver,3,81084,1840022552
Cotopaxi,Cotopaxi,Colorado,8043,Fremont,38.3738,-105.6912,18,26.3,shape,false,false,America/Denver,3,81223,1840024644
Cathedral,Cathedral,Colorado,8053,Hinsdale,38.0836,-107.0306,16,0.0,shape,false,false,America/Denver,3,81235,1840024707
Valdez,Valdez,Colorado,8071,Las Animas,37.1239,-104.6793,12,2.9,shape,false,false,America/Denver,3,81082,1840024764
Bonanza,Bonanza,Colorado,8109,Saguache,38.2966,-106.1419,11,9.7,shape,false,true,America/Denver,3,81155,1840021508
Sawpit,Sawpit,Colorado,8113,San Miguel,37.9947,-108.0021,11,43.5,shape,false,true,America/Denver,3,81430,1840022535
Lynn,Lynn,Colorado,8071,Las Animas,37.4219,-104.6431,10,5.4,shape,false,false,America/Denver,3,81020,1840024762
Towner,Towner,Colorado,8061,Kiowa,38.4705,-102.0804,10,29.4,shape,false,false,America/Denver,3,81071,1840024660
Lakeside,Lakeside,Colorado,8059,Jefferson,39.7802,-105.0579,7,1074.4,shape,false,true,America/Denver,3,80212,1840028558
Laird,Laird,Colorado,8125,Yuma,40.0819,-102.102,5,38.1,shape,false,false,America/Denver,3,80758,1840024321
Norrie,Norrie,Colorado,8097,Pitkin,39.328,-106.6562,0,6.4,shape,false,false,America/Denver,3,81642,1840024484
Hartsel,Hartsel,Colorado,8093,Park,39.0219,-105.7976,0,17.7,shape,false,false,America/Denver,3,80440 80449,1840027465
Vernon,Vernon,Colorado,8125,Yuma,39.9399,-102.3073,0,5.8,shape,false,false,America/Denver,3,80755,1840024322
Peyton,Peyton,Colorado,8041,El Paso,39.033,-104.4904,0,140.3,shape,false,false,America/Denver,3,80831,1840024554
McCoy,McCoy,Colorado,8037,Eagle,39.9144,-106.7257,0,23.0,shape,false,false,America/Denver,3,80463,1840024365
Leyner,Leyner,Colorado,8013,Boulder,40.0511,-105.1074,0,30.6,shape,false,false,America/Denver,3,80026,1840028437
Conejos,Conejos,Colorado,8021,Conejos,37.0872,-106.016,0,16.1,shape,false,false,America/Denver,3,81120 81129,1840026862
Garfield,Garfield,Colorado,8015,Chaffee,38.5493,-106.2893,0,0.0,shape,false,false,America/Denver,3,81227,1840024586
Fulford,Fulford,Colorado,8037,Eagle,39.5166,-106.6576,0,3.8,shape,false,false,America/Denver,3,81631,1840024364
Wolcott,Wolcott,Colorado,8037,Eagle,39.7035,-106.6799,0,11.7,shape,false,false,America/Denver,3,81655,1840024366
