Boise,Boise,Idaho,16001,Ada,43.6005,-116.2308,449776,1072.4,shape,false,true,America/Boise,2,83703 83702 83706 83705 83704 83709 83712 83716 83713 83725 83720 83701 83708 83715 83717 83722 83724 83728 83729 83735 83756 83799,1840027142
Nampa,Nampa,Idaho,16027,Canyon,43.5844,-116.5638,193935,1139.2,shape,false,true,America/Boise,2,83651 83687 83686,1840020041
Coeur d'Alene,Coeur d'Alene,Idaho,16055,Kootenai,47.704,-116.7936,134503,1309.1,shape,false,true,America/Los_Angeles,2,83815 83814 83816,1840018402
Meridian,Meridian,Idaho,16001,Ada,43.6116,-116.3977,119872,1271.9,shape,false,true,America/Boise,2,83646 83642 83680,1840020046
Idaho Falls,Idaho Falls,Idaho,16019,Bonneville,43.4871,-112.0362,108544,971.5,shape,false,true,America/Boise,2,83401 83402 83404 83415,1840018644
Pocatello,Pocatello,Idaho,16005,Bannock,42.8724,-112.4647,74284,654.8,shape,false,true,America/Boise,3,83209 83204 83201 83205 83206,1840013376
Caldwell,Caldwell,Idaho,16027,Canyon,43.6453,-116.6594,61212,1005.1,shape,false,true,America/Boise,3,83607 83605,1840018641
Twin Falls,Twin Falls,Idaho,16083,Twin Falls,42.5645,-114.4613,52315,1030.9,shape,false,true,America/Boise,3,83301 83303,1840021301
Post Falls,Post Falls,Idaho,16055,Kootenai,47.7213,-116.9384,40002,955.0,shape,false,true,America/Los_Angeles,3,83854 83877,1840019811
Rexburg,Rexburg,Idaho,16065,Madison,43.8226,-111.7919,38803,1481.6,shape,false,true,America/Boise,3,83460 83440,1840020037
Lewiston,Lewiston,Idaho,16069,Nez Perce,46.3934,-116.9933,34270,763.8,shape,false,true,America/Los_Angeles,3,83501,1840019897
Eagle,Eagle,Idaho,16001,Ada,43.7223,-116.3866,30635,375.8,shape,false,true,America/Boise,3,83616,1840018642
Moscow,Moscow,Idaho,16057,Latah,46.7308,-116.9986,25616,1431.5,shape,false,true,America/Los_Angeles,3,83843 83844,1840019868
Kuna,Kuna,Idaho,16001,Ada,43.488,-116.3933,24845,378.6,shape,false,true,America/Boise,3,83634 83642,1840020047
Ammon,Ammon,Idaho,16019,Bonneville,43.4745,-111.9568,17921,902.8,shape,false,true,America/Boise,3,83401 83406 83403,1840018643
Mountain Home,Mountain Home,Idaho,16039,Elmore,43.1324,-115.697,16026,904.4,shape,false,true,America/Boise,3,83647,1840020017
Hayden,Hayden,Idaho,16055,Kootenai,47.768,-116.804,15703,575.8,shape,false,true,America/Los_Angeles,3,83835,1840019808
Chubbuck,Chubbuck,Idaho,16005,Bannock,42.9263,-112.4623,15638,975.3,shape,false,true,America/Boise,3,83202,1840018667
Jerome,Jerome,Idaho,16053,Jerome,42.7179,-114.5159,12482,851.6,shape,false,true,America/Boise,3,83338,1840018680
Blackfoot,Blackfoot,Idaho,16011,Bingham,43.194,-112.3454,12349,804.9,shape,false,true,America/Boise,3,83221,1840018650
Garden City,Garden City,Idaho,16001,Ada,43.6526,-116.2743,12301,1163.8,shape,false,true,America/Boise,3,83714 83711,1840020045
Star,Star,Idaho,16001,Ada,43.7026,-116.4914,11971,502.9,shape,false,true,America/Boise,3,83669,1840021279
Burley,Burley,Idaho,16031,Cassia,42.5379,-113.7926,11506,665.7,shape,false,true,America/Boise,3,83318,1840018683
Middleton,Middleton,Idaho,16027,Canyon,43.7113,-116.6157,9614,607.1,shape,false,true,America/Boise,3,83644 83652,1840020040
Rathdrum,Rathdrum,Idaho,16055,Kootenai,47.7948,-116.8944,9556,533.0,shape,false,true,America/Los_Angeles,3,83858,1840019812
Hailey,Hailey,Idaho,16013,Blaine,43.5141,-114.3001,9238,907.2,shape,false,true,America/Boise,3,83333,1840020028
Sandpoint,Sandpoint,Idaho,16017,Bonner,48.2822,-116.5614,8899,803.3,shape,false,true,America/Los_Angeles,3,83864,1840021064
Payette,Payette,Idaho,16075,Payette,44.0788,-116.9255,8182,772.2,shape,false,true,America/Boise,3,83661,1840020015
Emmett,Emmett,Idaho,16045,Gem,43.8693,-116.4916,7694,1120.6,shape,false,true,America/Boise,3,83617,1840020000
Fruitland,Fruitland,Idaho,16075,Payette,44.0197,-116.922,6169,992.0,shape,false,true,America/Boise,3,83619,1840020013
Rupert,Rupert,Idaho,16067,Minidoka,42.6189,-113.674,6066,1137.6,shape,false,true,America/Boise,3,83350,1840020066
Weiser,Weiser,Idaho,16087,Washington,44.2547,-116.9689,5678,735.2,shape,false,true,America/Boise,3,83672,1840021250
Preston,Preston,Idaho,16041,Franklin,42.0989,-111.8802,5668,320.5,shape,false,true,America/Boise,3,83263,1840020099
Rigby,Rigby,Idaho,16051,Jefferson,43.6734,-111.9132,5097,813.8,shape,false,true,America/Boise,3,83442,1840020020
Shelley,Shelley,Idaho,16011,Bingham,43.3795,-112.1261,4878,1043.0,shape,false,true,America/Boise,3,83274,1840021282
Kimberly,Kimberly,Idaho,16083,Twin Falls,42.5342,-114.3699,4696,958.4,shape,false,true,America/Boise,3,83341,1840020084
Buhl,Buhl,Idaho,16083,Twin Falls,42.5984,-114.7596,4577,940.7,shape,false,true,America/Boise,3,83316,1840018679
American Falls,American Falls,Idaho,16077,Power,42.7828,-112.8541,4573,1094.2,shape,false,true,America/Boise,3,83211,1840018666
McCall,McCall,Idaho,16085,Valley,44.9076,-116.1124,3731,158.9,shape,false,true,America/Boise,3,83638 83635,1840019964
St. Anthony,St. Anthony,Idaho,16043,Fremont,43.9648,-111.6841,3730,748.1,shape,false,true,America/Boise,3,83445,1840021255
Gooding,Gooding,Idaho,16047,Gooding,42.9373,-114.7134,3673,934.2,shape,false,true,America/Boise,3,83330,1840020063
Heyburn,Heyburn,Idaho,16067,Minidoka,42.5599,-113.7624,3640,538.1,shape,false,true,America/Boise,3,83336,1840020065
Lincoln,Lincoln,Idaho,16019,Bonneville,43.5183,-111.9692,3638,903.3,shape,false,false,America/Boise,3,83401,1840024022
Hidden Springs,Hidden Springs,Idaho,16001,Ada,43.7201,-116.2508,3584,525.4,shape,false,true,America/Boise,3,83714,1840042421
Ketchum,Ketchum,Idaho,16013,Blaine,43.6867,-114.373,3490,420.4,shape,false,true,America/Boise,3,83340,1840020029
Grangeville,Grangeville,Idaho,16049,Idaho,45.926,-116.1224,3369,863.5,shape,false,true,America/Los_Angeles,3,83530 83531,1840019893
Orofino,Orofino,Idaho,16035,Clearwater,46.4866,-116.2572,3251,508.5,shape,false,true,America/Los_Angeles,3,83544,1840019876
Mountain Home AFB,Mountain Home AFB,Idaho,16039,Elmore,43.0496,-115.8655,3184,123.3,shape,true,true,America/Boise,4,83648,1840074437
Salmon,Salmon,Idaho,16059,Lemhi,45.1743,-113.8947,3147,484.3,shape,false,true,America/Boise,3,83467,1840021213
Soda Springs,Soda Springs,Idaho,16029,Caribou,42.659,-111.5878,3124,272.4,shape,false,true,America/Boise,3,83276,1840021297
Homedale,Homedale,Idaho,16073,Owyhee,43.6154,-116.9379,2926,800.1,shape,false,true,America/Boise,3,83628,1840020049
Wendell,Wendell,Idaho,16047,Gooding,42.7745,-114.7026,2900,796.1,shape,false,true,America/Boise,3,83355,1840021296
Victor,Victor,Idaho,16081,Teton,43.6014,-111.1108,2876,419.8,shape,false,true,America/Boise,3,83455,1840021273
Filer,Filer,Idaho,16083,Twin Falls,42.5679,-114.6115,2766,1024.2,shape,false,true,America/Boise,3,83328,1840020080
Iona,Iona,Idaho,16019,Bonneville,43.5271,-111.931,2746,912.1,shape,false,true,America/Boise,3,83427 83401,1840018645
Montpelier,Montpelier,Idaho,16007,Bear Lake,42.326,-111.2988,2649,441.2,shape,false,true,America/Boise,3,83254,1840020091
Aberdeen,Aberdeen,Idaho,16011,Bingham,42.9441,-112.8384,2611,979.1,shape,false,true,America/Boise,3,83210,1840018647
Fort Hall,Fort Hall,Idaho,16005,Bannock,43.0144,-112.4572,2608,28.7,shape,false,false,America/Boise,3,83202 83203 83221,1840029704
Bonners Ferry,Bonners Ferry,Idaho,16021,Boundary,48.6928,-116.3184,2558,431.4,shape,false,true,America/Los_Angeles,3,83805,1840018352
Bellevue,Bellevue,Idaho,16013,Blaine,43.4684,-114.2551,2554,669.8,shape,false,true,America/Boise,3,83313,1840018633
Driggs,Driggs,Idaho,16081,Teton,43.7299,-111.1043,2548,282.4,shape,false,true,America/Boise,3,83422,1840018635
Dalton Gardens,Dalton Gardens,Idaho,16055,Kootenai,47.7329,-116.7696,2510,406.9,shape,false,true,America/Los_Angeles,3,83815,1840018403
St. Maries,St. Maries,Idaho,16009,Benewah,47.3146,-116.5723,2410,783.7,shape,false,true,America/Los_Angeles,3,83861,1840021126
Spirit Lake,Spirit Lake,Idaho,16055,Kootenai,47.9658,-116.8699,2375,373.4,shape,false,true,America/Los_Angeles,3,83869,1840021098
Kellogg,Kellogg,Idaho,16079,Shoshone,47.5371,-116.142,2294,222.9,shape,false,true,America/Los_Angeles,3,83837,1840018392
Malad City,Malad City,Idaho,16071,Oneida,42.1899,-112.2497,2219,507.2,shape,false,true,America/Boise,3,83252,1840020093
Priest River,Priest River,Idaho,16017,Bonner,48.1782,-116.8838,2170,386.8,shape,false,true,America/Los_Angeles,3,83856,1840019772
Sugar City,Sugar City,Idaho,16065,Madison,43.8762,-111.751,2055,399.9,shape,false,true,America/Boise,3,83448,1840021277
Pinehurst,Pinehurst,Idaho,16079,Shoshone,47.5364,-116.2327,1993,772.7,shape,false,true,America/Los_Angeles,3,83850,1840019800
Parma,Parma,Idaho,16027,Canyon,43.7864,-116.9429,1937,692.0,shape,false,true,America/Boise,3,83660,1840020043
Shoshone,Shoshone,Idaho,16063,Lincoln,42.9369,-114.4055,1687,555.1,shape,false,true,America/Boise,3,83352,1840021295
Wilder,Wilder,Idaho,16027,Canyon,43.6782,-116.907,1672,885.8,shape,false,true,America/Boise,3,83676,1840021278
New Plymouth,New Plymouth,Idaho,16075,Payette,43.9705,-116.8189,1645,923.7,shape,false,true,America/Boise,3,83655,1840020014
Ucon,Ucon,Idaho,16019,Bonneville,43.5936,-111.9594,1631,778.6,shape,false,true,America/Boise,3,83454 83401,1840021281
Osburn,Osburn,Idaho,16079,Shoshone,47.5055,-116.0008,1625,476.4,shape,false,true,America/Los_Angeles,3,83849,1840019799
Tyhee,Tyhee,Idaho,16005,Bannock,42.9552,-112.4561,1469,197.6,shape,false,false,America/Boise,3,83202,1840139285
Hansen,Hansen,Idaho,16083,Twin Falls,42.5314,-114.3011,1462,607.7,shape,false,true,America/Boise,3,83334,1840020081
Grace,Grace,Idaho,16029,Caribou,42.5756,-111.73,1413,547.3,shape,false,true,America/Boise,3,83241,1840020073
Sun Valley,Sun Valley,Idaho,16013,Blaine,43.6838,-114.3339,1383,55.8,shape,false,true,America/Boise,3,83354 83353,1840021271
Ashton,Ashton,Idaho,16043,Fremont,44.0734,-111.4482,1367,827.6,shape,false,true,America/Boise,3,83420,1840018607
Moreland,Moreland,Idaho,16011,Bingham,43.2195,-112.4378,1343,212.8,shape,false,false,America/Boise,3,83221 83256,1840024024
Paul,Paul,Idaho,16067,Minidoka,42.6052,-113.7847,1334,781.7,shape,false,true,America/Boise,3,83347,1840020068
Glenns Ferry,Glenns Ferry,Idaho,16039,Elmore,42.9504,-115.3067,1327,246.6,shape,false,true,America/Boise,3,83623,1840020016
Avimor,Avimor,Idaho,16001,Ada,43.7758,-116.2571,1314,372.4,shape,false,false,America/Boise,3,83714,1840142455
Lapwai,Lapwai,Idaho,16069,Nez Perce,46.4034,-116.8041,1310,668.9,shape,false,true,America/Los_Angeles,3,83540,1840019899
Moyie Springs,Moyie Springs,Idaho,16021,Boundary,48.7247,-116.1953,1293,322.1,shape,false,true,America/Los_Angeles,3,83845,1840019755
Marsing,Marsing,Idaho,16073,Owyhee,43.5466,-116.8094,1244,705.7,shape,false,true,America/Boise,3,83639,1840020050
Carey,Carey,Idaho,16013,Blaine,43.3097,-113.9444,1244,139.2,shape,false,true,America/Boise,3,83320,1840018634
Cottonwood,Cottonwood,Idaho,16049,Idaho,46.051,-116.3498,1243,571.8,shape,false,true,America/Los_Angeles,3,83522,1840018483
Robie Creek,Robie Creek,Idaho,16015,Boise,43.6681,-116.0209,1237,15.9,shape,false,true,America/Boise,4,83716,1840042429
Kamiah,Kamiah,Idaho,16061,Lewis,46.2269,-116.0283,1210,425.5,shape,false,true,America/Los_Angeles,3,83536,1840018497
Genesee,Genesee,Idaho,16057,Latah,46.5516,-116.9284,1209,760.4,shape,false,true,America/Los_Angeles,3,83832,1840019867
Ponderay,Ponderay,Idaho,16017,Bonner,48.3092,-116.539,1208,159.0,shape,false,true,America/Los_Angeles,3,83864 83852,1840019771
Hagerman,Hagerman,Idaho,16047,Gooding,42.8164,-114.8974,1198,786.5,shape,false,true,America/Boise,3,83332,1840020064
Cascade,Cascade,Idaho,16085,Valley,44.5087,-116.0425,1197,112.1,shape,false,true,America/Boise,3,83611,1840018585
Groveland,Groveland,Idaho,16011,Bingham,43.2235,-112.3755,1190,200.1,shape,false,false,America/Boise,3,83221,1840024023
Plummer,Plummer,Idaho,16009,Benewah,47.3301,-116.8849,1158,354.4,shape,false,true,America/Los_Angeles,3,83851,1840019851
Kootenai,Kootenai,Idaho,16017,Bonner,48.3118,-116.5172,1152,803.1,shape,false,true,America/Los_Angeles,3,83864 83840,1840019773
Hazelton,Hazelton,Idaho,16053,Jerome,42.5953,-114.1366,1094,1015.4,shape,false,true,America/Boise,3,83335,1840020086
Wallace,Wallace,Idaho,16079,Shoshone,47.4736,-115.9227,1083,460.3,shape,false,true,America/Los_Angeles,3,83873,1840021090
Riverside,Riverside,Idaho,16011,Bingham,43.1965,-112.4356,1074,193.3,shape,false,false,America/Boise,3,83221,1840024025
McCammon,McCammon,Idaho,16005,Bannock,42.6504,-112.1901,1017,176.0,shape,false,true,America/Boise,3,83250,1840020070
Greenleaf,Greenleaf,Idaho,16027,Canyon,43.6753,-116.821,995,498.8,shape,false,true,America/Boise,3,83626,1840020038
Clark Fork,Clark Fork,Idaho,16017,Bonner,48.1472,-116.1768,963,377.5,shape,false,true,America/Los_Angeles,3,83811,1840018363
Inkom,Inkom,Idaho,16005,Bannock,42.7955,-112.2448,954,382.3,shape,false,true,America/Boise,3,83245,1840018669
Troy,Troy,Idaho,16057,Latah,46.738,-116.7731,945,461.2,shape,false,true,America/Los_Angeles,3,83871,1840021148
Hauser,Hauser,Idaho,16055,Kootenai,47.7667,-117.0133,935,297.9,shape,false,true,America/Los_Angeles,3,83854,1840019807
Teton,Teton,Idaho,16043,Fremont,43.8871,-111.6723,909,509.1,shape,false,true,America/Boise,3,83451,1840021256
Potlatch,Potlatch,Idaho,16057,Latah,46.9235,-116.8976,876,727.4,shape,false,true,America/Los_Angeles,3,83855,1840019870
Franklin,Franklin,Idaho,16041,Franklin,42.0124,-111.8036,856,253.8,shape,false,true,America/Boise,3,83237,1840020097
Challis,Challis,Idaho,16037,Custer,44.5055,-114.2281,840,164.4,shape,false,true,America/Boise,3,83226,1840018599
Downey,Downey,Idaho,16005,Bannock,42.4288,-112.1233,806,319.5,shape,false,true,America/Boise,3,83234,1840018670
Ririe,Ririe,Idaho,16051,Jefferson,43.6323,-111.7716,802,595.1,shape,false,true,America/Boise,3,83442 83443,1840020021
Oakley,Oakley,Idaho,16031,Cassia,42.2417,-113.8824,795,66.4,shape,false,true,America/Boise,3,83346,1840020089
Horseshoe Bend,Horseshoe Bend,Idaho,16015,Boise,43.9165,-116.1997,794,282.1,shape,false,true,America/Boise,3,83629,1840020005
Athol,Athol,Idaho,16055,Kootenai,47.9469,-116.7079,790,268.7,shape,false,true,America/Los_Angeles,3,83801,1840018401
Arbon Valley,Arbon Valley,Idaho,16077,Power,42.8847,-112.5942,784,8.9,shape,false,true,America/Boise,4,83204,1840036681
Hayden Lake,Hayden Lake,Idaho,16055,Kootenai,47.7639,-116.7559,770,486.5,shape,false,true,America/Los_Angeles,3,83835,1840019809
Menan,Menan,Idaho,16051,Jefferson,43.7218,-111.9925,759,284.0,shape,false,true,America/Boise,3,83434,1840020023
Georgetown,Georgetown,Idaho,16007,Bear Lake,42.479,-111.3639,757,429.6,shape,false,true,America/Boise,3,83239,1840029706
Arco,Arco,Idaho,16023,Butte,43.6316,-113.3017,749,270.7,shape,false,true,America/Boise,3,83213,1840018627
Clifton,Clifton,Idaho,16041,Franklin,42.1873,-112.0046,735,123.4,shape,false,true,America/Boise,3,83228,1840018688
Smelterville,Smelterville,Idaho,16079,Shoshone,47.5426,-116.1775,728,444.3,shape,false,true,America/Los_Angeles,3,83868,1840021089
Paris,Paris,Idaho,16007,Bear Lake,42.2273,-111.4032,727,80.5,shape,false,true,America/Boise,3,83261,1840020092
Dover,Dover,Idaho,16017,Bonner,48.2606,-116.6098,720,88.3,shape,false,true,America/Los_Angeles,3,83864 83825,1840018364
Mullan,Mullan,Idaho,16079,Shoshone,47.4687,-115.7963,692,322.9,shape,false,true,America/Los_Angeles,3,83846,1840019798
Idaho City,Idaho City,Idaho,16015,Boise,43.8281,-115.8307,673,390.7,shape,false,true,America/Boise,3,83631,1840018620
Parker,Parker,Idaho,16043,Fremont,43.9584,-111.7587,661,187.3,shape,false,true,America/Boise,3,83438 83445,1840019996
Council,Council,Idaho,16003,Adams,44.7328,-116.4376,655,239.8,shape,false,true,America/Boise,3,83612,1840018584
Notus,Notus,Idaho,16027,Canyon,43.7267,-116.7998,633,772.5,shape,false,true,America/Boise,3,83656 83607,1840020042
Kooskia,Kooskia,Idaho,16049,Idaho,46.1415,-115.9765,608,381.8,shape,false,true,America/Los_Angeles,3,83539,1840019895
Melba,Melba,Idaho,16027,Canyon,43.3726,-116.5322,602,508.4,shape,false,true,America/Boise,3,83641,1840020039
Mackay,Mackay,Idaho,16037,Custer,43.912,-113.6128,587,261.7,shape,false,true,America/Boise,3,83251,1840019985
Juliaetta,Juliaetta,Idaho,16057,Latah,46.574,-116.7096,585,323.7,shape,false,true,America/Los_Angeles,3,83535,1840018461
Silverton,Silverton,Idaho,16079,Shoshone,47.4958,-115.9604,576,489.5,shape,false,false,America/Los_Angeles,3,83867,1840050890
Letha,Letha,Idaho,16045,Gem,43.8934,-116.6452,572,488.8,shape,false,false,America/Boise,3,83636 83617,1840027109
Dubois,Dubois,Idaho,16033,Clark,44.1727,-112.2293,530,75.0,shape,false,true,America/Boise,3,83423,1840018614
Weston,Weston,Idaho,16041,Franklin,42.0369,-111.9783,527,107.1,shape,false,true,America/Boise,3,83286,1840021316
Nezperce,Nezperce,Idaho,16061,Lewis,46.2341,-116.2405,518,465.9,shape,false,true,America/Los_Angeles,3,83543,1840019902
Firth,Firth,Idaho,16011,Bingham,43.3057,-112.1834,516,347.6,shape,false,true,America/Boise,3,83236,1840020051
Richfield,Richfield,Idaho,16063,Lincoln,43.0521,-114.1556,509,299.5,shape,false,true,America/Boise,3,83349,1840020062
Dayton,Dayton,Idaho,16041,Franklin,42.1118,-111.9779,505,29.2,shape,false,true,America/Boise,3,83286 83232,1840018689
Craigmont,Craigmont,Idaho,16061,Lewis,46.2422,-116.4728,501,248.8,shape,false,true,America/Los_Angeles,3,83523,1840018498
Deary,Deary,Idaho,16057,Latah,46.8003,-116.5572,501,294.2,shape,false,true,America/Los_Angeles,3,83823,1840018463
Declo,Declo,Idaho,16031,Cassia,42.5196,-113.6288,498,440.8,shape,false,true,America/Boise,3,83323,1840018684
Newdale,Newdale,Idaho,16043,Fremont,43.8864,-111.6038,493,544.9,shape,false,true,America/Boise,3,83436,1840019995
Grand View,Grand View,Idaho,16073,Owyhee,42.9839,-116.0917,485,325.8,shape,false,true,America/Boise,3,83624,1840020048
Oldtown,Oldtown,Idaho,16017,Bonner,48.1841,-117.0204,480,225.5,shape,false,true,America/Los_Angeles,3,83822,1840019770
Mud Lake,Mud Lake,Idaho,16051,Jefferson,43.8431,-112.4798,468,320.9,shape,false,true,America/Boise,3,83450,1840020024
Fairfield,Fairfield,Idaho,16025,Camas,43.3489,-114.8006,463,204.0,shape,false,true,America/Boise,3,83327,1840020044
Roberts,Roberts,Idaho,16051,Jefferson,43.7208,-112.1284,461,1082.0,shape,false,true,America/Boise,3,83444,1840020022
Lewisville,Lewisville,Idaho,16051,Jefferson,43.6951,-112.0131,451,262.3,shape,false,true,America/Boise,3,83431,1840020019
Blanchard,Blanchard,Idaho,16017,Bonner,48.0152,-116.9928,438,113.9,shape,false,false,America/Los_Angeles,3,83804,1840023760
Basalt,Basalt,Idaho,16011,Bingham,43.3145,-112.165,430,365.8,shape,false,true,America/Boise,3,83236 83218,1840018649
Garden Valley,Garden Valley,Idaho,16015,Boise,44.083,-115.9612,409,21.6,shape,false,false,America/Boise,3,83622,1840023991
Eden,Eden,Idaho,16053,Jerome,42.6053,-114.209,396,413.3,shape,false,true,America/Boise,3,83325,1840020085
Culdesac,Culdesac,Idaho,16069,Nez Perce,46.3749,-116.6703,392,181.2,shape,false,true,America/Los_Angeles,3,83524,1840018485
Tetonia,Tetonia,Idaho,16081,Teton,43.8147,-111.1586,389,263.6,shape,false,true,America/Boise,3,83452,1840021272
Pierce,Pierce,Idaho,16035,Clearwater,46.4931,-115.7995,388,181.6,shape,false,true,America/Los_Angeles,3,83546,1840019877
Hollister,Hollister,Idaho,16083,Twin Falls,42.3529,-114.5839,376,135.6,shape,false,true,America/Boise,3,83301,1840020082
Albion,Albion,Idaho,16031,Cassia,42.4098,-113.5806,375,307.2,shape,false,true,America/Boise,3,83311,1840018682
Weippe,Weippe,Idaho,16035,Clearwater,46.3787,-115.9396,369,357.0,shape,false,true,America/Los_Angeles,3,83553,1840021158
Bancroft,Bancroft,Idaho,16029,Caribou,42.7202,-111.883,347,220.1,shape,false,true,America/Boise,3,83217,1840018671
Wardner,Wardner,Idaho,16079,Shoshone,47.5189,-116.1357,330,146.2,shape,false,true,America/Los_Angeles,3,83837,1840021091
Yellow Pine,Yellow Pine,Idaho,16085,Valley,44.9623,-115.488,327,128.3,shape,false,false,America/Boise,3,83677,1840025319
Cambridge,Cambridge,Idaho,16087,Washington,44.5719,-116.6778,326,260.1,shape,false,true,America/Boise,3,83610,1840018601
Arimo,Arimo,Idaho,16005,Bannock,42.5601,-112.173,326,281.2,shape,false,true,America/Boise,3,83214,1840018668
Gannett,Gannett,Idaho,16013,Blaine,43.357,-114.1756,316,46.6,shape,false,false,America/Boise,3,83313,1840027130
Kendrick,Kendrick,Idaho,16057,Latah,46.614,-116.6543,313,140.9,shape,false,true,America/Los_Angeles,3,83537,1840018462
Rockford Bay,Rockford Bay,Idaho,16055,Kootenai,47.5086,-116.8866,306,31.3,shape,false,false,America/Los_Angeles,3,83814,1840023789
Malta,Malta,Idaho,16031,Cassia,42.3075,-113.3694,294,82.3,shape,false,true,America/Boise,3,83342,1840020088
Dietrich,Dietrich,Idaho,16063,Lincoln,42.9128,-114.2662,294,348.4,shape,false,true,America/Boise,3,83324,1840018663
Lava Hot Springs,Lava Hot Springs,Idaho,16005,Bannock,42.6198,-112.0098,293,163.3,shape,false,true,America/Boise,3,83246,1840020072
New Meadows,New Meadows,Idaho,16003,Adams,44.9712,-116.2857,293,193.6,shape,false,true,America/Boise,3,83654,1840019963
Laclede,Laclede,Idaho,16017,Bonner,48.1678,-116.7529,291,98.5,shape,false,false,America/Los_Angeles,3,83841,1840050618
Bliss,Bliss,Idaho,16047,Gooding,42.9243,-114.9479,281,147.0,shape,false,true,America/Boise,3,83314,1840018664
Harrison,Harrison,Idaho,16055,Kootenai,47.4675,-116.8034,277,30.0,shape,false,true,America/Los_Angeles,3,83833,1840019806
Midvale,Midvale,Idaho,16087,Washington,44.4618,-116.7435,273,41.0,shape,false,true,America/Boise,3,83645,1840019986
Winchester,Winchester,Idaho,16061,Lewis,46.2409,-116.6242,263,365.5,shape,false,true,America/Los_Angeles,3,83555,1840021179
Worley,Worley,Idaho,16055,Kootenai,47.4007,-116.9193,258,309.4,shape,false,true,America/Los_Angeles,3,83876,1840021100
Riggins,Riggins,Idaho,16049,Idaho,45.4203,-116.3179,258,250.5,shape,false,true,America/Boise,3,83549,1840019894
Swan Valley,Swan Valley,Idaho,16019,Bonneville,43.4445,-111.3287,255,8.6,shape,false,true,America/Boise,3,83443 83449 83428,1840021280
Hammett,Hammett,Idaho,16039,Elmore,42.9441,-115.4654,253,83.1,shape,false,false,America/Boise,3,83627,1840027117
Elk City,Elk City,Idaho,16049,Idaho,45.8266,-115.4378,253,39.0,shape,false,false,America/Los_Angeles,3,83525,1840023865
Stanley,Stanley,Idaho,16037,Custer,44.2154,-114.9364,225,160.1,shape,false,true,America/Boise,3,83278,1840021249
Onaway,Onaway,Idaho,16057,Latah,46.9282,-116.8896,223,293.0,shape,false,true,America/Los_Angeles,3,83855,1840019869
East Hope,East Hope,Idaho,16017,Bonner,48.2408,-116.2903,222,185.0,shape,false,true,America/Los_Angeles,3,83836,1840019768
Donnelly,Donnelly,Idaho,16085,Valley,44.7351,-116.0788,215,116.3,shape,false,true,America/Boise,3,83615,1840018586
Moore,Moore,Idaho,16023,Butte,43.7344,-113.3675,211,112.3,shape,false,true,America/Boise,3,83255,1840020011
Crouch,Crouch,Idaho,16015,Boise,44.1161,-115.974,202,157.5,shape,false,true,America/Boise,3,83622,1840018621
Rockford,Rockford,Idaho,16011,Bingham,43.1892,-112.5306,199,69.2,shape,false,false,America/Boise,3,83221,1840024026
Bovill,Bovill,Idaho,16057,Latah,46.8585,-116.3935,196,205.9,shape,false,true,America/Los_Angeles,3,83806,1840018460
Castleford,Castleford,Idaho,16083,Twin Falls,42.5206,-114.8717,196,431.1,shape,false,true,America/Boise,3,83321,1840018678
Irwin,Irwin,Idaho,16019,Bonneville,43.3965,-111.2721,196,30.7,shape,false,true,America/Boise,3,83428,1840018646
Bloomington,Bloomington,Idaho,16007,Bear Lake,42.1908,-111.4042,193,78.3,shape,false,true,America/Boise,3,83223,1840018687
Acequia,Acequia,Idaho,16067,Minidoka,42.6688,-113.5968,187,135.3,shape,false,true,America/Boise,3,83350,1840018665
Ferdinand,Ferdinand,Idaho,16049,Idaho,46.1519,-116.39,179,166.1,shape,false,true,America/Los_Angeles,3,83526,1840019892
Minidoka,Minidoka,Idaho,16067,Minidoka,42.754,-113.49,175,173.6,shape,false,true,America/Boise,3,83350 83343,1840020067
Sweetwater,Sweetwater,Idaho,16069,Nez Perce,46.3677,-116.7975,172,55.7,shape,false,false,America/Los_Angeles,3,83540,1840023869
Murphy,Murphy,Idaho,16073,Owyhee,43.2121,-116.5485,172,16.6,shape,false,false,America/Boise,3,83650,1840024021
Peck,Peck,Idaho,16069,Nez Perce,46.4747,-116.4262,165,104.1,shape,false,true,America/Los_Angeles,3,83545,1840019898
Elk River,Elk River,Idaho,16035,Clearwater,46.7828,-116.181,164,103.7,shape,false,true,America/Los_Angeles,3,83827,1840019875
Stites,Stites,Idaho,16049,Idaho,46.0921,-115.9762,163,284.3,shape,false,true,America/Los_Angeles,3,83552,1840021170
Huetter,Huetter,Idaho,16055,Kootenai,47.7037,-116.8508,161,325.3,shape,false,true,America/Los_Angeles,3,83814,1840019810
Murtaugh,Murtaugh,Idaho,16083,Twin Falls,42.4918,-114.1625,154,128.4,shape,false,true,America/Boise,3,83344,1840020083
Rockland,Rockland,Idaho,16077,Power,42.5731,-112.8744,151,225.4,shape,false,true,America/Boise,3,83271,1840020069
Princeton,Princeton,Idaho,16057,Latah,46.9152,-116.8315,149,90.1,shape,false,false,America/Los_Angeles,3,83857,1840023849
Fernwood,Fernwood,Idaho,16009,Benewah,47.1151,-116.3864,146,43.6,shape,false,false,America/Los_Angeles,3,83830,1840027063
Island Park,Island Park,Idaho,16043,Fremont,44.5281,-111.3591,144,9.1,shape,false,true,America/Boise,3,83433 83429,1840018608
Bennington,Bennington,Idaho,16007,Bear Lake,42.3827,-111.3228,142,8.4,shape,false,false,America/Boise,3,83254,1840024095
Fernan Lake Village,Fernan Lake Village,Idaho,16055,Kootenai,47.6726,-116.7472,135,729.9,shape,false,true,America/Los_Angeles,3,83814,1840019805
Leadore,Leadore,Idaho,16059,Lemhi,44.6802,-113.3592,132,73.1,shape,false,true,America/Boise,3,83464,1840019945
Conkling Park,Conkling Park,Idaho,16055,Kootenai,47.3998,-116.7704,130,48.0,shape,false,false,America/Los_Angeles,3,83876,1840023788
St. Charles,St. Charles,Idaho,16007,Bear Lake,42.1116,-111.3903,123,64.8,shape,false,true,America/Boise,3,83272,1840021309
De Smet,De Smet,Idaho,16009,Benewah,47.141,-116.9113,122,49.2,shape,false,false,America/Los_Angeles,3,83824,1840023828
Hope,Hope,Idaho,16017,Bonner,48.2542,-116.3064,96,37.9,shape,false,true,America/Los_Angeles,3,83836,1840019769
Smiths Ferry,Smiths Ferry,Idaho,16085,Valley,44.299,-116.0783,82,17.1,shape,false,false,America/Boise,3,83611,1840023912
Reubens,Reubens,Idaho,16061,Lewis,46.3229,-116.5429,72,66.7,shape,false,true,America/Los_Angeles,3,83548,1840019901
Butte City,Butte City,Idaho,16023,Butte,43.607,-113.2408,72,13.4,shape,false,true,America/Boise,3,83213,1840018628
Tensed,Tensed,Idaho,16009,Benewah,47.1596,-116.9238,72,126.4,shape,false,true,America/Los_Angeles,3,83870,1840021127
Viola,Viola,Idaho,16057,Latah,46.8389,-117.0189,57,21.8,shape,false,false,America/Los_Angeles,3,83872,1840050925
White Bird,White Bird,Idaho,16049,Idaho,45.7621,-116.3008,50,115.9,shape,false,true,America/Los_Angeles,3,83554,1840021171
Parkline,Parkline,Idaho,16009,Benewah,47.3385,-116.694,45,35.1,shape,false,false,America/Los_Angeles,3,83861,1840025254
Bruneau,Bruneau,Idaho,16073,Owyhee,42.8766,-115.8001,41,9.9,shape,false,false,America/Boise,3,83604,1840027144
Placerville,Placerville,Idaho,16015,Boise,43.9427,-115.946,41,15.8,shape,false,true,America/Boise,3,83666,1840020006
Oxford,Oxford,Idaho,16041,Franklin,42.2598,-112.0178,38,43.4,shape,false,true,America/Boise,3,83228,1840020098
Hamer,Hamer,Idaho,16051,Jefferson,43.9216,-112.2027,38,61.0,shape,false,true,America/Boise,3,83425,1840020018
Spencer,Spencer,Idaho,16033,Clark,44.377,-112.1897,23,7.8,shape,false,true,America/Boise,3,83446 83423,1840021259
Lowman,Lowman,Idaho,16015,Boise,44.0786,-115.6206,22,4.2,shape,false,false,America/Boise,3,83637,1840023992
Atomic City,Atomic City,Idaho,16011,Bingham,43.4431,-112.8124,21,49.0,shape,false,true,America/Boise,3,83215,1840018648
State Line,State Line,Idaho,16055,Kootenai,47.7052,-117.0366,16,96.4,shape,false,true,America/Los_Angeles,4,83854,1840074878
Clayton,Clayton,Idaho,16037,Custer,44.2591,-114.388,15,0.1,shape,false,true,America/Boise,3,83227,1840018600
Lost River,Lost River,Idaho,16037,Custer,43.7326,-113.5577,10,0.0,shape,false,true,America/Boise,3,83251 83255,1840019984
Coolin,Coolin,Idaho,16017,Bonner,48.476,-116.8441,9,6.8,shape,false,false,America/Los_Angeles,3,83821,1840027050
Banks,Banks,Idaho,16015,Boise,44.0777,-116.1278,5,1.8,shape,false,false,America/Boise,3,83602,1840023990
Drummond,Drummond,Idaho,16043,Fremont,43.9996,-111.3433,3,16.4,shape,false,true,America/Boise,3,83420,1840018609
Warm River,Warm River,Idaho,16043,Fremont,44.1188,-111.32,0,2.6,shape,false,true,America/Boise,3,83420,1840021257
