Louisville,Louisville,Kentucky,21111,Jefferson,38.1663,-85.6485,963812,923.1,shape,false,true,America/New_York,2,40245 40242 40241 40218 40219 40214 40216 40211 40213 40059 40291 40299 40220 40223 40222 40229 40228 40023 40272 40207 40209 40258 40118 40018 40027 40225 40261 40268 40269 40281,1840030815
Lexington,Lexington,Kentucky,21067,Fayette,38.0423,-84.4587,321276,437.0,shape,false,true,America/New_York,2,40526 40509 40504 40502 40503 40508 40505 40507 40517 40536 40513 40511 40510 40516 40515 40514 40506 40512 40522 40523 40524 40533 40544 40546 40550 40555 40574 40575 40576 40577 40578 40579 40580 40581 40582 40583 40588 40591 40598,1840015211
Bowling Green,Bowling Green,Kentucky,21227,Warren,36.9716,-86.4378,99669,681.7,shape,false,true,America/Chicago,3,42104 42103 42101 42102,1840013265
Elizabethtown,Elizabethtown,Kentucky,21093,Hardin,37.7031,-85.8773,77770,439.5,shape,false,true,America/New_York,3,42701 42702,1840013218
Owensboro,Owensboro,Kentucky,21059,Daviess,37.7575,-87.1172,75644,1118.0,shape,false,true,America/Chicago,3,42301 42303 42304,1840014340
Covington,Covington,Kentucky,21117,Kenton,39.0334,-84.5166,40923,1200.2,shape,false,true,America/New_York,3,41011 41015 41014 41017 41016,1840014263
Georgetown,Georgetown,Kentucky,21209,Scott,38.2247,-84.5487,37510,836.8,shape,false,true,America/New_York,3,40324,1840013197
Richmond,Richmond,Kentucky,21151,Madison,37.7307,-84.2925,34883,639.3,shape,false,true,America/New_York,3,40475 40476,1840014341
Florence,Florence,Kentucky,21015,Boone,38.9899,-84.6471,32056,1107.8,shape,false,true,America/New_York,3,41042 41022,1840013161
Nicholasville,Nicholasville,Kentucky,21113,Jessamine,37.8906,-84.5668,31352,817.5,shape,false,true,America/New_York,3,40356 40340,1840014330
Hopkinsville,Hopkinsville,Kentucky,21047,Christian,36.8381,-87.4775,31042,376.6,shape,false,true,America/Chicago,3,42240 42221 42241,1840014399
Jeffersontown,Jeffersontown,Kentucky,21111,Jefferson,38.2049,-85.5701,28796,1051.5,shape,false,true,America/New_York,3,40299 40220 40223 40224,1840014311
Independence,Independence,Kentucky,21117,Kenton,38.951,-84.5492,28722,625.2,shape,false,true,America/New_York,3,41051,1840014267
Frankfort,Frankfort,Kentucky,21073,Franklin,38.1924,-84.8643,28460,744.0,shape,false,true,America/New_York,2,40601 40603 40618 40619 40620 40621 40622,1840013210
Henderson,Henderson,Kentucky,21101,Henderson,37.8397,-87.5798,28166,644.6,shape,false,true,America/Chicago,3,42420 42419,1840014337
Paducah,Paducah,Kentucky,21145,McCracken,37.0711,-88.644,26869,510.5,shape,false,true,America/Chicago,3,42003 42001 42002,1840014388
Radcliff,Radcliff,Kentucky,21093,Hardin,37.8204,-85.9365,22981,664.3,shape,false,true,America/New_York,3,40160 42701 40159,1840014329
Ashland,Ashland,Kentucky,21019,Boyd,38.4592,-82.6448,21542,774.8,shape,false,true,America/New_York,3,41102 41101 41114,1840013195
Erlanger,Erlanger,Kentucky,21117,Kenton,39.0109,-84.5864,19577,900.8,shape,false,true,America/New_York,3,41018 41017 41051,1840013168
Madisonville,Madisonville,Kentucky,21107,Hopkins,37.3409,-87.5034,19433,419.9,shape,false,true,America/Chicago,3,42431,1840015244
Winchester,Winchester,Kentucky,21049,Clark,38.0018,-84.1908,19080,805.0,shape,false,true,America/New_York,3,40391 40392,1840015216
Burlington,Burlington,Kentucky,21015,Boone,39.0223,-84.7217,18264,800.1,shape,false,false,America/New_York,3,41005,1840013160
Mount Washington,Mount Washington,Kentucky,21029,Bullitt,38.043,-85.5551,17987,727.8,shape,false,true,America/New_York,3,40047,1840014322
St. Matthews,St. Matthews,Kentucky,21111,Jefferson,38.2497,-85.6384,17511,1543.5,shape,false,true,America/New_York,3,40222 40207,1840015194
Murray,Murray,Kentucky,21035,Calloway,36.6146,-88.3207,17414,577.1,shape,false,true,America/Chicago,3,42071,1840014410
Fort Thomas,Fort Thomas,Kentucky,21037,Campbell,39.0801,-84.4518,17310,1178.0,shape,false,true,America/New_York,3,41075,1840013163
Shelbyville,Shelbyville,Kentucky,21211,Shelby,38.2067,-85.2292,17239,742.8,shape,false,true,America/New_York,3,40065 40066,1840015205
Danville,Danville,Kentucky,21021,Boyle,37.6418,-84.7777,17191,386.3,shape,false,true,America/New_York,3,40422 40423,1840014354
Shively,Shively,Kentucky,21111,Jefferson,38.197,-85.8136,15595,1317.1,shape,false,true,America/Kentucky/Louisville,3,40216 40256,1840015196
Berea,Berea,Kentucky,21151,Madison,37.5904,-84.2898,15404,360.2,shape,false,true,America/New_York,3,40404 40403,1840013225
Glasgow,Glasgow,Kentucky,21009,Barren,37.0048,-85.9263,15043,360.4,shape,false,true,America/Chicago,3,42141 42142,1840013268
Newport,Newport,Kentucky,21037,Campbell,39.0856,-84.4868,14190,1986.4,shape,false,true,America/New_York,3,41071 41072,1840014261
Shepherdsville,Shepherdsville,Kentucky,21029,Bullitt,37.9813,-85.7007,14136,345.1,shape,false,true,America/New_York,3,40165 40166,1840015214
Bardstown,Bardstown,Kentucky,21179,Nelson,37.8175,-85.455,13564,432.6,shape,false,true,America/New_York,3,40004,1840013219
Fort Campbell North,Fort Campbell North,Kentucky,21047,Christian,36.6631,-87.4764,12014,543.7,shape,true,true,America/Chicago,3,42223,1840073832
Somerset,Somerset,Kentucky,21199,Pulaski,37.0834,-84.6109,11998,321.8,shape,false,true,America/New_York,3,42503 42501 42502 42564,1840015257
Lawrenceburg,Lawrenceburg,Kentucky,21005,Anderson,38.0332,-84.9031,11749,753.3,shape,false,true,America/New_York,3,40342,1840014321
Campbellsville,Campbellsville,Kentucky,21217,Taylor,37.3445,-85.3511,11434,585.2,shape,false,true,America/New_York,3,42718 42719,1840013242
Lyndon,Lyndon,Kentucky,21111,Jefferson,38.2645,-85.5891,10997,1179.1,shape,false,true,America/New_York,3,40242 40223 40222 40252,1840015191
Alexandria,Alexandria,Kentucky,21037,Campbell,38.9621,-84.3859,10322,575.6,shape,false,true,America/New_York,3,41001,1840013162
Versailles,Versailles,Kentucky,21239,Woodford,38.0486,-84.7258,10297,627.0,shape,false,true,America/New_York,3,40383 40384,1840015212
Paris,Paris,Kentucky,21017,Bourbon,38.2016,-84.2718,10143,492.8,shape,false,true,America/New_York,3,40361 40362,1840014315
Franklin,Franklin,Kentucky,21213,Simpson,36.7177,-86.5595,10141,265.5,shape,false,true,America/Chicago,3,42134 42135,1840013290
La Grange,La Grange,Kentucky,21185,Oldham,38.3987,-85.375,10073,538.9,shape,false,true,America/New_York,3,40031,1840014287
Oakbrook,Oakbrook,Kentucky,21015,Boone,38.9996,-84.6797,10045,1212.7,shape,false,false,America/New_York,3,41042,1840030814
Francisville,Francisville,Kentucky,21015,Boone,39.1068,-84.7277,10044,457.2,shape,false,false,America/New_York,3,41048,1840026679
Mayfield,Mayfield,Kentucky,21083,Graves,36.7371,-88.6447,10011,525.9,shape,false,true,America/Chicago,3,42066,1840015268
Middletown,Middletown,Kentucky,21111,Jefferson,38.241,-85.5214,9594,721.3,shape,false,true,America/New_York,3,40243 40299 40223,1840014295
Middlesborough,Middlesborough,Kentucky,21013,Bell,36.6127,-83.7227,9383,490.6,shape,false,true,America/New_York,3,40965,1840036079
Elsmere,Elsmere,Kentucky,21117,Kenton,38.9948,-84.6017,9126,1340.7,shape,false,true,America/New_York,3,41018 41042,1840013167
Harrodsburg,Harrodsburg,Kentucky,21167,Mercer,37.7654,-84.8474,9057,505.2,shape,false,true,America/New_York,3,40330,1840013222
Maysville,Maysville,Kentucky,21161,Mason,38.6455,-83.7911,8831,179.7,shape,false,true,America/New_York,3,41056 41096,1840015180
Hillview,Hillview,Kentucky,21029,Bullitt,38.0562,-85.6847,8681,505.0,shape,false,true,America/New_York,3,40229 40109 40165 40129,1840014325
Fort Mitchell,Fort Mitchell,Kentucky,21117,Kenton,39.046,-84.5562,8667,1080.3,shape,false,true,America/New_York,3,41011 41017,1840013170
Fort Knox,Fort Knox,Kentucky,21093,Hardin,37.8915,-85.9636,8655,164.7,shape,true,true,America/New_York,4,40121 40122,1840073833
Corbin,Corbin,Kentucky,21235,Whitley,36.9323,-84.1006,8611,418.4,shape,false,true,America/New_York,3,40701 40702,1840014405
Edgewood,Edgewood,Kentucky,21117,Kenton,39.0092,-84.5604,8447,765.2,shape,false,true,America/New_York,3,41017,1840013166
Oak Grove,Oak Grove,Kentucky,21047,Christian,36.6686,-87.4216,7895,284.6,shape,false,true,America/Chicago,3,42262,1840014397
London,London,Kentucky,21125,Laurel,37.1175,-84.0767,7612,233.3,shape,false,true,America/New_York,3,40741 40744 40743,1840015258
Pikeville,Pikeville,Kentucky,21195,Pike,37.4806,-82.5262,7563,140.6,shape,false,true,America/New_York,3,41501 41502,1840014348
Mount Sterling,Mount Sterling,Kentucky,21173,Montgomery,38.0648,-83.9472,7532,647.0,shape,false,true,America/New_York,3,40353,1840014319
Union,Union,Kentucky,21015,Boone,38.9469,-84.6729,7369,819.3,shape,false,true,America/New_York,3,41091,1840015166
Villa Hills,Villa Hills,Kentucky,21117,Kenton,39.0656,-84.5949,7331,786.0,shape,false,true,America/New_York,3,41017,1840015176
Flatwoods,Flatwoods,Kentucky,21089,Greenup,38.521,-82.7196,7312,807.3,shape,false,true,America/New_York,3,41139,1840013182
Russellville,Russellville,Kentucky,21141,Logan,36.8394,-86.895,7186,255.2,shape,false,true,America/Chicago,3,42276,1840014401
Morehead,Morehead,Kentucky,21205,Rowan,38.1906,-83.4466,7001,279.4,shape,false,true,America/New_York,3,40351,1840014291
Taylor Mill,Taylor Mill,Kentucky,21117,Kenton,39.0092,-84.4988,6851,432.7,shape,false,true,America/New_York,3,41015,1840015175
Vine Grove,Vine Grove,Kentucky,21093,Hardin,37.8134,-85.9828,6611,371.7,shape,false,true,America/New_York,3,40175 40160,1840015218
Hebron,Hebron,Kentucky,21015,Boone,39.0626,-84.709,6607,397.4,shape,false,false,America/New_York,3,41048 41005 41021,1840026680
Highland Heights,Highland Heights,Kentucky,21037,Campbell,39.0354,-84.4567,6566,967.5,shape,false,true,America/New_York,3,41076 41099,1840014262
Leitchfield,Leitchfield,Kentucky,21085,Grayson,37.4863,-86.2856,6432,230.9,shape,false,true,America/Chicago,3,42754 42755,1840014366
Cynthiana,Cynthiana,Kentucky,21097,Harrison,38.386,-84.2992,6355,558.9,shape,false,true,America/New_York,3,41031,1840014283
Lebanon,Lebanon,Kentucky,21155,Marion,37.5691,-85.2594,6274,379.9,shape,false,true,America/New_York,3,40033,1840014353
Cold Spring,Cold Spring,Kentucky,21037,Campbell,39.013,-84.435,6258,509.0,shape,false,true,America/New_York,3,41076,1840014257
Princeton,Princeton,Kentucky,21033,Caldwell,37.1068,-87.8853,6248,268.5,shape,false,true,America/Chicago,3,42445,1840014382
Crestwood,Crestwood,Kentucky,21185,Oldham,38.3355,-85.4839,6175,589.1,shape,false,true,America/New_York,3,40014,1840014284
Wilmore,Wilmore,Kentucky,21113,Jessamine,37.8786,-84.6545,6017,466.7,shape,false,true,America/New_York,3,40390 40356,1840015220
Fort Wright,Fort Wright,Kentucky,21117,Kenton,39.0463,-84.5362,5841,663.4,shape,false,true,America/New_York,3,41011 41015 41017,1840013171
Monticello,Monticello,Kentucky,21231,Wayne,36.8412,-84.8502,5770,365.8,shape,false,true,America/Kentucky/Monticello,3,42633,1840014404
Central City,Central City,Kentucky,21177,Muhlenberg,37.2963,-87.128,5740,423.2,shape,false,true,America/Chicago,3,42330,1840014378
Dayton,Dayton,Kentucky,21037,Campbell,39.1127,-84.4639,5674,1686.6,shape,false,true,America/New_York,3,41074,1840014259
Bellevue,Bellevue,Kentucky,21037,Campbell,39.1012,-84.4775,5596,2386.4,shape,false,true,America/New_York,2,41073,1840013164
Walton,Walton,Kentucky,21015,Boone,38.8645,-84.6122,5492,447.3,shape,false,true,America/New_York,3,41094,1840015167
Douglass Hills,Douglass Hills,Kentucky,21111,Jefferson,38.2367,-85.5499,5466,1591.8,shape,false,true,America/New_York,3,40243 40223,1840014294
Williamsburg,Williamsburg,Kentucky,21235,Whitley,36.7393,-84.1647,5229,484.2,shape,false,true,America/New_York,3,40769,1840015267
Hazard,Hazard,Kentucky,21193,Perry,37.2584,-83.1977,5194,269.2,shape,false,true,America/New_York,3,41701 41702,1840014376
Hendron,Hendron,Kentucky,21145,McCracken,37.035,-88.6427,5112,369.0,shape,false,false,America/Chicago,3,42003,1840013262
Columbia,Columbia,Kentucky,21001,Adair,37.1036,-85.3073,4811,381.2,shape,false,true,America/Chicago,3,42728,1840014384
Benton,Benton,Kentucky,21157,Marshall,36.8479,-88.3602,4753,364.1,shape,false,true,America/Chicago,3,42025,1840013275
Massac,Massac,Kentucky,21145,McCracken,37.0335,-88.6858,4722,450.9,shape,false,false,America/Chicago,3,42001,1840013263
Hurstbourne,Hurstbourne,Kentucky,21111,Jefferson,38.2379,-85.5891,4654,998.0,shape,false,true,America/New_York,3,40222,1840014308
Reidland,Reidland,Kentucky,21145,McCracken,37.0085,-88.5261,4647,374.5,shape,false,false,America/Chicago,3,42003,1840013264
Prospect,Prospect,Kentucky,21111,Jefferson,38.3471,-85.6103,4624,466.1,shape,false,true,America/New_York,3,40059,1840014301
Westwood,Westwood,Kentucky,21019,Boyd,38.4806,-82.6798,4581,473.4,shape,false,false,America/New_York,3,41102 41101,1840142797
Farley,Farley,Kentucky,21145,McCracken,37.0405,-88.5734,4559,297.8,shape,false,true,America/Chicago,3,42003,1840043099
Greenville,Greenville,Kentucky,21177,Muhlenberg,37.2121,-87.178,4463,335.6,shape,false,true,America/Chicago,3,42345,1840013249
Ludlow,Ludlow,Kentucky,21117,Kenton,39.0904,-84.5498,4384,1848.6,shape,false,true,America/New_York,3,41016,1840015173
Crescent Springs,Crescent Springs,Kentucky,21117,Kenton,39.0553,-84.5787,4350,1124.0,shape,false,true,America/New_York,3,41017,1840014264
Scottsville,Scottsville,Kentucky,21003,Allen,36.7544,-86.2053,4332,262.2,shape,false,true,America/Chicago,3,42164,1840015271
Paintsville,Paintsville,Kentucky,21115,Johnson,37.8163,-82.8089,4277,249.2,shape,false,true,America/New_York,3,41222 41240,1840014331
Crittenden,Crittenden,Kentucky,21081,Grant,38.7755,-84.6137,4033,457.3,shape,false,true,America/New_York,3,41035 41030,1840014271
Lancaster,Lancaster,Kentucky,21079,Garrard,37.6148,-84.5815,3943,667.6,shape,false,true,America/New_York,3,40444,1840014345
Williamstown,Williamstown,Kentucky,21081,Grant,38.6415,-84.5675,3909,89.6,shape,false,true,America/New_York,3,41097,1840015179
Carrollton,Carrollton,Kentucky,21041,Carroll,38.6799,-85.1658,3889,737.6,shape,false,true,America/New_York,3,41008,1840014272
Prestonsburg,Prestonsburg,Kentucky,21071,Floyd,37.6819,-82.7661,3868,101.6,shape,false,true,America/New_York,3,41653,1840014346
Grayson,Grayson,Kentucky,21043,Carter,38.3317,-82.9371,3841,534.4,shape,false,true,America/New_York,3,41143,1840013196
Russell,Russell,Kentucky,21089,Greenup,38.5116,-82.6996,3704,419.3,shape,false,true,America/New_York,3,41101 41169 41139,1840014275
Southgate,Southgate,Kentucky,21037,Campbell,39.0631,-84.4715,3677,973.7,shape,false,true,America/New_York,3,41071,1840015170
Buckner,Buckner,Kentucky,21185,Oldham,38.3903,-85.4535,3658,163.5,shape,false,false,America/New_York,3,40031 40014 40010,1840013192
Stanford,Stanford,Kentucky,21137,Lincoln,37.5331,-84.6602,3654,294.4,shape,false,true,America/New_York,3,40484,1840015242
Beaver Dam,Beaver Dam,Kentucky,21183,Ohio,37.4042,-86.8741,3535,449.2,shape,false,true,America/Chicago,3,42320,1840013232
Claryville,Claryville,Kentucky,21037,Campbell,38.914,-84.4095,3364,180.4,shape,false,false,America/New_York,3,41001,1840030406
West Liberty,West Liberty,Kentucky,21175,Morgan,37.9161,-83.2668,3247,255.6,shape,false,true,America/New_York,3,41472,1840015215
Hodgenville,Hodgenville,Kentucky,21123,Larue,37.5668,-85.7354,3243,542.2,shape,false,true,America/New_York,3,42748,1840014351
Morganfield,Morganfield,Kentucky,21225,Union,37.6869,-87.8878,3242,444.8,shape,false,true,America/Chicago,3,42437,1840014342
Stanton,Stanton,Kentucky,21197,Powell,37.8465,-83.8564,3214,545.2,shape,false,true,America/New_York,3,40380,1840015222
Crestview Hills,Crestview Hills,Kentucky,21117,Kenton,39.0249,-84.5695,3212,652.9,shape,false,true,America/New_York,3,41017,1840014265
Barbourville,Barbourville,Kentucky,21121,Knox,36.8667,-83.885,3195,464.5,shape,false,true,America/New_York,3,40906,1840013277
Park Hills,Park Hills,Kentucky,21117,Kenton,39.0692,-84.5313,3159,1569.7,shape,false,true,America/New_York,3,41011 41012 41019,1840014266
Wilder,Wilder,Kentucky,21037,Campbell,39.0401,-84.4816,3152,337.3,shape,false,true,America/New_York,3,41071 41076,1840015171
Rineyville,Rineyville,Kentucky,21093,Hardin,37.7501,-85.9703,3006,254.2,shape,false,false,America/New_York,3,40162,1840030569
Simpsonville,Simpsonville,Kentucky,21211,Shelby,38.2167,-85.3515,2976,488.4,shape,false,true,America/New_York,3,40067,1840015206
Flemingsburg,Flemingsburg,Kentucky,21069,Fleming,38.4236,-83.7373,2955,424.0,shape,false,true,America/New_York,3,41041,1840013191
Marion,Marion,Kentucky,21055,Crittenden,37.3321,-88.0795,2905,308.6,shape,false,true,America/Chicago,3,42064,1840015248
Brandenburg,Brandenburg,Kentucky,21163,Meade,37.9956,-86.1773,2896,273.0,shape,false,true,America/New_York,3,40108,1840013213
Indian Hills,Indian Hills,Kentucky,21111,Jefferson,38.2809,-85.6617,2891,563.2,shape,false,true,America/New_York,3,40207,1840014310
Providence,Providence,Kentucky,21233,Webster,37.3993,-87.7509,2883,184.7,shape,false,true,America/Chicago,3,42450,1840014361
Springfield,Springfield,Kentucky,21229,Washington,37.6922,-85.2193,2846,267.1,shape,false,true,America/New_York,3,40069 40061,1840015225
Graymoor-Devondale,Graymoor-Devondale,Kentucky,21111,Jefferson,38.2733,-85.6177,2845,1489.9,shape,false,true,America/New_York,3,40222,1840013205
Lakeside Park,Lakeside Park,Kentucky,21117,Kenton,39.0339,-84.5673,2830,1394.1,shape,false,true,America/New_York,3,41017,1840014269
Irvine,Irvine,Kentucky,21065,Estill,37.6964,-83.9678,2785,737.5,shape,false,true,America/New_York,3,40336,1840014344
Eddyville,Eddyville,Kentucky,21143,Lyon,37.0759,-88.077,2783,155.8,shape,false,true,America/Chicago,3,42038,1840013267
Morgantown,Morgantown,Kentucky,21031,Butler,37.2174,-86.7001,2734,317.3,shape,false,true,America/Chicago,3,42261,1840014380
Russell Springs,Russell Springs,Kentucky,21207,Russell,37.051,-85.0774,2713,222.1,shape,false,true,America/Chicago,3,42642,1840014391
Cave City,Cave City,Kentucky,21009,Barren,37.14,-85.9646,2707,237.0,shape,false,true,America/Chicago,3,42127,1840014394
Eminence,Eminence,Kentucky,21103,Henry,38.3637,-85.1779,2705,367.1,shape,false,true,America/New_York,3,40019,1840013187
Tompkinsville,Tompkinsville,Kentucky,21171,Monroe,36.7012,-85.6927,2699,317.3,shape,false,true,America/Chicago,3,42167,1840015272
Sorgho,Sorgho,Kentucky,21059,Daviess,37.7518,-87.219,2696,219.5,shape,false,false,America/Chicago,3,42301,1840060588
Fulton,Fulton,Kentucky,21075,Fulton,36.5145,-88.882,2693,359.5,shape,false,true,America/Chicago,3,42041,1840013296
Pioneer Village,Pioneer Village,Kentucky,21029,Bullitt,38.0599,-85.68,2687,846.5,shape,false,true,America/New_York,3,40229 40165,1840014323
Hartford,Hartford,Kentucky,21183,Ohio,37.4507,-86.893,2672,363.6,shape,false,true,America/Chicago,3,42347,1840013231
Louisa,Louisa,Kentucky,21127,Lawrence,38.1081,-82.6132,2652,456.7,shape,false,true,America/New_York,3,41230,1840015209
Carlisle,Carlisle,Kentucky,21181,Nicholas,38.3163,-84.0333,2627,761.7,shape,false,true,America/New_York,3,40311,1840014290
Cadiz,Cadiz,Kentucky,21221,Trigg,36.8695,-87.8048,2618,337.1,shape,false,true,America/Chicago,3,42211,1840013282
Falmouth,Falmouth,Kentucky,21191,Pendleton,38.6708,-84.3311,2548,723.5,shape,false,true,America/New_York,3,41040,1840013173
Calvert City,Calvert City,Kentucky,21157,Marshall,37.0294,-88.3602,2524,54.5,shape,false,true,America/Chicago,3,42044 42029,1840013276
Hardinsburg,Hardinsburg,Kentucky,21027,Breckinridge,37.7755,-86.4537,2476,276.5,shape,false,true,America/Chicago,3,40143,1840013217
Anchorage,Anchorage,Kentucky,21111,Jefferson,38.2689,-85.5364,2419,315.7,shape,false,true,America/New_York,3,40223 40233,1840013198
Cumberland,Cumberland,Kentucky,21095,Harlan,36.9824,-82.992,2390,296.3,shape,false,true,America/New_York,3,40823,1840014403
Thruston,Thruston,Kentucky,21059,Daviess,37.7903,-87.0265,2388,522.4,shape,false,false,America/Chicago,3,42303,1840062416
Horse Cave,Horse Cave,Kentucky,21099,Hart,37.1738,-85.9146,2353,288.8,shape,false,true,America/Chicago,3,42749,1840014375
Jamestown,Jamestown,Kentucky,21207,Russell,36.9893,-85.0662,2343,246.2,shape,false,true,America/Chicago,3,42629,1840014392
Mount Vernon,Mount Vernon,Kentucky,21203,Rockcastle,37.3654,-84.3401,2342,321.3,shape,false,true,America/New_York,3,40456 40473,1840014371
Greensburg,Greensburg,Kentucky,21087,Green,37.2599,-85.4962,2307,438.0,shape,false,true,America/Chicago,3,42743,1840013243
Elk Creek,Elk Creek,Kentucky,21215,Spencer,38.117,-85.3722,2295,153.0,shape,false,false,America/New_York,3,40023 40071,1840025690
Jackson,Jackson,Kentucky,21025,Breathitt,37.5589,-83.3783,2286,351.9,shape,false,true,America/New_York,3,41339,1840014357
Albany,Albany,Kentucky,21053,Clinton,36.6906,-85.1353,2264,384.4,shape,false,true,America/Chicago,3,42602,1840013289
Dry Ridge,Dry Ridge,Kentucky,21081,Grant,38.6838,-84.6005,2227,170.4,shape,false,true,America/New_York,3,41035,1840013179
Manchester,Manchester,Kentucky,21051,Clay,37.1464,-83.7635,2195,289.5,shape,false,true,America/New_York,3,40962,1840015255
Windy Hills,Windy Hills,Kentucky,21111,Jefferson,38.2702,-85.6378,2193,919.9,shape,false,true,America/New_York,3,40207,1840015202
Warsaw,Warsaw,Kentucky,21077,Gallatin,38.7774,-84.904,2180,875.2,shape,false,true,America/New_York,3,41095,1840015178
Lewisport,Lewisport,Kentucky,21091,Hancock,37.9309,-86.9027,2180,883.6,shape,false,true,America/Chicago,3,42351,1840014333
Masonville,Masonville,Kentucky,21059,Daviess,37.6718,-87.0511,2175,81.1,shape,false,false,America/Chicago,3,42376,1840013224
Junction City,Junction City,Kentucky,21021,Boyle,37.5853,-84.7903,2166,416.9,shape,false,true,America/New_York,3,40422 40440,1840014356
Liberty,Liberty,Kentucky,21045,Casey,37.3205,-84.9287,2164,446.6,shape,false,true,America/New_York,3,42539,1840015247
Whitesburg,Whitesburg,Kentucky,21133,Letcher,37.1183,-82.823,2153,265.4,shape,false,true,America/New_York,3,41858,1840015259
Lebanon Junction,Lebanon Junction,Kentucky,21029,Bullitt,37.8357,-85.7243,2090,143.0,shape,false,true,America/New_York,3,40150,1840014326
Brooks,Brooks,Kentucky,21029,Bullitt,38.0656,-85.7177,2069,221.3,shape,false,false,America/New_York,3,40109,1840013215
Worthington Hills,Worthington Hills,Kentucky,21111,Jefferson,38.3093,-85.527,2042,2242.7,shape,false,true,America/New_York,2,40245,1840015204
Dawson Springs,Dawson Springs,Kentucky,21107,Hopkins,37.174,-87.688,2026,203.6,shape,false,true,America/Chicago,3,42408,1840014367
Raceland,Raceland,Kentucky,21089,Greenup,38.5376,-82.7344,2015,314.1,shape,false,true,America/New_York,3,41183 41169,1840014274
Hurstbourne Acres,Hurstbourne Acres,Kentucky,21111,Jefferson,38.2201,-85.5907,1999,1777.6,shape,false,true,America/New_York,3,40220,1840014309
Owingsville,Owingsville,Kentucky,21011,Bath,38.1364,-83.7604,1960,301.2,shape,false,true,America/New_York,3,40360,1840014316
Beattyville,Beattyville,Kentucky,21129,Lee,37.5862,-83.7065,1956,329.0,shape,false,true,America/New_York,3,41311,1840013234
North Corbin,North Corbin,Kentucky,21125,Laurel,36.9649,-84.0973,1955,438.9,shape,false,false,America/New_York,3,40701,1840013256
Elkton,Elkton,Kentucky,21219,Todd,36.8134,-87.161,1953,286.0,shape,false,true,America/Chicago,3,42220,1840013272
Orchard Grass Hills,Orchard Grass Hills,Kentucky,21185,Oldham,38.3234,-85.5236,1937,1925.5,shape,false,true,America/New_York,3,40014,1840030806
West Buechel,West Buechel,Kentucky,21111,Jefferson,38.195,-85.6678,1936,1169.1,shape,false,true,America/New_York,3,40218,1840015200
Harlan,Harlan,Kentucky,21095,Harlan,36.8433,-83.3184,1908,541.8,shape,false,true,America/New_York,3,40831,1840013280
Edmonton,Edmonton,Kentucky,21169,Metcalfe,36.9854,-85.6192,1898,192.5,shape,false,true,America/Chicago,3,42129,1840013266
Hickman,Hickman,Kentucky,21075,Fulton,36.565,-89.1836,1884,205.0,shape,false,true,America/Chicago,3,42050,1840014420
Salyersville,Salyersville,Kentucky,21153,Magoffin,37.7459,-83.0646,1880,294.1,shape,false,true,America/New_York,3,41465,1840015230
Doe Valley,Doe Valley,Kentucky,21163,Meade,37.9745,-86.1107,1871,177.9,shape,false,false,America/New_York,3,40108,1840030816
Jenkins,Jenkins,Kentucky,21133,Letcher,37.1826,-82.631,1862,81.3,shape,false,true,America/New_York,3,41517 41537,1840014385
Jeffersonville,Jeffersonville,Kentucky,21173,Montgomery,37.966,-83.8319,1833,258.0,shape,false,true,America/New_York,3,40337,1840014320
Ledbetter,Ledbetter,Kentucky,21139,Livingston,37.0485,-88.4949,1815,101.9,shape,false,false,America/Chicago,3,42058,1840013246
Sebree,Sebree,Kentucky,21233,Webster,37.604,-87.5187,1798,236.3,shape,false,true,America/Chicago,3,42455,1840015239
Pineville,Pineville,Kentucky,21013,Bell,36.7532,-83.7076,1796,205.6,shape,false,true,America/New_York,3,40977,1840014407
Catlettsburg,Catlettsburg,Kentucky,21019,Boyd,38.419,-82.6025,1782,515.7,shape,false,true,America/New_York,3,41129,1840014288
Breckinridge Center,Breckinridge Center,Kentucky,21225,Union,37.682,-87.8656,1770,260.4,shape,false,false,America/Chicago,3,42437,1840030812
Midway,Midway,Kentucky,21239,Woodford,38.1562,-84.676,1748,470.9,shape,false,true,America/New_York,3,40347,1840014318
Munfordville,Munfordville,Kentucky,21099,Hart,37.2795,-85.8982,1746,300.9,shape,false,true,America/Chicago,3,42765,1840014374
Worthington,Worthington,Kentucky,21089,Greenup,38.5509,-82.7348,1722,585.3,shape,false,true,America/New_York,3,41183,1840015185
Taylorsville,Taylorsville,Kentucky,21215,Spencer,38.0368,-85.3333,1718,707.1,shape,false,true,America/New_York,3,40071,1840015213
Sturgis,Sturgis,Kentucky,21225,Union,37.5466,-87.9879,1693,417.3,shape,false,true,America/Chicago,3,42459,1840015227
St. Regis Park,St. Regis Park,Kentucky,21111,Jefferson,38.2289,-85.6158,1671,1174.9,shape,false,true,America/New_York,3,40220,1840015195
Auburn,Auburn,Kentucky,21141,Logan,36.8654,-86.711,1645,346.7,shape,false,true,America/Chicago,3,42206,1840013270
Owenton,Owenton,Kentucky,21187,Owen,38.5385,-84.8411,1640,333.1,shape,false,true,America/New_York,3,40359,1840014278
Augusta,Augusta,Kentucky,21023,Bracken,38.7723,-84.0003,1599,518.7,shape,false,true,America/New_York,3,41002,1840013176
Clay City,Clay City,Kentucky,21197,Powell,37.8622,-83.9277,1567,571.2,shape,false,true,America/New_York,3,40312,1840014339
Olive Hill,Olive Hill,Kentucky,21043,Carter,38.3037,-83.1682,1545,299.8,shape,false,true,America/New_York,3,41164,1840014289
Coal Run Village,Coal Run Village,Kentucky,21195,Pike,37.5372,-82.5577,1519,67.0,shape,false,true,America/New_York,3,41501,1840014347
Pewee Valley,Pewee Valley,Kentucky,21185,Oldham,38.3105,-85.4896,1514,302.6,shape,false,true,America/New_York,3,40056,1840014285
Pine Knot,Pine Knot,Kentucky,21147,McCreary,36.6648,-84.4395,1483,89.4,shape,false,false,America/New_York,3,42635 42649,1840013285
Burkesville,Burkesville,Kentucky,21057,Cumberland,36.7906,-85.3675,1423,213.4,shape,false,true,America/Chicago,3,42717,1840013288
Guthrie,Guthrie,Kentucky,21219,Todd,36.6503,-87.1735,1414,270.0,shape,false,true,America/Chicago,3,42234,1840013273
Audubon Park,Audubon Park,Kentucky,21111,Jefferson,38.205,-85.727,1412,1680.0,shape,false,true,America/New_York,3,40213,1840013199
Irvington,Irvington,Kentucky,21027,Breckinridge,37.8779,-86.2848,1387,551.9,shape,false,true,America/Chicago,3,40146,1840014328
South Shore,South Shore,Kentucky,21089,Greenup,38.7224,-82.9647,1375,808.6,shape,false,true,America/New_York,3,41175,1840015184
Coldstream,Coldstream,Kentucky,21111,Jefferson,38.3144,-85.5264,1374,2242.7,shape,false,true,America/New_York,2,40245,1840030795
Brodhead,Brodhead,Kentucky,21203,Rockcastle,37.4027,-84.4144,1361,301.1,shape,false,true,America/New_York,3,40409,1840013241
Silver Grove,Silver Grove,Kentucky,21037,Campbell,39.0404,-84.3995,1335,456.0,shape,false,true,America/New_York,3,41076 41085,1840015169
Plano,Plano,Kentucky,21227,Warren,36.8772,-86.4165,1314,491.4,shape,false,false,America/Chicago,3,42104,1840026880
Hebron Estates,Hebron Estates,Kentucky,21029,Bullitt,38.0501,-85.6682,1308,855.1,shape,false,true,America/New_York,3,40165,1840014324
West Van Lear,West Van Lear,Kentucky,21115,Johnson,37.7852,-82.7891,1304,462.9,shape,false,false,America/New_York,3,41222 41268,1840140799
Vanceburg,Vanceburg,Kentucky,21135,Lewis,38.5944,-83.3245,1303,347.3,shape,false,true,America/New_York,3,41179,1840015187
Beechwood Village,Beechwood Village,Kentucky,21111,Jefferson,38.2555,-85.6295,1302,1861.0,shape,false,true,America/New_York,3,40207,1840013207
Stearns,Stearns,Kentucky,21147,McCreary,36.6957,-84.4768,1224,117.6,shape,false,false,America/New_York,3,42647 42649,1840013283
Pleasureville,Pleasureville,Kentucky,21103,Henry,38.351,-85.1121,1223,975.9,shape,false,true,America/New_York,3,40057,1840014282
Muldraugh,Muldraugh,Kentucky,21163,Meade,37.9365,-85.9915,1221,900.5,shape,false,true,America/New_York,3,40155,1840014317
Earlington,Earlington,Kentucky,21107,Hopkins,37.2754,-87.5066,1219,166.8,shape,false,true,America/Chicago,3,42431 42410,1840013237
Clarkson,Clarkson,Kentucky,21085,Grayson,37.4937,-86.2259,1218,442.2,shape,false,true,America/Chicago,3,42726 42754,1840014365
Bellefonte,Bellefonte,Kentucky,21089,Greenup,38.4949,-82.6911,1216,533.1,shape,false,true,America/New_York,3,41101,1840013184
Barbourmeade,Barbourmeade,Kentucky,21111,Jefferson,38.2986,-85.6009,1213,1185.2,shape,false,true,America/New_York,3,40242 40241,1840013200
Annville,Annville,Kentucky,21109,Jackson,37.3254,-83.9621,1189,57.3,shape,false,false,America/New_York,3,40402 40486,1840013236
Cloverport,Cloverport,Kentucky,21027,Breckinridge,37.8311,-86.6304,1185,313.2,shape,false,true,America/Chicago,3,40111,1840014327
Clinton,Clinton,Kentucky,21105,Hickman,36.6663,-88.9938,1173,280.9,shape,false,true,America/Chicago,3,42031,1840014408
Whitley City,Whitley City,Kentucky,21147,McCreary,36.7238,-84.4731,1148,192.2,shape,false,false,America/New_York,3,42653,1840013284
Verona,Verona,Kentucky,21015,Boone,38.8122,-84.6649,1146,36.2,shape,false,false,America/New_York,3,41092 41030,1840026683
Dixon,Dixon,Kentucky,21233,Webster,37.5134,-87.6959,1134,350.5,shape,false,true,America/Chicago,3,42409,1840014360
Wurtland,Wurtland,Kentucky,21089,Greenup,38.5495,-82.7788,1133,247.6,shape,false,true,America/New_York,3,41144,1840015186
Heritage Creek,Heritage Creek,Kentucky,21111,Jefferson,38.0951,-85.6125,1109,790.8,shape,false,true,America/New_York,3,40229 40228,1840014305
Northfield,Northfield,Kentucky,21111,Jefferson,38.2857,-85.6363,1106,906.6,shape,false,true,America/New_York,3,40222,1840014297
Lewisburg,Lewisburg,Kentucky,21141,Logan,36.9872,-86.9502,1084,360.2,shape,false,true,America/Chicago,3,42256,1840014402
Burnside,Burnside,Kentucky,21199,Pulaski,37.0042,-84.6489,1081,109.4,shape,false,true,America/New_York,3,42503 42519 42544 42518,1840013254
Clay,Clay,Kentucky,21233,Webster,37.4763,-87.8202,1079,483.4,shape,false,true,America/Chicago,3,42404,1840014359
West Point,West Point,Kentucky,21093,Hardin,37.9851,-85.9556,1073,155.5,shape,false,true,America/New_York,3,40177,1840015219
Greenup,Greenup,Kentucky,21089,Greenup,38.5578,-82.8191,1068,237.9,shape,false,true,America/New_York,3,41144,1840013183
Brownsville,Brownsville,Kentucky,21061,Edmonson,37.1952,-86.2691,1050,155.2,shape,false,true,America/Chicago,3,42210,1840013255
Campbellsburg,Campbellsburg,Kentucky,21103,Henry,38.522,-85.2195,1045,305.0,shape,false,true,America/New_York,3,40011,1840013188
Burgin,Burgin,Kentucky,21167,Mercer,37.7543,-84.7632,1044,320.9,shape,false,true,America/New_York,3,40330 40310,1840013223
Hawesville,Hawesville,Kentucky,21091,Hancock,37.8962,-86.7561,1043,248.1,shape,false,true,America/Chicago,3,42348,1840014332
Goshen,Goshen,Kentucky,21185,Oldham,38.4026,-85.5823,1037,1828.2,shape,false,true,America/New_York,3,40026,1840013193
Cannonsburg,Cannonsburg,Kentucky,21019,Boyd,38.3806,-82.7006,1032,228.6,shape,false,false,America/New_York,3,41102,1840026749
Camargo,Camargo,Kentucky,21173,Montgomery,37.997,-83.8926,1018,179.7,shape,false,true,America/New_York,3,40353,1840013214
Hanson,Hanson,Kentucky,21107,Hopkins,37.4184,-87.4809,1015,166.4,shape,false,true,America/Chicago,3,42413,1840013238
Elkhorn City,Elkhorn City,Kentucky,21195,Pike,37.3202,-82.3522,1013,50.0,shape,false,true,America/New_York,3,41522,1840013229
Bloomfield,Bloomfield,Kentucky,21179,Nelson,37.9122,-85.314,1013,271.4,shape,false,true,America/New_York,3,40008,1840013221
White Plains,White Plains,Kentucky,21107,Hopkins,37.1707,-87.3801,1009,119.8,shape,false,true,America/Chicago,3,42464,1840015246
Rolling Hills,Rolling Hills,Kentucky,21111,Jefferson,38.2825,-85.5784,1001,1914.9,shape,false,true,America/New_York,3,40242,1840014304
South Wallins,South Wallins,Kentucky,21095,Harlan,36.8152,-83.4044,976,59.7,shape,false,false,America/New_York,3,40873,1840013278
Philpot,Philpot,Kentucky,21059,Daviess,37.7356,-87.0013,970,114.0,shape,false,false,America/Chicago,3,42303 42366,1840140759
Bromley,Bromley,Kentucky,21117,Kenton,39.0801,-84.5629,956,863.6,shape,false,true,America/New_York,3,41017 41016,1840013172
Bellemeade,Bellemeade,Kentucky,21111,Jefferson,38.251,-85.591,944,526.7,shape,false,true,America/New_York,3,40223 40222,1840013208
Langdon Place,Langdon Place,Kentucky,21111,Jefferson,38.2865,-85.5849,933,1886.4,shape,false,true,America/New_York,3,40242 40241,1840030800
Meadow Vale,Meadow Vale,Kentucky,21111,Jefferson,38.2833,-85.5725,922,1810.1,shape,false,true,America/New_York,3,40242 40241,1840030803
Stamping Ground,Stamping Ground,Kentucky,21209,Scott,38.2697,-84.6831,908,596.5,shape,false,true,America/New_York,3,40379,1840015190
Pembroke,Pembroke,Kentucky,21047,Christian,36.7752,-87.358,900,312.9,shape,false,true,America/Chicago,3,42266,1840014398
Livermore,Livermore,Kentucky,21149,McLean,37.4919,-87.1343,892,332.5,shape,false,true,America/Chicago,3,42352,1840015237
Plantation,Plantation,Kentucky,21111,Jefferson,38.2834,-85.5936,890,594.9,shape,false,true,America/New_York,3,40242,1840014300
Pleasant Ridge,Pleasant Ridge,Kentucky,21059,Daviess,37.5939,-86.9935,890,97.8,shape,false,false,America/Chicago,3,42376,1840060477
Ryland Heights,Ryland Heights,Kentucky,21117,Kenton,38.9701,-84.4607,888,64.8,shape,false,true,America/New_York,3,41015,1840015174
Garrison,Garrison,Kentucky,21135,Lewis,38.6075,-83.1833,888,127.2,shape,false,false,America/New_York,3,41141 41179,1840026729
Flat Lick,Flat Lick,Kentucky,21121,Knox,36.8353,-83.7598,883,71.3,shape,false,false,America/New_York,3,40935,1840026894
Nortonville,Nortonville,Kentucky,21107,Hopkins,37.186,-87.4556,882,293.9,shape,false,true,America/Chicago,3,42442,1840014370
New Castle,New Castle,Kentucky,21103,Henry,38.4334,-85.1689,880,829.2,shape,false,true,America/New_York,3,40058 40050,1840014281
Salem,Salem,Kentucky,21139,Livingston,37.2653,-88.241,879,398.5,shape,false,true,America/Chicago,3,42078,1840015251
Evarts,Evarts,Kentucky,21095,Harlan,36.8645,-83.1926,874,476.8,shape,false,true,America/New_York,3,40828,1840013279
Fleming-Neon,Fleming-Neon,Kentucky,21133,Letcher,37.1953,-82.7048,862,206.1,shape,false,true,America/New_York,3,41840 41835,1840013258
McKee,McKee,Kentucky,21109,Jackson,37.43,-83.9859,862,138.3,shape,false,true,America/New_York,3,40447,1840015243
Spring Valley,Spring Valley,Kentucky,21111,Jefferson,38.2968,-85.6108,859,1240.9,shape,false,true,America/New_York,3,40241,1840030808
Auxier,Auxier,Kentucky,21071,Floyd,37.7356,-82.7663,856,355.4,shape,false,false,America/New_York,3,41602,1840026818
Blue Ridge Manor,Blue Ridge Manor,Kentucky,21111,Jefferson,38.2434,-85.5647,854,2467.7,shape,false,true,America/New_York,2,40223,1840013209
East Bernstadt,East Bernstadt,Kentucky,21125,Laurel,37.1923,-84.1209,850,155.3,shape,false,false,America/New_York,3,40729,1840013022
Wheelwright,Wheelwright,Kentucky,21071,Floyd,37.3392,-82.7186,850,186.5,shape,false,true,America/New_York,3,41606 41669,1840015233
Powderly,Powderly,Kentucky,21177,Muhlenberg,37.2374,-87.1589,849,209.8,shape,false,true,America/Chicago,3,42367 42345,1840014379
La Center,La Center,Kentucky,21007,Ballard,37.0749,-88.9748,846,539.5,shape,false,true,America/Chicago,3,42056,1840014387
Mortons Gap,Mortons Gap,Kentucky,21107,Hopkins,37.2402,-87.4668,841,274.2,shape,false,true,America/Chicago,3,42431 42440,1840014368
Inez,Inez,Kentucky,21159,Martin,37.8693,-82.5398,835,187.2,shape,false,true,America/New_York,3,41224,1840014338
Calhoun,Calhoun,Kentucky,21149,McLean,37.5411,-87.2596,833,491.7,shape,false,true,America/Chicago,3,42327,1840013235
Ferguson,Ferguson,Kentucky,21199,Pulaski,37.0632,-84.5922,827,162.6,shape,false,true,America/New_York,3,42501 42533,1840013253
Perryville,Perryville,Kentucky,21021,Boyle,37.6494,-84.9513,817,403.9,shape,false,true,America/New_York,3,40468,1840014355
Millersburg,Millersburg,Kentucky,21017,Bourbon,38.304,-84.145,808,761.5,shape,false,true,America/New_York,3,40311 40348,1840014313
Watterson Park,Watterson Park,Kentucky,21111,Jefferson,38.189,-85.6864,807,216.4,shape,false,true,America/New_York,3,40218 40213,1840015198
Crab Orchard,Crab Orchard,Kentucky,21137,Lincoln,37.4627,-84.5067,796,176.0,shape,false,true,America/New_York,3,40419,1840014362
New Haven,New Haven,Kentucky,21179,Nelson,37.6592,-85.5886,789,525.3,shape,false,true,America/New_York,3,40051,1840014334
Woodlawn Park,Woodlawn Park,Kentucky,21111,Jefferson,38.2615,-85.6306,776,1507.3,shape,false,true,America/New_York,3,40207,1840030619
Corydon,Corydon,Kentucky,21101,Henderson,37.7403,-87.7063,774,550.5,shape,false,true,America/Chicago,3,42406,1840014335
North Middletown,North Middletown,Kentucky,21017,Bourbon,38.1425,-84.1102,766,311.8,shape,false,true,America/New_York,3,40361 40357,1840014314
Bardwell,Bardwell,Kentucky,21039,Carlisle,36.874,-89.0091,766,342.1,shape,false,true,America/Chicago,3,42023,1840013287
Brooksville,Brooksville,Kentucky,21023,Bracken,38.6818,-84.0665,764,625.4,shape,false,true,America/New_York,3,41004,1840013178
Frenchburg,Frenchburg,Kentucky,21165,Menifee,37.9542,-83.6226,757,348.1,shape,false,true,America/New_York,3,40322,1840013216
Houston Acres,Houston Acres,Kentucky,21111,Jefferson,38.2146,-85.6143,751,1024.2,shape,false,true,America/New_York,3,40220,1840030478
Adairville,Adairville,Kentucky,21141,Logan,36.671,-86.856,747,245.4,shape,false,true,America/Chicago,3,42202,1840013269
Beechmont,Beechmont,Kentucky,21177,Muhlenberg,37.1714,-87.0364,747,158.6,shape,false,false,America/Chicago,3,42323 42321,1840026860
Ironville,Ironville,Kentucky,21019,Boyd,38.4562,-82.6978,735,365.1,shape,false,false,America/New_York,3,41102,1840030479
Uniontown,Uniontown,Kentucky,21225,Union,37.7732,-87.9318,732,332.4,shape,false,true,America/Chicago,3,42461,1840015228
Wickliffe,Wickliffe,Kentucky,21007,Ballard,36.9666,-89.0813,727,180.9,shape,false,true,America/Chicago,3,42087,1840015260
McRoberts,McRoberts,Kentucky,21133,Letcher,37.2132,-82.6687,726,50.0,shape,false,false,America/New_York,3,41835,1840013257
Wingo,Wingo,Kentucky,21083,Graves,36.6422,-88.7395,718,284.3,shape,false,true,America/Chicago,3,42088,1840015270
Science Hill,Science Hill,Kentucky,21199,Pulaski,37.1741,-84.6329,714,359.9,shape,false,true,America/New_York,3,42553,1840015256
Sandy Hook,Sandy Hook,Kentucky,21063,Elliott,38.0929,-83.124,708,278.4,shape,false,true,America/New_York,3,41171,1840015210
Smiths Grove,Smiths Grove,Kentucky,21227,Warren,37.0503,-86.2083,707,350.2,shape,false,true,America/Chicago,3,42171,1840015261
Hollow Creek,Hollow Creek,Kentucky,21111,Jefferson,38.1526,-85.6244,702,802.9,shape,false,true,America/New_York,3,40228,1840014306
Park City,Park City,Kentucky,21009,Barren,37.0934,-86.0486,700,184.1,shape,false,true,America/Chicago,3,42160,1840014395
Magnolia,Magnolia,Kentucky,21123,Larue,37.45,-85.7401,696,131.8,shape,false,false,America/Chicago,3,42757,1840026825
Artemus,Artemus,Kentucky,21121,Knox,36.8351,-83.8413,689,197.0,shape,false,false,America/New_York,3,40903 40906,1840026893
Sonora,Sonora,Kentucky,21093,Hardin,37.5319,-85.8947,688,195.9,shape,false,true,America/New_York,3,42776,1840015217
Lynch,Lynch,Kentucky,21095,Harlan,36.9641,-82.9138,684,306.6,shape,false,true,America/New_York,3,40855,1840015265
Millstone,Millstone,Kentucky,21133,Letcher,37.1638,-82.7495,675,89.6,shape,false,false,America/New_York,3,41838,1840026874
Caneyville,Caneyville,Kentucky,21085,Grayson,37.4241,-86.4906,665,155.8,shape,false,true,America/Chicago,3,42721,1840014364
Betsy Layne,Betsy Layne,Kentucky,21071,Floyd,37.5541,-82.6263,662,141.3,shape,false,false,America/New_York,3,41605 41635,1840026819
Ravenna,Ravenna,Kentucky,21065,Estill,37.6871,-83.9502,650,649.9,shape,false,true,America/New_York,3,40472,1840014343
Hindman,Hindman,Kentucky,21119,Knott,37.335,-82.9819,647,80.3,shape,false,true,America/New_York,3,41822,1840014373
Lynnview,Lynnview,Kentucky,21111,Jefferson,38.1791,-85.7112,641,1361.8,shape,false,true,America/New_York,3,40213,1840015192
Loretto,Loretto,Kentucky,21155,Marion,37.6351,-85.3985,640,77.5,shape,false,true,America/New_York,3,40037,1840015236
Kevil,Kevil,Kentucky,21007,Ballard,37.0842,-88.8829,634,430.4,shape,false,true,America/Chicago,3,42053,1840014386
Milton,Milton,Kentucky,21223,Trimble,38.7113,-85.3734,633,166.2,shape,false,true,America/New_York,3,40045,1840014276
Fox Chase,Fox Chase,Kentucky,21029,Bullitt,38.046,-85.6911,631,349.0,shape,false,true,America/New_York,3,40165,1840030796
Hardin,Hardin,Kentucky,21157,Marshall,36.7651,-88.3023,629,346.6,shape,false,true,America/Chicago,3,42048,1840013274
Kuttawa,Kuttawa,Kentucky,21143,Lyon,37.0593,-88.115,622,109.8,shape,false,true,America/Chicago,3,42038 42055,1840014393
Parkway Village,Parkway Village,Kentucky,21111,Jefferson,38.2113,-85.7381,622,2700.4,shape,false,true,America/New_York,2,40217,1840014299
Woodland Hills,Woodland Hills,Kentucky,21111,Jefferson,38.2393,-85.5289,621,1488.3,shape,false,true,America/New_York,3,40243 40253,1840015203
Island,Island,Kentucky,21149,McLean,37.4432,-87.1473,615,400.1,shape,false,true,America/Chicago,3,42350,1840014358
Loyall,Loyall,Kentucky,21095,Harlan,36.8527,-83.3506,614,513.1,shape,false,true,America/New_York,3,40854,1840015264
Hustonville,Hustonville,Kentucky,21137,Lincoln,37.4784,-84.8151,612,320.2,shape,false,true,America/New_York,3,40437,1840014363
Benham,Benham,Kentucky,21095,Harlan,36.9652,-82.9544,610,276.4,shape,false,true,America/New_York,3,40823 40807,1840013281
Chaplin,Chaplin,Kentucky,21179,Nelson,37.8996,-85.2196,603,168.4,shape,false,false,America/New_York,3,40008 40012,1840026801
Upton,Upton,Kentucky,21093,Hardin,37.4626,-85.899,600,170.6,shape,false,true,America/New_York,3,42784,1840015235
Fincastle,Fincastle,Kentucky,21111,Jefferson,38.3081,-85.5415,588,2193.9,shape,false,true,America/New_York,2,40241,1840013201
Petersburg,Petersburg,Kentucky,21015,Boone,39.0531,-84.8573,587,36.1,shape,false,false,America/New_York,3,41080,1840026681
Murray Hill,Murray Hill,Kentucky,21111,Jefferson,38.2905,-85.5872,585,1886.4,shape,false,true,America/New_York,3,40242 40241,1840030804
Green Spring,Green Spring,Kentucky,21111,Jefferson,38.3163,-85.6137,579,741.5,shape,false,true,America/New_York,3,40241,1840013206
Glenview,Glenview,Kentucky,21111,Jefferson,38.3019,-85.6519,574,155.5,shape,false,true,America/New_York,3,40222 40025,1840013203
Whitesville,Whitesville,Kentucky,21059,Daviess,37.683,-86.8701,570,510.5,shape,false,true,America/Chicago,3,42378,1840015223
Seneca Gardens,Seneca Gardens,Kentucky,21111,Jefferson,38.2272,-85.6773,570,1646.8,shape,false,true,America/New_York,3,40205,1840030576
Buffalo,Buffalo,Kentucky,21123,Larue,37.5081,-85.6992,565,184.7,shape,false,false,America/New_York,3,42716,1840026824
Maceo,Maceo,Kentucky,21059,Daviess,37.8624,-86.9914,554,143.8,shape,false,false,America/Chicago,3,42355,1840026806
Brownsboro Farm,Brownsboro Farm,Kentucky,21111,Jefferson,38.304,-85.5946,553,1186.8,shape,false,true,America/New_York,3,40241,1840030395
Butler,Butler,Kentucky,21191,Pendleton,38.7877,-84.372,553,860.5,shape,false,true,America/New_York,3,41006,1840013174
Robards,Robards,Kentucky,21101,Henderson,37.6766,-87.5333,550,70.2,shape,false,true,America/Chicago,3,42452,1840014336
Hyden,Hyden,Kentucky,21131,Leslie,37.162,-83.378,547,163.0,shape,false,true,America/New_York,3,41749,1840014383
Melbourne,Melbourne,Kentucky,21037,Campbell,39.0319,-84.3707,547,252.8,shape,false,true,America/New_York,3,41059,1840015168
Fordsville,Fordsville,Kentucky,21183,Ohio,37.6357,-86.7171,546,470.6,shape,false,true,America/Chicago,3,42343,1840013230
Barlow,Barlow,Kentucky,21007,Ballard,37.0512,-89.0444,544,381.4,shape,false,true,America/Chicago,3,42024,1840013260
Pippa Passes,Pippa Passes,Kentucky,21119,Knott,37.3342,-82.8733,543,470.3,shape,false,true,America/New_York,3,41844,1840014372
Emlyn,Emlyn,Kentucky,21235,Whitley,36.7023,-84.1418,540,292.3,shape,false,false,America/New_York,3,40769 40730,1840026914
Crofton,Crofton,Kentucky,21047,Christian,37.0477,-87.4842,529,321.9,shape,false,true,America/Chicago,3,42217,1840014396
Mayking,Mayking,Kentucky,21133,Letcher,37.1336,-82.773,527,132.1,shape,false,false,America/New_York,3,41858 41837,1840026873
Cawood,Cawood,Kentucky,21095,Harlan,36.7878,-83.2284,526,139.3,shape,false,false,America/New_York,3,40815,1840026895
Strathmoor Village,Strathmoor Village,Kentucky,21111,Jefferson,38.2208,-85.6778,525,2350.0,shape,false,true,America/New_York,2,40205,1840030590
Virgie,Virgie,Kentucky,21195,Pike,37.3323,-82.5823,522,196.9,shape,false,false,America/New_York,3,41572,1840026822
Poplar Hills,Poplar Hills,Kentucky,21111,Jefferson,38.178,-85.6931,519,1427.5,shape,false,true,America/New_York,3,40213,1840030793
Rolling Fields,Rolling Fields,Kentucky,21111,Jefferson,38.2689,-85.6708,516,749.6,shape,false,true,America/New_York,3,40207,1840014303
McDowell,McDowell,Kentucky,21071,Floyd,37.459,-82.734,516,80.4,shape,false,false,America/New_York,3,41651 41647,1840030513
Moorland,Moorland,Kentucky,21111,Jefferson,38.2728,-85.58,510,1521.5,shape,false,true,America/New_York,3,40242 40223,1840014296
Riverwood,Riverwood,Kentucky,21111,Jefferson,38.2829,-85.6612,501,548.1,shape,false,true,America/New_York,3,40207,1840014302
Bancroft,Bancroft,Kentucky,21111,Jefferson,38.2832,-85.6129,499,826.1,shape,false,true,America/New_York,3,40242 40222,1840030811
River Bluff,River Bluff,Kentucky,21185,Oldham,38.372,-85.604,496,747.4,shape,false,true,America/New_York,3,40059,1840014286
Drakesboro,Drakesboro,Kentucky,21177,Muhlenberg,37.2177,-87.0492,491,343.4,shape,false,true,America/Chicago,3,42337,1840013248
Crestview,Crestview,Kentucky,21037,Campbell,39.0246,-84.4157,488,308.4,shape,false,true,America/New_York,3,41076,1840014258
Strathmoor Manor,Strathmoor Manor,Kentucky,21111,Jefferson,38.219,-85.6836,486,2047.8,shape,false,true,America/New_York,2,40205,1840030589
Fredonia,Fredonia,Kentucky,21033,Caldwell,37.2085,-88.0603,475,295.3,shape,false,true,America/Chicago,3,42411,1840013251
Eubank,Eubank,Kentucky,21199,Pulaski,37.2799,-84.6541,471,214.7,shape,false,true,America/New_York,3,42567,1840013252
Norbourne Estates,Norbourne Estates,Kentucky,21111,Jefferson,38.2466,-85.6465,464,2254.8,shape,false,true,America/New_York,2,40207,1840030542
Symsonia,Symsonia,Kentucky,21083,Graves,36.9211,-88.5227,464,117.9,shape,false,false,America/Chicago,3,42082,1840026922
Plum Springs,Plum Springs,Kentucky,21227,Warren,37.021,-86.3777,458,333.2,shape,false,true,America/Chicago,3,42101,1840014390
Kenvir,Kenvir,Kentucky,21095,Harlan,36.8532,-83.1539,458,198.0,shape,false,false,America/New_York,3,40828 40847,1840026897
Hazel,Hazel,Kentucky,21035,Calloway,36.5055,-88.3253,448,254.1,shape,false,true,America/Chicago,3,42049,1840014411
Phelps,Phelps,Kentucky,21195,Pike,37.509,-82.1605,446,21.5,shape,false,false,America/New_York,3,41553,1840013228
Wellington,Wellington,Kentucky,21111,Jefferson,38.2167,-85.6703,443,1926.0,shape,false,true,America/New_York,3,40205,1840015199
Forest Hills,Forest Hills,Kentucky,21111,Jefferson,38.2158,-85.5834,440,996.5,shape,false,true,America/New_York,3,40299 40220,1840013202
Cecilia,Cecilia,Kentucky,21093,Hardin,37.6622,-85.9522,439,118.4,shape,false,false,America/New_York,3,42724,1840026798
Centertown,Centertown,Kentucky,21183,Ohio,37.4177,-86.9959,436,254.8,shape,false,true,America/Chicago,3,42328,1840014349
Coldiron,Coldiron,Kentucky,21095,Harlan,36.8286,-83.4524,434,213.1,shape,false,false,America/New_York,3,40819,1840026896
Yelvington,Yelvington,Kentucky,21059,Daviess,37.8483,-86.9749,433,220.7,shape,false,false,America/Chicago,3,42355,1840060723
Grand Rivers,Grand Rivers,Kentucky,21139,Livingston,37.005,-88.233,432,90.8,shape,false,true,America/Chicago,3,42045,1840013247
Willisburg,Willisburg,Kentucky,21229,Washington,37.8093,-85.1208,431,242.5,shape,false,true,America/New_York,3,40078,1840015226
Gamaliel,Gamaliel,Kentucky,21171,Monroe,36.6402,-85.7963,430,206.1,shape,false,true,America/Chicago,3,42140,1840013292
Wallins Creek,Wallins Creek,Kentucky,21095,Harlan,36.8297,-83.4173,429,312.2,shape,false,false,America/New_York,3,40873,1840015266
Sharpsburg,Sharpsburg,Kentucky,21011,Bath,38.2016,-83.9278,428,321.9,shape,false,true,America/New_York,3,40374,1840015208
Diablock,Diablock,Kentucky,21193,Perry,37.2295,-83.1709,425,640.2,shape,false,false,America/New_York,3,41701,1840026855
Cerulean,Cerulean,Kentucky,21221,Trigg,36.9552,-87.7089,419,63.3,shape,false,false,America/Chicago,3,42215,1840026901
Sacramento,Sacramento,Kentucky,21149,McLean,37.416,-87.2678,413,370.6,shape,false,true,America/Chicago,3,42372,1840015238
Martin,Martin,Kentucky,21071,Floyd,37.5667,-82.7604,410,216.3,shape,false,true,America/New_York,3,41649,1840015231
Norwood,Norwood,Kentucky,21111,Jefferson,38.2522,-85.6109,389,1303.4,shape,false,true,America/New_York,3,40222,1840014298
Kingsley,Kingsley,Kentucky,21111,Jefferson,38.2219,-85.6726,389,1926.0,shape,false,true,America/New_York,3,40205,1840014312
Sanders,Sanders,Kentucky,21041,Carroll,38.6549,-84.9466,385,298.0,shape,false,true,America/New_York,3,41083,1840015182
Briarwood,Briarwood,Kentucky,21111,Jefferson,38.278,-85.5926,385,1009.5,shape,false,true,America/New_York,3,40242,1840030393
Old Brownsboro Place,Old Brownsboro Place,Kentucky,21111,Jefferson,38.2892,-85.6132,384,1092.3,shape,false,true,America/New_York,3,40242 40241,1840030805
Bremen,Bremen,Kentucky,21177,Muhlenberg,37.3623,-87.2201,383,200.7,shape,false,true,America/Chicago,3,42325,1840013250
Salt Lick,Salt Lick,Kentucky,21011,Bath,38.1194,-83.6156,376,185.8,shape,false,true,America/New_York,3,40371,1840015207
Hollyvilla,Hollyvilla,Kentucky,21111,Jefferson,38.0929,-85.7469,376,573.7,shape,false,true,America/New_York,3,40118,1840014307
Stanley,Stanley,Kentucky,21059,Daviess,37.8183,-87.2452,369,170.4,shape,false,false,America/Chicago,3,42301,1840030586
Rockholds,Rockholds,Kentucky,21235,Whitley,36.8308,-84.1131,369,120.1,shape,false,false,America/New_York,3,40759,1840026916
South Williamson,South Williamson,Kentucky,21195,Pike,37.6633,-82.2879,367,71.8,shape,false,false,America/New_York,3,41503,1840030585
Summersville,Summersville,Kentucky,21087,Green,37.3265,-85.543,366,48.9,shape,false,false,America/Chicago,3,42743,1840026853
Creekside,Creekside,Kentucky,21111,Jefferson,38.2914,-85.5701,364,1047.0,shape,false,true,America/New_York,3,40241,1840014293
Richlawn,Richlawn,Kentucky,21111,Jefferson,38.2547,-85.6412,361,1715.4,shape,false,true,America/New_York,3,40207,1840030566
Bradfordsville,Bradfordsville,Kentucky,21155,Marion,37.4943,-85.1481,359,319.9,shape,false,true,America/New_York,3,40009,1840013233
Lakeview Heights,Lakeview Heights,Kentucky,21205,Rowan,38.152,-83.5043,356,336.8,shape,false,true,America/New_York,3,40351,1840014292
Waverly,Waverly,Kentucky,21225,Union,37.7092,-87.8146,353,184.5,shape,false,true,America/Chicago,3,42462,1840015229
Van Lear,Van Lear,Kentucky,21115,Johnson,37.7742,-82.7557,349,33.1,shape,false,false,America/New_York,3,41265,1840030604
Glenview Hills,Glenview Hills,Kentucky,21111,Jefferson,38.2951,-85.6382,345,810.4,shape,false,true,America/New_York,3,40222,1840030791
Ages,Ages,Kentucky,21095,Harlan,36.8569,-83.2426,344,238.5,shape,false,false,America/New_York,3,40828,1840030359
Glencoe,Glencoe,Kentucky,21077,Gallatin,38.7253,-84.8238,339,74.3,shape,false,true,America/New_York,3,41046,1840013175
McHenry,McHenry,Kentucky,21183,Ohio,37.3795,-86.9226,337,201.1,shape,false,true,America/Chicago,3,42320 42354,1840015234
Wayland,Wayland,Kentucky,21071,Floyd,37.4508,-82.7996,329,46.9,shape,false,true,America/New_York,3,41666,1840015232
Hunters Hollow,Hunters Hollow,Kentucky,21029,Bullitt,38.0784,-85.6934,327,1575.6,shape,false,true,America/New_York,3,40229,1840030799
Mackville,Mackville,Kentucky,21229,Washington,37.7355,-85.0701,326,311.0,shape,false,true,America/New_York,3,40040,1840015224
Brownsboro Village,Brownsboro Village,Kentucky,21111,Jefferson,38.2629,-85.6659,326,1622.5,shape,false,true,America/New_York,3,40207,1840030396
Ezel,Ezel,Kentucky,21175,Morgan,37.892,-83.4446,325,141.8,shape,false,false,America/New_York,3,41425,1840026790
Spring Mill,Spring Mill,Kentucky,21111,Jefferson,38.1436,-85.6315,325,1559.1,shape,false,true,America/New_York,3,40228,1840030807
Sadieville,Sadieville,Kentucky,21209,Scott,38.3883,-84.549,325,115.8,shape,false,true,America/New_York,3,40370,1840015189
Druid Hills,Druid Hills,Kentucky,21111,Jefferson,38.2649,-85.6617,317,1622.5,shape,false,true,America/New_York,3,40207,1840030432
Ghent,Ghent,Kentucky,21041,Carroll,38.734,-85.0614,313,169.9,shape,false,true,America/New_York,3,41045,1840013181
Woodburn,Woodburn,Kentucky,21227,Warren,36.8421,-86.5301,306,272.9,shape,false,true,America/Chicago,3,42170,1840015262
Bedford,Bedford,Kentucky,21223,Trimble,38.5954,-85.3174,303,432.4,shape,false,true,America/New_York,3,40006,1840013185
Vicco,Vicco,Kentucky,21193,Perry,37.2161,-83.0609,302,138.6,shape,false,true,America/New_York,3,41773,1840015250
Dover,Dover,Kentucky,21161,Mason,38.7563,-83.8844,302,270.3,shape,false,true,America/New_York,3,41034,1840013180
Anthoston,Anthoston,Kentucky,21101,Henderson,37.7553,-87.5327,301,180.2,shape,false,false,America/Chicago,3,42420,1840030366
Fancy Farm,Fancy Farm,Kentucky,21083,Graves,36.8003,-88.7928,300,132.2,shape,false,false,America/Chicago,3,42039,1840026917
Pathfork,Pathfork,Kentucky,21095,Harlan,36.7594,-83.4711,297,92.3,shape,false,false,America/New_York,3,40863,1840026898
Summer Shade,Summer Shade,Kentucky,21169,Metcalfe,36.8837,-85.7098,292,55.4,shape,false,false,America/Chicago,3,42166,1840026881
Goose Creek,Goose Creek,Kentucky,21111,Jefferson,38.2934,-85.5906,287,1384.9,shape,false,true,America/New_York,3,40242,1840013204
Trenton,Trenton,Kentucky,21219,Todd,36.7224,-87.2626,286,194.1,shape,false,true,America/Chicago,3,42286,1840015263
Sparta,Sparta,Kentucky,21077,Gallatin,38.6969,-84.9074,281,17.4,shape,false,true,America/New_York,3,41086,1840015177
Corinth,Corinth,Kentucky,21081,Grant,38.4997,-84.6031,277,50.5,shape,false,true,America/New_York,3,41010,1840014270
Manor Creek,Manor Creek,Kentucky,21111,Jefferson,38.2981,-85.5873,275,1384.9,shape,false,true,America/New_York,3,40241,1840030801
Smithland,Smithland,Kentucky,21139,Livingston,37.1387,-88.4038,274,208.9,shape,false,true,America/Chicago,3,42081,1840015252
St. Charles,St. Charles,Kentucky,21107,Hopkins,37.1881,-87.551,272,105.8,shape,false,true,America/Chicago,3,42442 42453,1840015245
Broeck Pointe,Broeck Pointe,Kentucky,21111,Jefferson,38.2955,-85.5857,271,1384.9,shape,false,true,America/New_York,3,40241,1840030794
Oneida,Oneida,Kentucky,21051,Clay,37.2701,-83.6496,269,50.8,shape,false,false,America/New_York,3,40962 40972,1840026864
Utica,Utica,Kentucky,21059,Daviess,37.6028,-87.1126,268,98.5,shape,false,false,America/Chicago,3,42376,1840030601
Arlington,Arlington,Kentucky,21039,Carlisle,36.7904,-89.0132,266,193.5,shape,false,true,America/Chicago,3,42021,1840013286
Fountain Run,Fountain Run,Kentucky,21171,Monroe,36.7238,-85.9561,264,77.5,shape,false,true,America/Chicago,3,42133,1840013291
Bonnieville,Bonnieville,Kentucky,21099,Hart,37.3774,-85.9015,263,176.7,shape,false,true,America/Chicago,3,42713,1840013244
Warfield,Warfield,Kentucky,21159,Martin,37.8415,-82.4224,261,122.1,shape,false,true,America/New_York,3,41267,1840015221
Ewing,Ewing,Kentucky,21069,Fleming,38.4278,-83.8619,261,218.5,shape,false,true,America/New_York,3,41039,1840013190
Salvisa,Salvisa,Kentucky,21167,Mercer,37.921,-84.8615,258,54.1,shape,false,false,America/New_York,3,40372,1840026805
Cunningham,Cunningham,Kentucky,21039,Carlisle,36.9081,-88.8869,257,94.6,shape,false,false,America/Chicago,3,42035 42023,1840030425
Hardyville,Hardyville,Kentucky,21099,Hart,37.2535,-85.7896,255,156.0,shape,false,false,America/Chicago,3,42746,1840026854
Pleasant View,Pleasant View,Kentucky,21235,Whitley,36.6782,-84.1284,252,123.2,shape,false,false,America/New_York,3,40769,1840026915
Keene,Keene,Kentucky,21113,Jessamine,37.9431,-84.6411,247,85.9,shape,false,true,America/New_York,3,40339,1840030482
Gilbertsville,Gilbertsville,Kentucky,21157,Marshall,37.0284,-88.3103,245,92.9,shape,false,false,America/Chicago,3,42044 42029,1840026892
Saint Joseph,Saint Joseph,Kentucky,21059,Daviess,37.6936,-87.3256,243,46.9,shape,false,false,America/Chicago,3,42356 42301,1840060551
McCarr,McCarr,Kentucky,21195,Pike,37.6178,-82.1706,241,214.3,shape,false,false,America/New_York,3,41544,1840030691
Maryhill Estates,Maryhill Estates,Kentucky,21111,Jefferson,38.2663,-85.6532,241,1559.5,shape,false,true,America/New_York,3,40207,1840030689
Wildwood,Wildwood,Kentucky,21111,Jefferson,38.249,-85.5747,238,1418.0,shape,false,true,America/New_York,3,40223,1840015201
Campton,Campton,Kentucky,21237,Wolfe,37.7353,-83.5473,237,91.6,shape,false,true,America/New_York,3,41301,1840013226
Rockport,Rockport,Kentucky,21183,Ohio,37.3359,-86.991,236,131.2,shape,false,true,America/Chicago,3,42369,1840014350
Bellewood,Bellewood,Kentucky,21111,Jefferson,38.2608,-85.6594,235,1622.5,shape,false,true,America/New_York,3,40207,1840030383
Germantown,Germantown,Kentucky,21023,Bracken,38.6559,-83.9643,234,204.9,shape,false,true,America/New_York,3,41044 41034,1840013177
Belfry,Belfry,Kentucky,21195,Pike,37.6194,-82.2684,233,124.7,shape,false,false,America/New_York,3,41514,1840030382
Payne Gap,Payne Gap,Kentucky,21133,Letcher,37.151,-82.6669,230,38.6,shape,false,false,America/New_York,3,41537,1840026875
Coxton,Coxton,Kentucky,21095,Harlan,36.8581,-83.2681,229,185.4,shape,false,false,America/New_York,3,40831,1840030417
Big Clifty,Big Clifty,Kentucky,21085,Grayson,37.5442,-86.1514,227,60.9,shape,false,false,America/New_York,3,42712,1840030387
Oakland,Oakland,Kentucky,21227,Warren,37.0467,-86.2506,223,61.6,shape,false,true,America/Chicago,3,42159,1840014389
Belleview,Belleview,Kentucky,21015,Boone,38.9793,-84.8249,223,63.3,shape,false,false,America/New_York,3,41005,1840026678
Boston,Boston,Kentucky,21179,Nelson,37.7837,-85.6804,215,42.3,shape,false,false,America/New_York,3,40107,1840026800
Allen,Allen,Kentucky,21071,Floyd,37.6119,-82.7291,213,327.5,shape,false,true,America/New_York,3,41601,1840030361
Worthville,Worthville,Kentucky,21041,Carroll,38.6098,-85.0681,211,105.4,shape,false,true,America/New_York,3,41098,1840015183
Dunmor,Dunmor,Kentucky,21177,Muhlenberg,37.0753,-86.9951,209,31.1,shape,false,false,America/Chicago,3,42256 42339,1840026861
Mentor,Mentor,Kentucky,21037,Campbell,38.89,-84.2481,208,107.5,shape,false,true,America/New_York,3,41007,1840014260
Glenview Manor,Glenview Manor,Kentucky,21111,Jefferson,38.2907,-85.6333,206,1208.0,shape,false,true,America/New_York,3,40222,1840030456
Westport,Westport,Kentucky,21185,Oldham,38.4875,-85.4753,206,98.6,shape,false,false,America/New_York,3,40077,1840024676
Nebo,Nebo,Kentucky,21107,Hopkins,37.3832,-87.6416,203,95.2,shape,false,true,America/Chicago,3,42441,1840014369
Slaughters,Slaughters,Kentucky,21233,Webster,37.4903,-87.5021,201,226.3,shape,false,true,America/Chicago,3,42456,1840015240
Moseleyville,Moseleyville,Kentucky,21059,Daviess,37.6747,-87.1938,200,74.2,shape,false,false,America/Chicago,3,42301,1840060391
Beech Grove,Beech Grove,Kentucky,21149,McLean,37.6183,-87.3921,198,41.4,shape,false,false,America/Chicago,3,42327 42322,1840026830
Crossgate,Crossgate,Kentucky,21111,Jefferson,38.2793,-85.6296,196,722.6,shape,false,true,America/New_York,3,40222,1840030422
Fairfield,Fairfield,Kentucky,21179,Nelson,37.932,-85.3839,196,78.6,shape,false,true,America/New_York,3,40013 40020,1840013220
LaFayette,LaFayette,Kentucky,21047,Christian,36.6599,-87.6585,196,75.9,shape,false,true,America/Chicago,3,42254,1840014400
Spottsville,Spottsville,Kentucky,21101,Henderson,37.8564,-87.4167,194,158.9,shape,false,false,America/Chicago,3,42458,1840026803
Columbus,Columbus,Kentucky,21105,Hickman,36.7596,-89.102,188,162.8,shape,false,true,America/Chicago,3,42032,1840014409
Smithfield,Smithfield,Kentucky,21103,Henry,38.3864,-85.2566,186,149.2,shape,false,true,America/New_York,3,40068,1840015188
Ekron,Ekron,Kentucky,21163,Meade,37.9303,-86.1764,185,199.2,shape,false,true,America/New_York,3,40117,1840013212
St. Mary,St. Mary,Kentucky,21155,Marion,37.5806,-85.3463,184,91.3,shape,false,true,America/New_York,3,40033,1840024998
Manitou,Manitou,Kentucky,21107,Hopkins,37.3755,-87.5781,183,107.2,shape,false,false,America/Chicago,3,42436,1840026843
Rochester,Rochester,Kentucky,21031,Butler,37.2093,-86.8921,180,149.4,shape,false,true,America/Chicago,3,42273,1840014381
Woodlawn,Woodlawn,Kentucky,21037,Campbell,39.0909,-84.4729,179,948.4,shape,false,true,America/New_York,3,41071,1840015172
Thornhill,Thornhill,Kentucky,21111,Jefferson,38.2884,-85.6256,177,1208.0,shape,false,true,America/New_York,3,40222,1840015197
Jeff,Jeff,Kentucky,21193,Perry,37.2094,-83.1394,175,89.3,shape,false,false,America/New_York,3,41751 41774,1840026856
Bandana,Bandana,Kentucky,21007,Ballard,37.1447,-88.9418,173,35.4,shape,false,false,America/Chicago,3,42022 42056 42053,1840026878
Farmington,Farmington,Kentucky,21083,Graves,36.6691,-88.5276,167,42.0,shape,false,false,America/Chicago,3,42040 42066,1840026918
Knottsville,Knottsville,Kentucky,21059,Daviess,37.7726,-86.9064,166,92.6,shape,false,false,America/Chicago,3,42366,1840060308
Dwale,Dwale,Kentucky,21071,Floyd,37.6253,-82.7277,165,104.5,shape,false,false,America/New_York,3,41621,1840030436
Berry,Berry,Kentucky,21097,Harrison,38.5205,-84.3837,164,206.0,shape,false,true,America/New_York,3,41003,1840013189
Sedalia,Sedalia,Kentucky,21083,Graves,36.6437,-88.6049,162,52.9,shape,false,false,America/Chicago,3,42079 42066,1840026921
Allensville,Allensville,Kentucky,21219,Todd,36.7163,-87.0683,161,54.4,shape,false,false,America/Chicago,3,42204,1840013271
Mockingbird Valley,Mockingbird Valley,Kentucky,21111,Jefferson,38.2701,-85.6815,161,391.7,shape,false,true,America/New_York,3,40207,1840030527
Livingston,Livingston,Kentucky,21203,Rockcastle,37.298,-84.2157,158,139.6,shape,false,true,America/New_York,3,40445,1840015249
Lowes,Lowes,Kentucky,21083,Graves,36.8828,-88.7706,154,86.8,shape,false,false,America/Chicago,3,42035 42051 42061,1840026919
Cambridge,Cambridge,Kentucky,21111,Jefferson,38.2218,-85.6171,153,1387.0,shape,false,true,America/New_York,3,40220,1840030398
Pryorsburg,Pryorsburg,Kentucky,21083,Graves,36.6899,-88.7124,152,47.1,shape,false,false,America/Chicago,3,42066,1840026920
South Carrollton,South Carrollton,Kentucky,21177,Muhlenberg,37.3358,-87.1401,152,153.6,shape,false,true,America/Chicago,3,42374 42330,1840015253
Meadowview Estates,Meadowview Estates,Kentucky,21111,Jefferson,38.2227,-85.6353,149,2016.8,shape,false,true,America/New_York,2,40220,1840015193
Mount Olivet,Mount Olivet,Kentucky,21201,Robertson,38.5318,-84.0357,147,68.7,shape,false,true,America/New_York,3,41064,1840014280
Crayne,Crayne,Kentucky,21055,Crittenden,37.2762,-88.0839,146,50.6,shape,false,false,America/Chicago,3,42064 42033,1840026846
Kenton Vale,Kenton Vale,Kentucky,21117,Kenton,39.0514,-84.5199,143,934.7,shape,false,true,America/New_York,3,41015,1840014268
Wheatcroft,Wheatcroft,Kentucky,21233,Webster,37.4893,-87.8613,143,174.0,shape,false,true,America/Chicago,3,42463 42404,1840015241
Sycamore,Sycamore,Kentucky,21111,Jefferson,38.2468,-85.5612,140,2467.7,shape,false,true,America/New_York,2,40223,1840030809
Booneville,Booneville,Kentucky,21189,Owsley,37.4702,-83.6828,139,36.8,shape,false,true,America/New_York,3,41314,1840013240
Hills and Dales,Hills and Dales,Kentucky,21111,Jefferson,38.3005,-85.6249,128,745.8,shape,false,true,America/New_York,3,40241,1840030798
Rosine,Rosine,Kentucky,21183,Ohio,37.4523,-86.7374,125,100.1,shape,false,false,America/Chicago,3,42370 42349,1840026823
Raywick,Raywick,Kentucky,21155,Marion,37.5606,-85.4311,123,53.0,shape,false,true,America/New_York,3,40060,1840014352
Hickory Hill,Hickory Hill,Kentucky,21111,Jefferson,38.2877,-85.5679,119,1047.0,shape,false,true,America/New_York,3,40241,1840030797
Blandville,Blandville,Kentucky,21007,Ballard,36.9441,-88.9646,118,88.2,shape,false,true,America/Chicago,3,42087,1840013261
Fairview,Fairview,Kentucky,21047,Christian,36.8426,-87.3055,117,37.4,shape,false,false,America/Chicago,3,42220 42266,1840147548
Rabbit Hash,Rabbit Hash,Kentucky,21015,Boone,38.924,-84.8502,117,8.9,shape,false,false,America/New_York,3,41091 41005,1840026682
Hickory,Hickory,Kentucky,21083,Graves,36.8174,-88.6485,115,49.9,shape,false,false,America/Chicago,3,42051 42066,1840030472
Prestonville,Prestonville,Kentucky,21041,Carroll,38.6805,-85.1931,115,177.2,shape,false,true,America/New_York,3,41008,1840014273
Elizaville,Elizaville,Kentucky,21069,Fleming,38.4167,-83.8243,114,42.9,shape,false,false,America/New_York,3,41039 41037,1840026742
Curdsville,Curdsville,Kentucky,21059,Daviess,37.7353,-87.3327,114,116.8,shape,false,false,America/Chicago,3,42301 42334,1840140696
Freeburn,Freeburn,Kentucky,21195,Pike,37.5619,-82.1514,111,35.5,shape,false,false,America/New_York,3,41528,1840026821
Hiseville,Hiseville,Kentucky,21009,Barren,37.1008,-85.8149,109,57.7,shape,false,false,America/Chicago,3,42127 42141 42152,1840026882
Poole,Poole,Kentucky,21233,Webster,37.6392,-87.6447,108,43.0,shape,false,false,America/Chicago,3,42444 42406 42455,1840030558
Meadowbrook Farm,Meadowbrook Farm,Kentucky,21111,Jefferson,38.2783,-85.5748,106,1810.1,shape,false,true,America/New_York,3,40223,1840030802
Lincolnshire,Lincolnshire,Kentucky,21111,Jefferson,38.2238,-85.6216,105,1387.0,shape,false,true,America/New_York,3,40220,1840030499
Blackey,Blackey,Kentucky,21133,Letcher,37.139,-82.9811,105,92.7,shape,false,true,America/New_York,3,41804,1840013259
Monterey,Monterey,Kentucky,21187,Owen,38.4233,-84.8728,103,144.5,shape,false,true,America/New_York,3,40359,1840014277
Cleaton,Cleaton,Kentucky,21177,Muhlenberg,37.2517,-87.0902,102,63.5,shape,false,false,America/Chicago,3,42330 42332,1840030408
Burna,Burna,Kentucky,21139,Livingston,37.2456,-88.3589,101,29.0,shape,false,false,America/Chicago,3,42028,1840026858
Dexter,Dexter,Kentucky,21035,Calloway,36.7397,-88.2956,99,69.5,shape,false,false,America/Chicago,3,42036 42020,1840026924
Arjay,Arjay,Kentucky,21013,Bell,36.8062,-83.642,96,59.8,shape,false,false,America/New_York,3,40902,1840030368
Mays Lick,Mays Lick,Kentucky,21161,Mason,38.517,-83.8452,94,56.9,shape,false,false,America/New_York,3,41055,1840026726
Gratz,Gratz,Kentucky,21187,Owen,38.4719,-84.9471,89,5.9,shape,false,true,America/New_York,3,40359,1840013186
Water Valley,Water Valley,Kentucky,21083,Graves,36.5687,-88.8101,88,63.6,shape,false,false,America/Chicago,3,42085,1840015269
Blaine,Blaine,Kentucky,21127,Lawrence,38.0272,-82.8413,84,36.9,shape,false,true,America/New_York,3,41124,1840013211
Sardis,Sardis,Kentucky,21161,Mason,38.5348,-83.9573,78,30.2,shape,false,true,America/New_York,3,41064 41055,1840015181
Gracey,Gracey,Kentucky,21047,Christian,36.8792,-87.6638,77,165.2,shape,false,false,America/Chicago,3,42232,1840026884
Marrowbone,Marrowbone,Kentucky,21057,Cumberland,36.832,-85.5053,75,22.7,shape,false,false,America/Chicago,3,42759 42717,1840026923
Ten Broeck,Ten Broeck,Kentucky,21111,Jefferson,38.2976,-85.5807,73,589.3,shape,false,true,America/New_York,3,40241,1840030810
Buckhorn,Buckhorn,Kentucky,21193,Perry,37.3461,-83.4695,68,68.0,shape,false,true,America/New_York,3,41721,1840013245
Cayce,Cayce,Kentucky,21075,Fulton,36.5577,-89.0349,68,16.1,shape,false,false,America/Chicago,3,42041 42050,1840026925
Woodbury,Woodbury,Kentucky,21031,Butler,37.1836,-86.6353,67,79.4,shape,false,true,America/Chicago,3,42261 42288,1840015254
California,California,Kentucky,21037,Campbell,38.9184,-84.2636,52,230.1,shape,false,true,America/New_York,3,41007,1840013165
Hazel Green,Hazel Green,Kentucky,21237,Wolfe,37.7999,-83.4173,51,18.3,shape,false,false,America/New_York,3,41332,1840026812
Carrsville,Carrsville,Kentucky,21139,Livingston,37.3981,-88.3754,48,41.7,shape,false,true,America/Chicago,3,42081,1840014377
McKinney,McKinney,Kentucky,21137,Lincoln,37.4531,-84.7577,37,33.9,shape,false,false,America/New_York,3,40448 40484 40437,1840030514
New Hope,New Hope,Kentucky,21179,Nelson,37.6279,-85.5067,35,21.9,shape,false,false,America/New_York,3,40052,1840026802
Combs,Combs,Kentucky,21193,Perry,37.2683,-83.2148,34,260.9,shape,false,false,America/New_York,3,41729 41701,1840030413
Farmers,Farmers,Kentucky,21205,Rowan,38.1413,-83.5404,25,9.7,shape,false,false,America/New_York,3,40351 40319,1840026761
Maytown,Maytown,Kentucky,21071,Floyd,37.5326,-82.7992,13,8.8,shape,false,true,America/New_York,5,41645,1840043109
High Bridge,High Bridge,Kentucky,21113,Jessamine,37.8299,-84.7096,13,2.3,shape,false,false,America/New_York,3,40390,1840026799
Concord,Concord,Kentucky,21135,Lewis,38.6876,-83.4915,12,101.6,shape,false,true,America/New_York,3,41179,1840014279
Lovelaceville,Lovelaceville,Kentucky,21007,Ballard,36.9672,-88.8335,8,6.1,shape,false,false,America/Chicago,3,42053 42060,1840026879
Tolu,Tolu,Kentucky,21055,Crittenden,37.4337,-88.2454,8,41.9,shape,false,false,America/Chicago,3,42064,1840026847
West Louisville,West Louisville,Kentucky,21059,Daviess,37.6986,-87.2875,0,14.2,shape,false,false,America/Chicago,3,42301,1840030610
Onton,Onton,Kentucky,21233,Webster,37.5578,-87.437,0,52.3,shape,false,false,America/Chicago,3,42455,1840026833
Panther,Panther,Kentucky,21059,Daviess,37.641,-87.2258,0,23.1,shape,false,false,America/Chicago,3,42376,1840030550
South Park View,South Park View,Kentucky,21111,Jefferson,38.1184,-85.7201,0,25.4,shape,false,true,America/New_York,3,40219,1840030584
