Milwaukee,Milwaukee,Wisconsin,55079,Milwaukee,43.0642,-87.9675,1290940,2301.6,shape,false,true,America/Chicago,1,53203 53202 53207 53206 53205 53204 53209 53208 53233 53218 53219 53214 53215 53216 53210 53211 53212 53213 53295 53225 53224 53221 53220 53223 53222 53228 53201 53237 53259 53263 53274 53278 53288 53290 53293,1840003046
Madison,Madison,Wisconsin,55025,Dane,43.0822,-89.393,451652,1268.3,shape,false,true,America/Chicago,2,53706 53704 53705 53703 53726 53792 53719 53718 53715 53714 53717 53716 53711 53713 53701 53702 53707 53708 53725 53774 53777 53782 53783 53784 53785 53786 53788 53790 53793 53794,1840002915
Appleton,Appleton,Wisconsin,55087,Outagamie,44.278,-88.3892,233947,1145.4,shape,false,true,America/Chicago,2,54914 54915 54913 54911 54912 54919,1840002400
Green Bay,Green Bay,Wisconsin,55009,Brown,44.5148,-87.9895,225633,907.1,shape,false,true,America/Chicago,2,54304 54303 54302 54301 54311 54305 54306 54308,1840002344
Racine,Racine,Wisconsin,55101,Racine,42.7274,-87.8135,132006,1932.5,shape,false,true,America/Chicago,2,53405 53404 53406 53403 53402 53401 53407 53408,1840002493
Kenosha,Kenosha,Wisconsin,55059,Kenosha,42.5865,-87.8773,124297,1341.2,shape,false,true,America/Chicago,2,53144 53140 53142 53143 53141,1840003160
Eau Claire,Eau Claire,Wisconsin,55035,Eau Claire,44.8197,-91.4948,109491,804.6,shape,false,true,America/Chicago,2,54703 54701 54702,1840002296
La Crosse,La Crosse,Wisconsin,55063,La Crosse,43.8241,-91.2268,94627,925.7,shape,false,true,America/Chicago,3,54603 54601 54602,1840002577
Oshkosh,Oshkosh,Wisconsin,55139,Winnebago,44.0227,-88.5619,74251,946.8,shape,false,true,America/Chicago,3,54985 54904 54901 54902 54903 54906,1840002246
Sheboygan,Sheboygan,Wisconsin,55117,Sheboygan,43.7403,-87.7316,73531,1229.2,shape,false,true,America/Chicago,3,53083 53081,1840002628
Wausau,Wausau,Wisconsin,55073,Marathon,44.962,-89.6459,71236,801.3,shape,false,true,America/Chicago,3,54401 54403,1840002163
Janesville,Janesville,Wisconsin,55105,Rock,42.6854,-89.0135,71202,741.7,shape,false,true,America/Chicago,3,53545 53546 53548 53547,1840002467
Waukesha,Waukesha,Wisconsin,55133,Waukesha,43.0087,-88.2464,70945,1073.2,shape,false,true,America/Chicago,3,53186 53188 53189 53187,1840003008
West Allis,West Allis,Wisconsin,55079,Milwaukee,43.0068,-88.0296,59907,2032.3,shape,false,true,America/Chicago,2,53219 53214 53227,1840003034
Wauwatosa,Wauwatosa,Wisconsin,55079,Milwaukee,43.0616,-88.0347,47919,1398.7,shape,false,true,America/Chicago,3,53213 53225 53226 53222,1840003033
Fond du Lac,Fond du Lac,Wisconsin,55039,Fond du Lac,43.7718,-88.4397,44527,893.7,shape,false,true,America/Chicago,3,54937 54935 54936,1840002603
Brookfield,Brookfield,Wisconsin,55133,Waukesha,43.064,-88.1231,41342,584.5,shape,false,true,America/Chicago,3,53005 53045 53008,1840003012
New Berlin,New Berlin,Wisconsin,55133,Waukesha,42.9726,-88.1291,40387,428.1,shape,false,true,America/Chicago,3,53146 53151,1840003025
Menomonee Falls,Menomonee Falls,Wisconsin,55133,Waukesha,43.1487,-88.1227,38610,453.0,shape,false,true,America/Chicago,3,53051 53052,1840003020
Greenfield,Greenfield,Wisconsin,55079,Milwaukee,42.9619,-88.0052,37521,1256.3,shape,false,true,America/Chicago,3,53221 53220 53228,1840003039
Beloit,Beloit,Wisconsin,55105,Rock,42.523,-89.0184,36642,816.1,shape,false,true,America/Chicago,3,53511 53512,1840002471
Franklin,Franklin,Wisconsin,55079,Milwaukee,42.8854,-88.0104,36513,407.7,shape,false,true,America/Chicago,3,53132,1840003043
Oak Creek,Oak Creek,Wisconsin,55079,Milwaukee,42.8803,-87.9009,36286,492.5,shape,false,true,America/Chicago,3,53154,1840003047
Sun Prairie,Sun Prairie,Wisconsin,55025,Dane,43.1825,-89.2362,35847,1066.7,shape,false,true,America/Chicago,3,53590,1840002902
Manitowoc,Manitowoc,Wisconsin,55071,Manitowoc,44.0991,-87.6812,34500,742.1,shape,false,true,America/Chicago,3,54220,1840002213
West Bend,West Bend,Wisconsin,55131,Washington,43.4173,-88.1818,31682,787.2,shape,false,true,America/Chicago,3,53090 53095,1840002829
Fitchburg,Fitchburg,Wisconsin,55025,Dane,42.9859,-89.4255,29826,329.8,shape,false,true,America/Chicago,3,53575 53719 53711 53713 53744,1840002905
Mount Pleasant,Mount Pleasant,Wisconsin,55101,Racine,42.7129,-87.8876,27640,315.0,shape,false,true,America/Chicago,3,53405 53406 53403 53177,1840038102
Neenah,Neenah,Wisconsin,55139,Winnebago,44.1669,-88.4767,27309,1112.3,shape,false,true,America/Chicago,3,54956 54957,1840002244
Superior,Superior,Wisconsin,55031,Douglas,46.6941,-92.0823,26562,280.0,shape,false,true,America/Chicago,3,54880 54874,1840038034
Stevens Point,Stevens Point,Wisconsin,55097,Portage,44.5241,-89.5507,25549,574.7,shape,false,true,America/Chicago,3,54481 54482,1840002320
De Pere,De Pere,Wisconsin,55009,Brown,44.4308,-88.0785,25373,819.4,shape,false,true,America/Chicago,3,54115 54344,1840002348
Caledonia,Caledonia,Wisconsin,55101,Racine,42.7986,-87.8762,25277,215.8,shape,false,true,America/Chicago,3,53405 53404 53406 53402 53126 53108,1840010091
Mequon,Mequon,Wisconsin,55089,Ozaukee,43.2352,-87.9839,25102,209.4,shape,false,true,America/Chicago,3,53097 53092,1840037989
Muskego,Muskego,Wisconsin,55133,Waukesha,42.886,-88.1291,25073,306.3,shape,false,true,America/Chicago,3,53150,1840003023
Watertown,Watertown,Wisconsin,55055,Jefferson,43.1893,-88.7285,22978,735.5,shape,false,true,America/Chicago,3,53098 53094,1840003000
Middleton,Middleton,Wisconsin,55025,Dane,43.1064,-89.5059,21864,918.5,shape,false,true,America/Chicago,3,53562,1840002919
Pleasant Prairie,Pleasant Prairie,Wisconsin,55059,Kenosha,42.5266,-87.8895,21373,247.2,shape,false,true,America/Chicago,3,53142 53158,1840003163
Germantown,Germantown,Wisconsin,55131,Washington,43.2343,-88.1217,20885,234.5,shape,false,true,America/Chicago,3,53076 53022,1840002830
South Milwaukee,South Milwaukee,Wisconsin,55079,Milwaukee,42.912,-87.8627,20678,1654.4,shape,false,true,America/Chicago,3,53172,1840003032
Howard,Howard,Wisconsin,55009,Brown,44.5703,-88.0928,20022,419.0,shape,false,true,America/Chicago,3,54303 54313,1840002345
Fox Crossing,Fox Crossing,Wisconsin,55139,Winnebago,44.2228,-88.4763,18949,578.8,shape,false,true,America/Chicago,3,54952 54956,1840038105
Onalaska,Onalaska,Wisconsin,55063,La Crosse,43.8883,-91.2075,18837,685.4,shape,false,true,America/Chicago,3,54650,1840002579
Marshfield,Marshfield,Wisconsin,55141,Wood,44.6627,-90.1728,18795,526.1,shape,false,true,America/Chicago,3,54449 54404,1840002336
Wisconsin Rapids,Wisconsin Rapids,Wisconsin,55141,Wood,44.3927,-89.8265,18783,522.0,shape,false,true,America/Chicago,3,54495 54494,1840002333
Oconomowoc,Oconomowoc,Wisconsin,55133,Waukesha,43.0996,-88.4948,18178,597.2,shape,false,true,America/Chicago,3,53066,1840003027
Menasha,Menasha,Wisconsin,55139,Winnebago,44.2125,-88.4271,18125,1157.9,shape,false,true,America/Chicago,3,54952,1840002243
Cudahy,Cudahy,Wisconsin,55079,Milwaukee,42.9467,-87.8641,18087,1462.8,shape,false,true,America/Chicago,3,53110,1840003045
Kaukauna,Kaukauna,Wisconsin,55087,Outagamie,44.2773,-88.2641,17111,824.8,shape,false,true,America/Chicago,3,54130,1840002403
Ashwaubenon,Ashwaubenon,Wisconsin,55009,Brown,44.4796,-88.0889,16939,528.1,shape,false,true,America/Chicago,3,54304 54115 54313,1840002342
Beaver Dam,Beaver Dam,Wisconsin,55027,Dodge,43.4688,-88.8309,16652,866.1,shape,false,true,America/Chicago,3,53916,1840002738
Menomonie,Menomonie,Wisconsin,55033,Dunn,44.8893,-91.9084,16563,466.5,shape,false,true,America/Chicago,3,54751,1840037988
River Falls,River Falls,Wisconsin,55093,Pierce,44.8609,-92.6247,16165,868.2,shape,false,true,America/Chicago,3,54022,1840002289
Bellevue,Bellevue,Wisconsin,55009,Brown,44.4592,-87.955,16086,430.1,shape,false,true,America/Chicago,3,54311,1840000308
Whitewater,Whitewater,Wisconsin,55127,Walworth,42.8372,-88.7341,15725,687.2,shape,false,true,America/Chicago,3,53190,1840002476
Weston,Weston,Wisconsin,55073,Marathon,44.8906,-89.5487,15698,280.4,shape,false,true,America/Chicago,3,54476,1840038093
Hartford,Hartford,Wisconsin,55131,Washington,43.3223,-88.3784,15667,675.6,shape,false,true,America/Chicago,3,53027,1840002831
Whitefish Bay,Whitefish Bay,Wisconsin,55079,Milwaukee,43.1131,-87.9003,14804,2702.1,shape,false,true,America/Chicago,2,53217 53211,1840003036
Waunakee,Waunakee,Wisconsin,55025,Dane,43.1829,-89.4447,14794,778.7,shape,false,true,America/Chicago,3,53597,1840002904
Hudson,Hudson,Wisconsin,55109,St. Croix,44.9639,-92.7312,14763,836.5,shape,false,true,America/Chicago,3,54016,1840002135
Greendale,Greendale,Wisconsin,55079,Milwaukee,42.9371,-88.0018,14722,1021.3,shape,false,true,America/Chicago,3,53129,1840003038
Chippewa Falls,Chippewa Falls,Wisconsin,55017,Chippewa,44.9358,-91.3902,14623,497.0,shape,false,true,America/Chicago,3,54729 54774,1840002108
Salem Lakes,Salem Lakes,Wisconsin,55059,Kenosha,42.5366,-88.1306,14569,185.3,shape,false,true,America/Chicago,3,53168 53192 53179 53170 53102 53109 53194,1840038106
Allouez,Allouez,Wisconsin,55009,Brown,44.4721,-88.0259,14089,1191.5,shape,false,true,America/Chicago,3,54307 54301 54324,1840002346
Verona,Verona,Wisconsin,55025,Dane,42.9892,-89.5383,14040,693.5,shape,false,true,America/Chicago,3,53593,1840002903
Shorewood,Shorewood,Wisconsin,55079,Milwaukee,43.0913,-87.8864,13707,3329.2,shape,false,true,America/Chicago,2,53211,1840003031
Plover,Plover,Wisconsin,55097,Portage,44.4615,-89.5382,13549,491.6,shape,false,true,America/Chicago,3,54467 54492,1840002328
Glendale,Glendale,Wisconsin,55079,Milwaukee,43.1287,-87.9277,13227,885.9,shape,false,true,America/Chicago,3,53209 53217 53212,1840003037
Stoughton,Stoughton,Wisconsin,55025,Dane,42.9237,-89.2225,13091,839.3,shape,false,true,America/Chicago,3,53589,1840002901
Suamico,Suamico,Wisconsin,55009,Brown,44.6354,-88.0683,12878,136.8,shape,false,true,America/Chicago,3,54173 54313,1840000309
Harrison,Harrison,Wisconsin,55015,Calumet,44.1935,-88.2941,12872,155.8,shape,false,true,America/Chicago,3,54952 54169 54130 54915 54129,1840038103
Brown Deer,Brown Deer,Wisconsin,55079,Milwaukee,43.1743,-87.975,12593,1106.2,shape,false,true,America/Chicago,3,53209 53223,1840003041
Baraboo,Baraboo,Wisconsin,55111,Sauk,43.4695,-89.7376,12541,658.9,shape,false,true,America/Chicago,3,53913,1840002720
Fort Atkinson,Fort Atkinson,Wisconsin,55055,Jefferson,42.9253,-88.8442,12522,836.5,shape,false,true,America/Chicago,3,53538,1840003004
Port Washington,Port Washington,Wisconsin,55089,Ozaukee,43.3846,-87.8855,12446,819.4,shape,false,true,America/Chicago,3,53074 53024,1840002826
Cedarburg,Cedarburg,Wisconsin,55089,Ozaukee,43.299,-87.9887,12213,971.2,shape,false,true,America/Chicago,3,53012,1840002825
Grafton,Grafton,Wisconsin,55089,Ozaukee,43.3204,-87.948,12160,919.2,shape,false,true,America/Chicago,3,53024,1840002823
Little Chute,Little Chute,Wisconsin,55087,Outagamie,44.2906,-88.3208,11798,705.6,shape,false,true,America/Chicago,3,54140 54913 54911,1840002408
Richfield,Richfield,Wisconsin,55131,Washington,43.2372,-88.2413,11757,126.4,shape,false,true,America/Chicago,3,53076 53033 53017,1840002835
Sussex,Sussex,Wisconsin,55133,Waukesha,43.1346,-88.2226,11549,550.1,shape,false,true,America/Chicago,3,53089,1840003006
Platteville,Platteville,Wisconsin,55043,Grant,42.728,-90.4681,11543,720.7,shape,false,true,America/Chicago,3,53818,1840002981
Two Rivers,Two Rivers,Wisconsin,55071,Manitowoc,44.1565,-87.5824,11252,718.8,shape,false,true,America/Chicago,3,54241,1840002206
Oregon,Oregon,Wisconsin,55025,Dane,42.9253,-89.3892,11240,958.4,shape,false,true,America/Chicago,3,53575,1840002922
Waupun,Waupun,Wisconsin,55027,Dodge,43.6314,-88.7381,11109,928.4,shape,false,true,America/Chicago,3,53963,1840002600
Marinette,Marinette,Wisconsin,55075,Marinette,45.0871,-87.6336,11065,609.8,shape,false,true,America/Chicago,3,54143,1840003930
Burlington,Burlington,Wisconsin,55101,Racine,42.6744,-88.2721,11000,550.8,shape,false,true,America/Chicago,3,53105,1840002491
Holmen,Holmen,Wisconsin,55063,La Crosse,43.9706,-91.2654,10806,551.2,shape,false,true,America/Chicago,3,54636,1840002576
DeForest,DeForest,Wisconsin,55025,Dane,43.2301,-89.3431,10767,489.3,shape,false,false,America/Chicago,3,53532 53598,1840037935
Monroe,Monroe,Wisconsin,55045,Green,42.603,-89.6381,10622,733.0,shape,false,true,America/Chicago,3,53566,1840002464
Portage,Portage,Wisconsin,55021,Columbia,43.5489,-89.4658,10450,453.0,shape,false,true,America/Chicago,3,53901,1840002712
Elkhorn,Elkhorn,Wisconsin,55127,Walworth,42.6713,-88.5377,10253,489.9,shape,false,true,America/Chicago,3,53121,1840002480
New Richmond,New Richmond,Wisconsin,55109,St. Croix,45.125,-92.5377,10158,358.3,shape,false,true,America/Chicago,3,54017,1840002138
Hobart,Hobart,Wisconsin,55009,Brown,44.4967,-88.1602,10130,118.4,shape,false,true,America/Chicago,3,54155 54115 54313,1840038100
Greenville,Greenville,Wisconsin,55087,Outagamie,44.3003,-88.5365,10130,231.8,point,false,false,America/Chicago,3,54942 54914,1840123723
Reedsburg,Reedsburg,Wisconsin,55111,Sauk,43.5348,-89.9965,10019,636.1,shape,false,true,America/Chicago,3,53959 53958,1840002727
Sparta,Sparta,Wisconsin,55081,Monroe,43.9377,-90.8131,9943,480.2,shape,false,true,America/Chicago,3,54656,1840002565
Sturgeon Bay,Sturgeon Bay,Wisconsin,55029,Door,44.8228,-87.366,9620,378.0,shape,false,true,America/Chicago,3,54235,1840003935
Hartland,Hartland,Wisconsin,55133,Waukesha,43.1029,-88.3396,9599,678.8,shape,false,true,America/Chicago,3,53029,1840003009
Tomah,Tomah,Wisconsin,55081,Monroe,43.9879,-90.4999,9527,467.7,shape,false,true,America/Chicago,3,54660,1840002566
St. Francis,St. Francis,Wisconsin,55079,Milwaukee,42.9716,-87.873,9288,1401.8,shape,false,true,America/Chicago,3,53235,1840003049
Merrill,Merrill,Wisconsin,55069,Lincoln,45.182,-89.6994,9266,478.0,shape,false,true,America/Chicago,3,54452,1840001562
Shawano,Shawano,Wisconsin,55115,Shawano,44.7748,-88.5843,9212,531.2,shape,false,true,America/Chicago,3,54166,1840002266
McFarland,McFarland,Wisconsin,55025,Dane,43.0203,-89.2828,9104,724.2,shape,false,true,America/Chicago,3,53558,1840002914
Rice Lake,Rice Lake,Wisconsin,55005,Barron,45.4864,-91.7447,8990,397.4,shape,false,true,America/Chicago,3,54868 54822,1840002075
Plymouth,Plymouth,Wisconsin,55117,Sheboygan,43.7447,-87.966,8907,641.5,shape,false,true,America/Chicago,3,53073,1840002626
Monona,Monona,Wisconsin,55025,Dane,43.054,-89.3334,8592,1017.9,shape,false,true,America/Chicago,3,53716 53713,1840002920
Delavan,Delavan,Wisconsin,55127,Walworth,42.6282,-88.6323,8519,443.9,shape,false,true,America/Chicago,3,53115,1840002483
Altoona,Altoona,Wisconsin,55035,Eau Claire,44.8029,-91.4385,8506,692.1,shape,false,true,America/Chicago,3,54720 54701,1840002295
Village of Waukesha,Village of Waukesha,Wisconsin,55133,Waukesha,42.9601,-88.248,8480,159.1,shape,false,true,America/Chicago,4,53189,1840000024
Lake Geneva,Lake Geneva,Wisconsin,55127,Walworth,42.5824,-88.4281,8335,469.0,shape,false,true,America/Chicago,3,53147,1840002479
Kronenwetter,Kronenwetter,Wisconsin,55073,Marathon,44.8164,-89.5807,8335,62.4,shape,false,true,America/Chicago,3,54455,1840038099
Mukwonago,Mukwonago,Wisconsin,55133,Waukesha,42.857,-88.3269,8311,399.4,shape,false,true,America/Chicago,3,53149,1840003022
Somers,Somers,Wisconsin,55059,Kenosha,42.6411,-87.8919,8303,125.6,shape,false,true,America/Chicago,3,53144 53140 53177 53171,1840038024
Rhinelander,Rhinelander,Wisconsin,55085,Oneida,45.6358,-89.4261,8236,377.7,shape,false,true,America/Chicago,3,54501,1840002046
Sheboygan Falls,Sheboygan Falls,Wisconsin,55117,Sheboygan,43.729,-87.8266,8163,574.5,shape,false,true,America/Chicago,3,53085,1840002629
Antigo,Antigo,Wisconsin,55067,Langlade,45.141,-89.1552,8075,483.0,shape,false,true,America/Chicago,3,54409,1840001565
Ashland,Ashland,Wisconsin,55003,Ashland,46.5799,-90.8713,7903,228.3,shape,false,true,America/Chicago,3,54806,1840003916
Ripon,Ripon,Wisconsin,55039,Fond du Lac,43.8436,-88.8386,7823,607.2,shape,false,true,America/Chicago,3,54971,1840002609
Jackson,Jackson,Wisconsin,55131,Washington,43.3233,-88.1666,7814,793.0,shape,false,true,America/Chicago,3,53037,1840002832
Jefferson,Jefferson,Wisconsin,55055,Jefferson,43.0044,-88.8084,7778,514.9,shape,false,true,America/Chicago,3,53549,1840003001
Mount Horeb,Mount Horeb,Wisconsin,55025,Dane,43.006,-89.7316,7717,918.9,shape,false,true,America/Chicago,3,53572,1840002921
Hales Corners,Hales Corners,Wisconsin,55079,Milwaukee,42.9409,-88.0491,7677,928.7,shape,false,true,America/Chicago,3,53130,1840003040
Cottage Grove,Cottage Grove,Wisconsin,55025,Dane,43.0922,-89.2054,7567,622.9,shape,false,true,America/Chicago,3,53527,1840002910
Vernon,Vernon,Wisconsin,55133,Waukesha,42.884,-88.2494,7478,96.3,shape,false,true,America/Chicago,4,53149 53189 53103,1840000028
New London,New London,Wisconsin,55135,Waupaca,44.3949,-88.7395,7342,508.5,shape,false,true,America/Chicago,3,54961,1840002361
Kimberly,Kimberly,Wisconsin,55087,Outagamie,44.267,-88.3378,7331,1231.9,shape,false,true,America/Chicago,3,54136,1840002404
Delafield,Delafield,Wisconsin,55133,Waukesha,43.072,-88.3913,7181,294.6,shape,false,true,America/Chicago,3,53018 53058 53029,1840003017
Lake Hallie,Lake Hallie,Wisconsin,55017,Chippewa,44.8921,-91.4199,7178,194.7,shape,false,true,America/Chicago,3,54729 54703,1840000279
Sturtevant,Sturtevant,Wisconsin,55101,Racine,42.6995,-87.9019,6823,641.9,shape,false,true,America/Chicago,3,53177,1840002486
Fox Point,Fox Point,Wisconsin,55079,Milwaukee,43.1581,-87.9013,6811,919.5,shape,false,true,America/Chicago,3,53217,1840003042
Elm Grove,Elm Grove,Wisconsin,55133,Waukesha,43.048,-88.0867,6445,763.1,shape,false,true,America/Chicago,3,53122,1840003011
Twin Lakes,Twin Lakes,Wisconsin,55059,Kenosha,42.519,-88.2484,6341,286.9,shape,false,true,America/Chicago,3,53181,1840003159
Waupaca,Waupaca,Wisconsin,55135,Waupaca,44.3506,-89.0719,6294,306.9,shape,false,true,America/Chicago,3,54981,1840002353
Lake Mills,Lake Mills,Wisconsin,55055,Jefferson,43.0775,-88.9055,6280,581.5,shape,false,true,America/Chicago,3,53551,1840003003
Rib Mountain,Rib Mountain,Wisconsin,55073,Marathon,44.9195,-89.6757,6153,197.1,shape,false,false,America/Chicago,3,54401,1840038097
Slinger,Slinger,Wisconsin,55131,Washington,43.3317,-88.2798,6055,426.2,shape,false,true,America/Chicago,3,53086,1840002828
Edgerton,Edgerton,Wisconsin,55105,Rock,42.8385,-89.0699,5878,545.7,shape,false,true,America/Chicago,3,53534,1840002468
Evansville,Evansville,Wisconsin,55105,Rock,42.7781,-89.2967,5720,677.8,shape,false,true,America/Chicago,3,53536,1840002469
Milton,Milton,Wisconsin,55105,Rock,42.775,-88.9429,5692,494.7,shape,false,true,America/Chicago,3,53563,1840002473
Waterford,Waterford,Wisconsin,55101,Racine,42.7645,-88.216,5587,883.9,shape,false,true,America/Chicago,3,53185,1840002488
Rothschild,Rothschild,Wisconsin,55073,Marathon,44.8761,-89.6173,5537,327.5,shape,false,true,America/Chicago,3,54474 54476,1840002172
Berlin,Berlin,Wisconsin,55047,Green Lake,43.9704,-88.9504,5537,361.3,shape,false,true,America/Chicago,3,54923,1840002590
Prairie du Chien,Prairie du Chien,Wisconsin,55023,Crawford,43.0429,-91.1372,5502,363.7,shape,false,true,America/Chicago,3,53821,1840002890
Columbus,Columbus,Wisconsin,55021,Columbia,43.3354,-89.03,5481,466.2,shape,false,true,America/Chicago,3,53925,1840002708
North Fond du Lac,North Fond du Lac,Wisconsin,55039,Fond du Lac,43.8107,-88.486,5372,974.7,shape,false,true,America/Chicago,3,54937,1840002607
West Salem,West Salem,Wisconsin,55063,La Crosse,43.8989,-91.0882,5253,606.1,shape,false,true,America/Chicago,3,54669,1840002575
Mayville,Mayville,Wisconsin,55027,Dodge,43.4986,-88.5474,5176,614.2,shape,false,true,America/Chicago,3,53050,1840002742
Bristol,Bristol,Wisconsin,55059,Kenosha,42.5377,-88.0151,5169,61.0,shape,false,true,America/Chicago,3,53142 53104,1840037916
Wind Lake,Wind Lake,Wisconsin,55101,Racine,42.8239,-88.1563,5094,284.8,shape,false,false,America/Chicago,3,53185,1840006921
Tichigan,Tichigan,Wisconsin,55101,Racine,42.8087,-88.215,5060,172.4,shape,false,false,America/Chicago,3,53185,1840006920
Dodgeville,Dodgeville,Wisconsin,55049,Iowa,42.966,-90.1297,4994,474.6,shape,false,true,America/Chicago,3,53533 53595,1840002959
Union Grove,Union Grove,Wisconsin,55101,Racine,42.6864,-88.0496,4916,732.8,shape,false,true,America/Chicago,3,53182,1840002487
Lake Wisconsin,Lake Wisconsin,Wisconsin,55021,Columbia,43.3739,-89.5858,4886,140.8,shape,false,false,America/Chicago,3,53955 53578 53555,1840004203
Okauchee Lake,Okauchee Lake,Wisconsin,55133,Waukesha,43.1256,-88.4385,4690,485.1,shape,false,false,America/Chicago,3,53069 53066,1840004353
East Troy,East Troy,Wisconsin,55127,Walworth,42.7846,-88.3973,4669,398.3,shape,false,true,America/Chicago,3,53120,1840002484
Oconto,Oconto,Wisconsin,55083,Oconto,44.8923,-87.8715,4586,261.1,shape,false,true,America/Chicago,3,54153,1840001575
Clintonville,Clintonville,Wisconsin,55135,Waupaca,44.6222,-88.7513,4549,395.6,shape,false,true,America/Chicago,3,54929,1840002358
Bayside,Bayside,Wisconsin,55079,Milwaukee,43.1827,-87.9017,4506,729.1,shape,false,true,America/Chicago,3,53217,1840003044
Viroqua,Viroqua,Wisconsin,55123,Vernon,43.5603,-90.8858,4493,398.2,shape,false,true,America/Chicago,3,54665,1840002688
Mosinee,Mosinee,Wisconsin,55073,Marathon,44.7874,-89.6839,4467,219.6,shape,false,true,America/Chicago,3,54455,1840002171
Prairie du Sac,Prairie du Sac,Wisconsin,55111,Sauk,43.292,-89.7353,4392,878.4,shape,false,true,America/Chicago,3,53578,1840002726
Prescott,Prescott,Wisconsin,55093,Pierce,44.7523,-92.7882,4343,591.6,shape,false,true,America/Chicago,3,54021,1840002288
Kewaskum,Kewaskum,Wisconsin,55131,Washington,43.5177,-88.2306,4335,711.0,shape,false,true,America/Chicago,3,53040,1840002833
Medford,Medford,Wisconsin,55119,Taylor,45.1365,-90.3436,4317,370.8,shape,false,true,America/Chicago,3,54451,1840001571
Mauston,Mauston,Wisconsin,55057,Juneau,43.7995,-90.0775,4311,372.4,shape,false,true,America/Chicago,3,53948,1840002230
Baldwin,Baldwin,Wisconsin,55109,St. Croix,44.954,-92.3709,4280,513.0,shape,false,true,America/Chicago,3,54002,1840002136
Saukville,Saukville,Wisconsin,55089,Ozaukee,43.3847,-87.9439,4274,466.2,shape,false,true,America/Chicago,3,53080,1840002827
French Island,French Island,Wisconsin,55063,La Crosse,43.8593,-91.2614,4266,814.5,shape,false,false,America/Chicago,3,54603,1840004157
West Milwaukee,West Milwaukee,Wisconsin,55079,Milwaukee,43.0124,-87.971,4096,1413.8,shape,false,true,America/Chicago,3,53219 53214 53215 53234,1840003035
Cross Plains,Cross Plains,Wisconsin,55025,Dane,43.1145,-89.6479,4053,831.9,shape,false,true,America/Chicago,3,53528,1840002911
Chilton,Chilton,Wisconsin,55015,Calumet,44.0293,-88.1625,4017,383.9,shape,false,true,America/Chicago,3,53014,1840002521
Lancaster,Lancaster,Wisconsin,55043,Grant,42.8473,-90.7065,3917,502.7,shape,false,true,America/Chicago,3,53813,1840002969
Raymond,Raymond,Wisconsin,55101,Racine,42.8003,-88.0118,3916,42.4,shape,false,false,America/Chicago,4,53126 53108,1840124033
Kiel,Kiel,Wisconsin,55071,Manitowoc,43.9167,-88.0266,3878,592.3,shape,false,true,America/Chicago,3,53042,1840002210
Pulaski,Pulaski,Wisconsin,55009,Brown,44.6684,-88.2351,3861,525.4,shape,false,true,America/Chicago,3,54162,1840002349
North Hudson,North Hudson,Wisconsin,55109,St. Croix,44.9973,-92.7564,3837,946.0,shape,false,true,America/Chicago,3,54016,1840002139
Marshall,Marshall,Wisconsin,55025,Dane,43.1726,-89.0613,3818,693.9,shape,false,true,America/Chicago,3,53559,1840002917
Horicon,Horicon,Wisconsin,55027,Dodge,43.4454,-88.6403,3793,418.2,shape,false,true,America/Chicago,3,53032,1840002731
Rochester,Rochester,Wisconsin,55101,Racine,42.7338,-88.2489,3776,83.7,shape,false,true,America/Chicago,3,53167 53105 53138,1840002494
Stanley,Stanley,Wisconsin,55017,Chippewa,44.9597,-90.9423,3772,341.5,shape,false,true,America/Chicago,3,54768,1840002105
Barron,Barron,Wisconsin,55005,Barron,45.4015,-91.8476,3693,489.5,shape,false,true,America/Chicago,3,54812,1840002069
Bloomer,Bloomer,Wisconsin,55017,Chippewa,45.1033,-91.4915,3679,482.2,shape,false,true,America/Chicago,3,54724,1840002106
Arcadia,Arcadia,Wisconsin,55121,Trempealeau,44.2486,-91.4916,3669,433.2,shape,false,true,America/Chicago,3,54612,1840002383
Omro,Omro,Wisconsin,55139,Winnebago,44.0391,-88.7378,3639,573.9,shape,false,true,America/Chicago,3,54963,1840002245
Combined Locks,Combined Locks,Wisconsin,55087,Outagamie,44.2642,-88.3064,3620,814.2,shape,false,true,America/Chicago,3,54113,1840002407
Seymour,Seymour,Wisconsin,55087,Outagamie,44.5142,-88.3271,3534,506.9,shape,false,true,America/Chicago,3,54165,1840002410
Waterloo,Waterloo,Wisconsin,55055,Jefferson,43.1835,-88.9899,3511,357.3,shape,false,true,America/Chicago,3,53594,1840002999
Sauk City,Sauk City,Wisconsin,55111,Sauk,43.2722,-89.7312,3506,875.4,shape,false,true,America/Chicago,3,53583,1840002729
Black River Falls,Black River Falls,Wisconsin,55053,Jackson,44.2981,-90.842,3488,321.8,shape,false,true,America/Chicago,3,54615,1840002397
Lake Delton,Lake Delton,Wisconsin,55111,Sauk,43.5932,-89.7841,3475,176.5,shape,false,true,America/Chicago,3,53965 53913 53940,1840002718
Merton,Merton,Wisconsin,55133,Waukesha,43.1416,-88.3082,3463,403.2,shape,false,true,America/Chicago,3,53089 53029 53056,1840003021
Peshtigo,Peshtigo,Wisconsin,55075,Marinette,45.056,-87.7471,3414,452.6,shape,false,true,America/Chicago,3,54157,1840003932
Tomahawk,Tomahawk,Wisconsin,55069,Lincoln,45.4746,-89.7228,3413,167.8,shape,false,true,America/Chicago,3,54487,1840001561
Johnson Creek,Johnson Creek,Wisconsin,55055,Jefferson,43.0812,-88.7702,3337,425.5,shape,false,true,America/Chicago,3,53094 53038,1840003002
Ellsworth,Ellsworth,Wisconsin,55093,Pierce,44.7364,-92.4806,3323,337.9,shape,false,true,America/Chicago,3,54011,1840002283
Brillion,Brillion,Wisconsin,55015,Calumet,44.1758,-88.0707,3294,411.6,shape,false,true,America/Chicago,3,54110,1840002520
Thiensville,Thiensville,Wisconsin,55089,Ozaukee,43.2361,-87.9785,3279,1220.0,shape,false,true,America/Chicago,3,53092,1840002821
Boscobel,Boscobel,Wisconsin,55043,Grant,43.1437,-90.6948,3275,389.7,shape,false,true,America/Chicago,3,53805,1840002972
Yorkville,Yorkville,Wisconsin,55101,Racine,42.7155,-88.0097,3241,37.4,shape,false,true,America/Chicago,3,53177 53126 53182,1840033795
Howards Grove,Howards Grove,Wisconsin,55117,Sheboygan,43.8261,-87.8232,3241,562.4,shape,false,true,America/Chicago,3,53083,1840002619
Algoma,Algoma,Wisconsin,55061,Kewaunee,44.6058,-87.4465,3227,507.2,shape,false,true,America/Chicago,3,54201,1840001567
Sherwood,Sherwood,Wisconsin,55015,Calumet,44.1763,-88.2756,3224,359.7,shape,false,true,America/Chicago,3,54169,1840002247
Brodhead,Brodhead,Wisconsin,55045,Green,42.6168,-89.3756,3221,692.9,shape,false,true,America/Chicago,3,53520,1840002460
Lodi,Lodi,Wisconsin,55021,Columbia,43.3154,-89.5367,3196,712.3,shape,false,true,America/Chicago,3,53555,1840002710
Wrightstown,Wrightstown,Wisconsin,55009,Brown,44.3263,-88.1756,3196,275.9,shape,false,true,America/Chicago,3,54180,1840002343
Ladysmith,Ladysmith,Wisconsin,55107,Rusk,45.4606,-91.0973,3192,291.6,shape,false,true,America/Chicago,3,54848,1840002082
New Holstein,New Holstein,Wisconsin,55015,Calumet,43.9491,-88.0942,3141,483.3,shape,false,true,America/Chicago,3,53061 53062,1840002522
Hortonville,Hortonville,Wisconsin,55087,Outagamie,44.3368,-88.6361,3110,354.0,shape,false,true,America/Chicago,3,54944,1840002402
Oostburg,Oostburg,Wisconsin,55117,Sheboygan,43.6237,-87.7888,3066,603.4,shape,false,true,America/Chicago,3,53070,1840002625
Somerset,Somerset,Wisconsin,55109,St. Croix,45.1257,-92.6731,3034,353.0,shape,false,true,America/Chicago,3,54025,1840002129
Lake Wissota,Lake Wissota,Wisconsin,55017,Chippewa,44.922,-91.3013,3001,306.8,shape,false,false,America/Chicago,3,54729,1840004021
Genoa City,Genoa City,Wisconsin,55127,Walworth,42.5065,-88.3192,2975,433.8,shape,false,true,America/Chicago,3,53128,1840002478
Paddock Lake,Paddock Lake,Wisconsin,55059,Kenosha,42.5707,-88.1044,2966,378.6,shape,false,true,America/Chicago,3,53168,1840003162
Amery,Amery,Wisconsin,55095,Polk,45.3045,-92.3635,2959,367.6,shape,false,true,America/Chicago,3,54001,1840002049
Oconto Falls,Oconto Falls,Wisconsin,55083,Oconto,44.8738,-88.1444,2959,421.4,shape,false,true,America/Chicago,3,54154,1840001576
Williams Bay,Williams Bay,Wisconsin,55127,Walworth,42.5788,-88.5457,2947,410.9,shape,false,true,America/Chicago,3,53191,1840002477
Delavan Lake,Delavan Lake,Wisconsin,55127,Walworth,42.5992,-88.6176,2926,268.7,shape,false,false,America/Chicago,3,53115,1840004479
Wales,Wales,Wisconsin,55133,Waukesha,43.0042,-88.374,2880,344.8,shape,false,true,America/Chicago,3,53183,1840003007
Mondovi,Mondovi,Wisconsin,55011,Buffalo,44.5712,-91.6668,2832,280.6,shape,false,true,America/Chicago,3,54755,1840002381
Kewaunee,Kewaunee,Wisconsin,55061,Kewaunee,44.4607,-87.5132,2819,308.2,shape,false,true,America/Chicago,3,54216,1840002364
Tainter Lake,Tainter Lake,Wisconsin,55033,Dunn,44.9882,-91.8437,2789,58.1,shape,false,false,America/Chicago,3,54751 54730,1840004024
Osceola,Osceola,Wisconsin,55095,Polk,45.3193,-92.6936,2785,264.4,shape,false,true,America/Chicago,3,54020,1840002057
Walworth,Walworth,Wisconsin,55127,Walworth,42.5305,-88.5939,2778,624.4,shape,false,true,America/Chicago,3,53184,1840002475
Fennimore,Fennimore,Wisconsin,55043,Grant,42.9794,-90.6491,2746,612.7,shape,false,true,America/Chicago,3,53809,1840002968
Cumberland,Cumberland,Wisconsin,55005,Barron,45.5358,-92.0291,2714,252.1,shape,false,true,America/Chicago,3,54829,1840002072
Belleville,Belleville,Wisconsin,55025,Dane,42.8643,-89.5402,2712,659.1,shape,false,true,America/Chicago,3,53508,1840002906
Wisconsin Dells,Wisconsin Dells,Wisconsin,55021,Columbia,43.6336,-89.7752,2703,133.1,shape,false,true,America/Chicago,3,53965,1840002703
Luxemburg,Luxemburg,Wisconsin,55061,Kewaunee,44.5447,-87.7065,2686,431.7,shape,false,true,America/Chicago,3,54217,1840002366
Lake Wazeecha,Lake Wazeecha,Wisconsin,55141,Wood,44.3696,-89.7549,2682,249.4,shape,false,false,America/Chicago,3,54494,1840004085
Lomira,Lomira,Wisconsin,55027,Dodge,43.5946,-88.4421,2674,483.1,shape,false,true,America/Chicago,3,53048,1840002740
Juneau,Juneau,Wisconsin,55027,Dodge,43.4053,-88.7041,2636,617.1,shape,false,true,America/Chicago,3,53039,1840002734
Maine,Maine,Wisconsin,55073,Marathon,45.0497,-89.6817,2608,23.4,shape,false,true,America/Chicago,3,54401 54417 54452 54402,1840038104
Poynette,Poynette,Wisconsin,55021,Columbia,43.3922,-89.4059,2585,388.5,shape,false,true,America/Chicago,3,53955,1840002713
Belgium,Belgium,Wisconsin,55089,Ozaukee,43.5018,-87.8476,2573,462.2,shape,false,true,America/Chicago,3,53004,1840002824
Mineral Point,Mineral Point,Wisconsin,55049,Iowa,42.8632,-90.1814,2569,322.6,shape,false,true,America/Chicago,3,53565,1840002961
Hayward,Hayward,Wisconsin,55113,Sawyer,46.0094,-91.4826,2526,262.0,shape,false,true,America/Chicago,3,54843,1840001997
Winneconne,Winneconne,Wisconsin,55139,Winnebago,44.1111,-88.7116,2520,656.0,shape,false,true,America/Chicago,3,54986,1840002242
Nekoosa,Nekoosa,Wisconsin,55141,Wood,44.3134,-89.9073,2489,284.0,shape,false,true,America/Chicago,3,54457,1840002338
North Prairie,North Prairie,Wisconsin,55133,Waukesha,42.9357,-88.4037,2485,348.6,shape,false,true,America/Chicago,3,53153,1840003026
Darlington,Darlington,Wisconsin,55065,Lafayette,42.6765,-90.1201,2462,576.2,shape,false,true,America/Chicago,3,53530,1840003098
Fredonia,Fredonia,Wisconsin,55089,Ozaukee,43.4715,-87.949,2446,422.4,shape,false,true,America/Chicago,3,53004 53021,1840002822
Cedar Grove,Cedar Grove,Wisconsin,55117,Sheboygan,43.5682,-87.8243,2433,430.1,shape,false,true,America/Chicago,3,53013,1840002624
Bohners Lake,Bohners Lake,Wisconsin,55101,Racine,42.6241,-88.2879,2415,279.9,shape,false,false,America/Chicago,3,53105,1840004481
Denmark,Denmark,Wisconsin,55009,Brown,44.3493,-87.8313,2400,469.9,shape,false,true,America/Chicago,3,54208,1840002347
Park Falls,Park Falls,Wisconsin,55099,Price,45.9348,-90.4464,2389,244.9,shape,false,true,America/Chicago,3,54552,1840002010
New Glarus,New Glarus,Wisconsin,55045,Green,42.8132,-89.6337,2360,504.8,shape,false,true,America/Chicago,3,53574,1840002466
Westby,Westby,Wisconsin,55123,Vernon,43.653,-90.8584,2318,332.3,shape,false,true,America/Chicago,3,54667,1840002689
Neillsville,Neillsville,Wisconsin,55019,Clark,44.5605,-90.5906,2311,325.1,shape,false,true,America/Chicago,3,54456,1840002255
Como,Como,Wisconsin,55127,Walworth,42.6126,-88.4858,2309,316.9,shape,false,false,America/Chicago,3,53147,1840004478
St. Croix Falls,St. Croix Falls,Wisconsin,55095,Polk,45.41,-92.6266,2268,175.6,shape,false,true,America/Chicago,3,54024,1840002058
Chetek,Chetek,Wisconsin,55005,Barron,45.316,-91.6532,2264,364.4,shape,false,true,America/Chicago,3,54728,1840002071
Schofield,Schofield,Wisconsin,55073,Marathon,44.9152,-89.6144,2256,411.8,shape,false,true,America/Chicago,3,54476,1840002173
Deerfield,Deerfield,Wisconsin,55025,Dane,43.0491,-89.0762,2207,393.4,shape,false,true,America/Chicago,3,53531,1840002913
Adams,Adams,Wisconsin,55001,Adams,43.9554,-89.8169,2204,289.0,shape,false,true,America/Chicago,3,53910,1840002234
Abbotsford,Abbotsford,Wisconsin,55073,Marathon,44.9435,-90.3174,2186,284.3,shape,false,true,America/Chicago,3,54405 54421,1840002168
Cuba City,Cuba City,Wisconsin,55043,Grant,42.6036,-90.4318,2163,720.1,shape,false,true,America/Chicago,3,53807,1840002974
Kohler,Kohler,Wisconsin,55117,Sheboygan,43.7364,-87.7795,2142,155.5,shape,false,true,America/Chicago,3,53044,1840002620
Colby,Colby,Wisconsin,55073,Marathon,44.9107,-90.3159,2132,502.8,shape,false,true,America/Chicago,3,54421,1840002251
Dousman,Dousman,Wisconsin,55133,Waukesha,43.0092,-88.4771,2099,276.0,shape,false,true,America/Chicago,3,53118 53066,1840003018
Palmyra,Palmyra,Wisconsin,55055,Jefferson,42.8811,-88.6,2097,376.3,shape,false,true,America/Chicago,3,53156,1840003005
Shorewood Hills,Shorewood Hills,Wisconsin,55025,Dane,43.0789,-89.4468,2085,1001.9,shape,false,true,America/Chicago,3,53705 53791,1840002900
Ixonia,Ixonia,Wisconsin,55055,Jefferson,43.1396,-88.5963,2064,219.1,shape,false,false,America/Chicago,3,53036,1840004349
Spooner,Spooner,Wisconsin,55129,Washburn,45.8271,-91.886,2062,197.4,shape,false,true,America/Chicago,3,54801,1840002002
Eagle,Eagle,Wisconsin,55133,Waukesha,42.879,-88.4697,2050,569.0,shape,false,true,America/Chicago,3,53119,1840003019
Redgranite,Redgranite,Wisconsin,55137,Waushara,44.0513,-89.1059,2045,334.1,shape,false,true,America/Chicago,3,54970,1840002241
Hammond,Hammond,Wisconsin,55109,St. Croix,44.969,-92.4381,2015,360.2,shape,false,true,America/Chicago,3,54015,1840002134
Wautoma,Wautoma,Wisconsin,55137,Waushara,44.0668,-89.2915,2003,276.7,shape,false,true,America/Chicago,3,54982,1840002235
Lake Ripley,Lake Ripley,Wisconsin,55055,Jefferson,43.0045,-88.9829,1982,229.3,shape,false,false,America/Chicago,3,53523,1840004351
Washburn,Washburn,Wisconsin,55007,Bayfield,46.677,-90.9018,1975,195.0,shape,false,true,America/Chicago,3,54891,1840003913
Roberts,Roberts,Wisconsin,55109,St. Croix,44.9733,-92.5505,1969,294.6,shape,false,true,America/Chicago,3,54023,1840002140
Brice Prairie,Brice Prairie,Wisconsin,55063,La Crosse,43.9375,-91.3073,1945,163.7,shape,false,false,America/Chicago,3,54650,1840004158
Clinton,Clinton,Wisconsin,55105,Rock,42.5574,-88.868,1938,522.5,shape,false,true,America/Chicago,3,53525,1840002472
Campbellsport,Campbellsport,Wisconsin,55039,Fond du Lac,43.5975,-88.2814,1932,546.1,shape,false,true,America/Chicago,3,53010,1840002604
Butler,Butler,Wisconsin,55133,Waukesha,43.1084,-88.0713,1906,941.6,shape,false,true,America/Chicago,3,53007,1840003013
Weyauwega,Weyauwega,Wisconsin,55135,Waupaca,44.324,-88.9333,1857,466.6,shape,false,true,America/Chicago,3,54983,1840002354
Browns Lake,Browns Lake,Wisconsin,55101,Racine,42.6909,-88.237,1831,394.8,shape,false,false,America/Chicago,3,53105,1840004482
Port Edwards,Port Edwards,Wisconsin,55141,Wood,44.3484,-89.854,1818,134.3,shape,false,true,America/Chicago,3,54469 54494,1840002340
Cameron,Cameron,Wisconsin,55005,Barron,45.4059,-91.7422,1800,268.3,shape,false,true,America/Chicago,3,54822,1840002070
Pardeeville,Pardeeville,Wisconsin,55021,Columbia,43.5358,-89.301,1794,360.3,shape,false,true,America/Chicago,3,53954,1840002711
Fox Lake,Fox Lake,Wisconsin,55027,Dodge,43.5619,-88.913,1792,440.9,shape,false,true,America/Chicago,3,53933,1840002737
Trempealeau,Trempealeau,Wisconsin,55121,Trempealeau,44.0029,-91.4284,1769,344.5,shape,false,true,America/Chicago,3,54661,1840002385
Mazomanie,Mazomanie,Wisconsin,55025,Dane,43.1731,-89.7954,1765,385.3,shape,false,true,America/Chicago,3,53560,1840002918
Lac du Flambeau,Lac du Flambeau,Wisconsin,55125,Vilas,45.9696,-89.8994,1755,137.0,shape,false,false,America/Chicago,3,54538,1840004007
Thorp,Thorp,Wisconsin,55019,Clark,44.9579,-90.8022,1753,457.5,shape,false,true,America/Chicago,3,54771,1840002176
Durand,Durand,Wisconsin,55091,Pepin,44.627,-91.9607,1735,383.3,shape,false,true,America/Chicago,3,54736,1840002351
Osseo,Osseo,Wisconsin,55121,Trempealeau,44.5795,-91.212,1720,322.7,shape,false,true,America/Chicago,3,54758,1840002392
Fall River,Fall River,Wisconsin,55021,Columbia,43.3856,-89.0455,1708,349.3,shape,false,true,America/Chicago,3,53932,1840002706
King,King,Wisconsin,55135,Waupaca,44.3402,-89.1228,1703,298.3,shape,false,false,America/Chicago,3,54946 54981,1840023955
Black Earth,Black Earth,Wisconsin,55025,Dane,43.1344,-89.747,1694,774.6,shape,false,true,America/Chicago,3,53515,1840002907
Wind Point,Wind Point,Wisconsin,55101,Racine,42.7814,-87.7721,1688,515.0,shape,false,true,America/Chicago,3,53402,1840002489
New Lisbon,New Lisbon,Wisconsin,55057,Juneau,43.8781,-90.1624,1688,238.4,shape,false,true,America/Chicago,3,53950,1840002232
Cleveland,Cleveland,Wisconsin,55071,Manitowoc,43.9177,-87.7469,1686,329.6,shape,false,true,America/Chicago,3,53015,1840002212
Spencer,Spencer,Wisconsin,55073,Marathon,44.7544,-90.2983,1669,328.4,shape,false,true,America/Chicago,3,54479,1840002161
Shell Lake,Shell Lake,Wisconsin,55129,Washburn,45.7322,-91.9033,1664,109.9,shape,false,true,America/Chicago,3,54871,1840002001
Sharon,Sharon,Wisconsin,55127,Walworth,42.5049,-88.7402,1601,357.4,shape,false,true,America/Chicago,3,53585,1840002485
Lauderdale Lakes,Lauderdale Lakes,Wisconsin,55127,Walworth,42.7709,-88.5778,1584,142.3,shape,false,true,America/Chicago,4,53121,1840042476
Galesville,Galesville,Wisconsin,55121,Trempealeau,44.0839,-91.358,1582,469.6,shape,false,true,America/Chicago,3,54630,1840002387
Random Lake,Random Lake,Wisconsin,55117,Sheboygan,43.5541,-87.9548,1580,406.5,shape,false,true,America/Chicago,3,53075,1840002627
Phillips,Phillips,Wisconsin,55099,Price,45.6958,-90.4018,1578,229.1,shape,false,true,America/Chicago,3,54555,1840002011
Eagle River,Eagle River,Wisconsin,55125,Vilas,45.925,-89.2561,1575,187.3,shape,false,true,America/Chicago,3,54521,1840001982
Whitehall,Whitehall,Wisconsin,55121,Trempealeau,44.3605,-91.3377,1565,158.8,shape,false,true,America/Chicago,3,54773,1840002386
West Baraboo,West Baraboo,Wisconsin,55111,Sauk,43.4815,-89.7718,1557,476.6,shape,false,true,America/Chicago,3,53913,1840002716
Elroy,Elroy,Wisconsin,55057,Juneau,43.7419,-90.2704,1543,296.7,shape,false,true,America/Chicago,3,53929,1840002227
Whiting,Whiting,Wisconsin,55097,Portage,44.4907,-89.56,1538,328.1,shape,false,true,America/Chicago,3,54481,1840002321
Spring Green,Spring Green,Wisconsin,55111,Sauk,43.1776,-90.0688,1538,356.0,shape,false,true,America/Chicago,3,53588,1840002715
Woodville,Woodville,Wisconsin,55109,St. Croix,44.9483,-92.2851,1537,330.2,shape,false,true,America/Chicago,3,54028,1840002132
River Hills,River Hills,Wisconsin,55079,Milwaukee,43.1716,-87.9353,1530,114.6,shape,false,true,America/Chicago,3,53217,1840003048
Legend Lake,Legend Lake,Wisconsin,55078,Menominee,44.8909,-88.544,1530,35.1,shape,false,false,America/Chicago,3,54135 54124,1840004029
Orfordville,Orfordville,Wisconsin,55105,Rock,42.6294,-89.2572,1523,495.5,shape,false,true,America/Chicago,3,53576,1840002474
Crandon,Crandon,Wisconsin,55041,Forest,45.5686,-88.8973,1519,112.3,shape,false,true,America/Chicago,3,54520,1840002005
Randolph,Randolph,Wisconsin,55027,Dodge,43.5397,-89.0029,1509,469.5,shape,false,true,America/Chicago,3,53956 53957,1840002744
Cadott,Cadott,Wisconsin,55017,Chippewa,44.9502,-91.1532,1476,167.5,shape,false,true,America/Chicago,3,54727,1840002107
Fall Creek,Fall Creek,Wisconsin,55035,Eau Claire,44.7639,-91.2783,1459,274.9,shape,false,true,America/Chicago,3,54742,1840002294
Barneveld,Barneveld,Wisconsin,55049,Iowa,43.0117,-89.8969,1454,292.7,shape,false,true,America/Chicago,3,53507,1840002957
Mishicot,Mishicot,Wisconsin,55071,Manitowoc,44.2303,-87.6423,1449,219.4,shape,false,true,America/Chicago,3,54228,1840002215
Cambridge,Cambridge,Wisconsin,55025,Dane,43.0071,-89.0214,1442,378.1,shape,false,true,America/Chicago,3,53523,1840002909
Bonduel,Bonduel,Wisconsin,55115,Shawano,44.7383,-88.4476,1427,244.2,shape,false,true,America/Chicago,3,54107,1840002263
Keshena,Keshena,Wisconsin,55078,Menominee,44.8697,-88.6002,1424,66.0,shape,false,false,America/Chicago,3,54135,1840004028
Niagara,Niagara,Wisconsin,55075,Marinette,45.7801,-87.9991,1423,198.9,shape,false,true,America/Menominee,3,54151,1840003931
Big Bend,Big Bend,Wisconsin,55133,Waukesha,42.9021,-88.2121,1407,167.1,shape,false,true,America/Chicago,3,53189 53103,1840003015
Hurley,Hurley,Wisconsin,55051,Iron,46.4462,-90.1983,1405,167.2,shape,false,true,America/Menominee,3,54534,1840001952
Montello,Montello,Wisconsin,55077,Marquette,43.794,-89.3333,1405,275.9,shape,false,true,America/Chicago,3,53949,1840002595
Cornell,Cornell,Wisconsin,55017,Chippewa,45.1632,-91.1497,1395,142.2,shape,false,true,America/Chicago,3,54732,1840002109
Grantsburg,Grantsburg,Wisconsin,55013,Burnett,45.7813,-92.6836,1385,176.0,shape,false,true,America/Chicago,3,54840,1840001995
Edgar,Edgar,Wisconsin,55073,Marathon,44.9229,-89.9626,1381,294.9,shape,false,true,America/Chicago,3,54426,1840002169
Powers Lake,Powers Lake,Wisconsin,55059,Kenosha,42.5386,-88.2943,1381,226.8,shape,false,false,America/Chicago,3,53128 53159,1840004537
Theresa,Theresa,Wisconsin,55027,Dodge,43.5164,-88.4541,1379,661.6,shape,false,true,America/Chicago,3,53091,1840002730
Brooklyn,Brooklyn,Wisconsin,55045,Green,42.8524,-89.3723,1375,475.0,shape,false,true,America/Chicago,3,53521,1840002461
St. Peter,St. Peter,Wisconsin,55039,Fond du Lac,43.8377,-88.3466,1365,145.2,shape,false,false,America/Chicago,3,54937 53049,1840024009
Stratford,Stratford,Wisconsin,55073,Marathon,44.8009,-90.0722,1364,99.3,shape,false,true,America/Chicago,3,54484,1840002162
Lannon,Lannon,Wisconsin,55133,Waukesha,43.1521,-88.1605,1351,211.0,shape,false,true,America/Chicago,3,53046,1840003014
Loyal,Loyal,Wisconsin,55019,Clark,44.7366,-90.4956,1328,384.0,shape,false,true,America/Chicago,3,54446,1840002254
Maple Bluff,Maple Bluff,Wisconsin,55025,Dane,43.1131,-89.3718,1327,730.6,shape,false,true,America/Chicago,3,53704,1840002916
Gillett,Gillett,Wisconsin,55083,Oconto,44.8897,-88.3063,1324,378.8,shape,false,true,America/Chicago,3,54124,1840001574
Hillsboro,Hillsboro,Wisconsin,55123,Vernon,43.656,-90.3365,1318,360.9,shape,false,true,America/Chicago,3,54634,1840002691
Bangor,Bangor,Wisconsin,55063,La Crosse,43.8937,-90.9934,1317,303.6,shape,false,true,America/Chicago,3,54614,1840002578
Colfax,Colfax,Wisconsin,55033,Dunn,44.997,-91.7264,1313,364.8,shape,false,true,America/Chicago,3,54730,1840002144
Newburg,Newburg,Wisconsin,55131,Washington,43.4321,-88.0477,1306,544.8,shape,false,true,America/Chicago,3,53090 53095 53060,1840002834
Cashton,Cashton,Wisconsin,55081,Monroe,43.7412,-90.7866,1303,394.6,shape,false,true,America/Chicago,3,54619,1840002571
Markesan,Markesan,Wisconsin,55047,Green Lake,43.7098,-88.9907,1292,214.6,shape,false,true,America/Chicago,3,53946,1840002591
Boyceville,Boyceville,Wisconsin,55033,Dunn,45.0427,-92.0384,1286,132.1,shape,false,true,America/Chicago,3,54725,1840000291
Spring Valley,Spring Valley,Wisconsin,55093,Pierce,44.8498,-92.2442,1284,125.0,shape,false,true,America/Chicago,3,54767,1840002282
Darien,Darien,Wisconsin,55127,Walworth,42.6007,-88.7129,1271,380.2,shape,false,true,America/Chicago,3,53114,1840002482
Westfield,Westfield,Wisconsin,55077,Marquette,43.8851,-89.4926,1270,312.0,shape,false,true,America/Chicago,3,53964,1840002594
Independence,Independence,Wisconsin,55121,Trempealeau,44.3328,-91.4172,1267,117.5,shape,false,true,America/Chicago,3,54773 54747 54612,1840002388
Augusta,Augusta,Wisconsin,55035,Eau Claire,44.6784,-91.1204,1254,219.2,shape,false,true,America/Chicago,3,54722,1840002292
Manawa,Manawa,Wisconsin,55135,Waupaca,44.4613,-88.9204,1238,293.3,shape,false,true,America/Chicago,3,54949,1840002359
Oakfield,Oakfield,Wisconsin,55039,Fond du Lac,43.6843,-88.5476,1218,478.5,shape,false,true,America/Chicago,3,53065,1840002608
Blair,Blair,Wisconsin,55121,Trempealeau,44.3083,-91.2426,1218,109.4,shape,false,true,America/Chicago,3,54773 54659 54616,1840002391
Shullsburg,Shullsburg,Wisconsin,55065,Lafayette,42.5733,-90.2348,1218,352.6,shape,false,true,America/Chicago,3,53586,1840002497
Nashotah,Nashotah,Wisconsin,55133,Waukesha,43.0938,-88.4038,1216,288.6,shape,false,true,America/Chicago,3,53058,1840003024
Luck,Luck,Wisconsin,55095,Polk,45.5718,-92.4666,1214,237.7,shape,false,true,America/Chicago,3,54853,1840002055
Glenwood City,Glenwood City,Wisconsin,55109,St. Croix,45.0521,-92.1658,1207,134.2,shape,false,true,America/Chicago,3,54013,1840002133
Strum,Strum,Wisconsin,55121,Trempealeau,44.5531,-91.3876,1194,375.4,shape,false,true,America/Chicago,3,54770,1840002384
Black Creek,Black Creek,Wisconsin,55087,Outagamie,44.4742,-88.4506,1194,462.6,shape,false,true,America/Chicago,3,54106,1840002406
Muscoda,Muscoda,Wisconsin,55043,Grant,43.1872,-90.4333,1194,288.0,shape,false,true,America/Chicago,3,53573,1840002979
Crivitz,Crivitz,Wisconsin,55075,Marinette,45.2337,-88.0067,1187,289.2,shape,false,true,America/Chicago,3,54114,1840003929
Lyons,Lyons,Wisconsin,55127,Walworth,42.6485,-88.3599,1175,364.3,shape,false,false,America/Chicago,3,53105 53148,1840123858
Elkhart Lake,Elkhart Lake,Wisconsin,55117,Sheboygan,43.8322,-88.0147,1170,352.5,shape,false,true,America/Chicago,3,53020,1840002621
Reedsville,Reedsville,Wisconsin,55071,Manitowoc,44.1524,-87.9516,1166,371.3,shape,false,true,America/Chicago,3,54230,1840002216
Iola,Iola,Wisconsin,55135,Waupaca,44.5091,-89.1249,1148,265.2,shape,false,true,America/Chicago,3,54945,1840002356
Lake Camelot,Lake Camelot,Wisconsin,55001,Adams,44.2147,-89.7624,1148,117.6,shape,false,true,America/Chicago,4,54457,1840042464
Monticello,Monticello,Wisconsin,55045,Green,42.7456,-89.5899,1135,367.5,shape,false,true,America/Chicago,3,53570,1840002465
Necedah,Necedah,Wisconsin,55057,Juneau,44.0233,-90.0717,1124,157.3,shape,false,true,America/Chicago,3,54646,1840002231
Marion,Marion,Wisconsin,55135,Waupaca,44.6743,-88.8903,1110,174.6,shape,false,true,America/Chicago,3,54950,1840002360
Hilbert,Hilbert,Wisconsin,55015,Calumet,44.1415,-88.1611,1108,290.3,shape,false,true,America/Chicago,3,54129,1840002249
Princeton,Princeton,Wisconsin,55047,Green Lake,43.8526,-89.1305,1106,275.5,shape,false,true,America/Chicago,3,54968,1840002593
Dane,Dane,Wisconsin,55025,Dane,43.2497,-89.4993,1104,360.2,shape,false,true,America/Chicago,3,53529,1840002912
Albany,Albany,Wisconsin,55045,Green,42.7069,-89.4367,1101,334.6,shape,false,true,America/Chicago,3,53502,1840002463
Frederic,Frederic,Wisconsin,55095,Polk,45.6548,-92.4646,1101,251.3,shape,false,true,America/Chicago,3,54837,1840002048
Hustisford,Hustisford,Wisconsin,55027,Dodge,43.3441,-88.6031,1094,378.8,shape,false,true,America/Chicago,3,53034,1840002732
Elk Mound,Elk Mound,Wisconsin,55033,Dunn,44.8744,-91.6862,1092,185.2,shape,false,true,America/Chicago,3,54739,1840002143
Clear Lake,Clear Lake,Wisconsin,55095,Polk,45.2491,-92.2675,1048,155.6,shape,false,true,America/Chicago,3,54005,1840002053
Greenwood,Greenwood,Wisconsin,55019,Clark,44.7655,-90.5989,1043,150.5,shape,false,true,America/Chicago,3,54437,1840002250
Little Round Lake,Little Round Lake,Wisconsin,55113,Sawyer,45.9699,-91.3662,1026,44.0,shape,false,false,America/Chicago,3,54843,1840004009
Hazel Green,Hazel Green,Wisconsin,55043,Grant,42.5341,-90.4361,1025,310.9,shape,false,true,America/Chicago,3,53811,1840002967
Athens,Athens,Wisconsin,55073,Marathon,45.0349,-90.0792,1015,160.0,shape,false,true,America/Chicago,3,54411,1840002160
Plainfield,Plainfield,Wisconsin,55137,Waushara,44.2175,-89.4969,1008,249.8,shape,false,true,America/Chicago,3,54966,1840002240
Rosendale,Rosendale,Wisconsin,55039,Fond du Lac,43.808,-88.6732,1006,311.9,shape,false,true,America/Chicago,3,54974,1840002610
Green Lake,Green Lake,Wisconsin,55047,Green Lake,43.8441,-88.9561,1000,208.6,shape,false,true,America/Chicago,3,54941,1840002588
Iron Ridge,Iron Ridge,Wisconsin,55027,Dodge,43.3982,-88.532,998,574.5,shape,false,true,America/Chicago,3,53035,1840002733
Rio,Rio,Wisconsin,55021,Columbia,43.4497,-89.2388,998,307.3,shape,false,true,America/Chicago,3,53960,1840002714
Lake Koshkonong,Lake Koshkonong,Wisconsin,55055,Jefferson,42.8838,-88.9424,995,27.2,shape,false,false,America/Chicago,3,53538,1840004350
Dresser,Dresser,Wisconsin,55095,Polk,45.3616,-92.6344,988,201.3,shape,false,true,America/Chicago,3,54009,1840002054
Amherst,Amherst,Wisconsin,55097,Portage,44.4475,-89.2832,988,297.9,shape,false,true,America/Chicago,3,54406,1840002324
Belmont,Belmont,Wisconsin,55065,Lafayette,42.7379,-90.3346,983,445.5,shape,false,true,America/Chicago,3,53510,1840003095
Kekoskee,Kekoskee,Wisconsin,55027,Dodge,43.5019,-88.5863,975,12.0,shape,false,true,America/Chicago,3,53032 53050,1840002735
Owen,Owen,Wisconsin,55019,Clark,44.9485,-90.5621,972,161.0,shape,false,true,America/Chicago,3,54460 54498,1840002256
Wittenberg,Wittenberg,Wisconsin,55115,Shawano,44.827,-89.1664,964,205.4,shape,false,true,America/Chicago,3,54499,1840002259
Lake Nebagamon,Lake Nebagamon,Wisconsin,55031,Douglas,46.512,-91.6995,960,29.6,shape,false,true,America/Chicago,3,54849,1840003910
Ashippun,Ashippun,Wisconsin,55027,Dodge,43.2182,-88.5159,955,358.8,shape,false,false,America/Chicago,3,53036 53003 53066,1840025434
Eagle Lake,Eagle Lake,Wisconsin,55101,Racine,42.7014,-88.1291,954,169.1,shape,false,false,America/Chicago,3,53139,1840004480
Sister Bay,Sister Bay,Wisconsin,55029,Door,45.1835,-87.1271,951,142.4,shape,false,true,America/Chicago,3,54234,1840003934
Wild Rose,Wild Rose,Wisconsin,55137,Waushara,44.1788,-89.2442,942,250.2,shape,false,true,America/Chicago,3,54984,1840002236
Turtle Lake,Turtle Lake,Wisconsin,55005,Barron,45.3933,-92.1452,942,127.2,shape,false,true,America/Chicago,3,54889,1840002066
Footville,Footville,Wisconsin,55105,Rock,42.6715,-89.2084,939,323.3,shape,false,true,America/Chicago,3,53548 53537,1840002470
Centuria,Centuria,Wisconsin,55095,Polk,45.4498,-92.5579,933,211.9,shape,false,true,America/Chicago,3,54824,1840002051
Coon Valley,Coon Valley,Wisconsin,55123,Vernon,43.7024,-91.0112,914,316.7,shape,false,true,America/Chicago,3,54623,1840002694
Dickeyville,Dickeyville,Wisconsin,55043,Grant,42.6246,-90.5914,911,347.6,shape,false,true,America/Chicago,3,53807 53808,1840002975
Butte des Morts,Butte des Morts,Wisconsin,55139,Winnebago,44.1058,-88.6564,907,283.7,shape,false,false,America/Chicago,3,54927 54986 54904,1840025388
Rib Lake,Rib Lake,Wisconsin,55119,Taylor,45.3195,-90.203,903,200.1,shape,false,true,America/Chicago,3,54470,1840001572
Benton,Benton,Wisconsin,55065,Lafayette,42.57,-90.3835,901,412.7,shape,false,true,America/Chicago,3,53803,1840003096
Shiocton,Shiocton,Wisconsin,55087,Outagamie,44.4449,-88.5768,886,218.6,shape,false,true,America/Chicago,3,54170,1840002401
Pittsville,Pittsville,Wisconsin,55141,Wood,44.439,-90.1301,882,171.4,shape,false,true,America/Chicago,3,54466,1840002339
Chain O' Lakes,Chain O' Lakes,Wisconsin,55135,Waupaca,44.3318,-89.1672,882,99.5,shape,false,false,America/Chicago,3,54981,1840023954
Auburndale,Auburndale,Wisconsin,55141,Wood,44.6266,-90.0144,882,164.4,shape,false,true,America/Chicago,3,54412,1840002331
Valders,Valders,Wisconsin,55071,Manitowoc,44.0696,-87.8858,880,236.1,shape,false,true,America/Chicago,3,54245,1840002207
Arlington,Arlington,Wisconsin,55021,Columbia,43.3351,-89.3726,879,327.4,shape,false,true,America/Chicago,3,53911,1840002702
Potter Lake,Potter Lake,Wisconsin,55127,Walworth,42.8195,-88.349,879,315.9,shape,false,false,America/Chicago,3,53120,1840004477
Highland,Highland,Wisconsin,55049,Iowa,43.0475,-90.3801,875,296.9,shape,false,true,America/Chicago,3,53543,1840002955
Whitelaw,Whitelaw,Wisconsin,55071,Manitowoc,44.1453,-87.8278,871,640.1,shape,false,true,America/Chicago,3,54247,1840002208
Greenleaf,Greenleaf,Wisconsin,55009,Brown,44.317,-88.0972,867,324.6,shape,false,false,America/Chicago,3,54126,1840025357
Lake Arrowhead,Lake Arrowhead,Wisconsin,55001,Adams,44.2036,-89.8377,866,63.3,shape,false,true,America/Chicago,4,54457,1840042463
Blue Mounds,Blue Mounds,Wisconsin,55025,Dane,43.0178,-89.8269,864,378.6,shape,false,true,America/Chicago,3,53517,1840002908
Stockbridge,Stockbridge,Wisconsin,55015,Calumet,44.0717,-88.3104,857,100.9,shape,false,true,America/Chicago,3,53014 53088 54129,1840002248
St. Nazianz,St. Nazianz,Wisconsin,55071,Manitowoc,44.0067,-87.9246,857,416.9,shape,false,true,America/Chicago,3,54232,1840002217
Hingham,Hingham,Wisconsin,55117,Sheboygan,43.6465,-87.9151,855,123.0,shape,false,false,America/Chicago,3,53031 53093,1840025424
Dorchester,Dorchester,Wisconsin,55019,Clark,45.0025,-90.3308,852,236.9,shape,false,true,America/Chicago,3,54425,1840002253
Hewitt,Hewitt,Wisconsin,55141,Wood,44.6425,-90.1048,844,350.1,shape,false,true,America/Chicago,3,54441,1840002334
Brandon,Brandon,Wisconsin,55039,Fond du Lac,43.7352,-88.7819,842,430.2,shape,false,true,America/Chicago,3,53919,1840002601
Buffalo City,Buffalo City,Wisconsin,55011,Buffalo,44.2203,-91.8579,835,170.2,shape,false,true,America/Chicago,3,54622,1840002377
Allenton,Allenton,Wisconsin,55131,Washington,43.4218,-88.3448,835,206.7,shape,false,false,America/Chicago,3,53002,1840024031
Lone Rock,Lone Rock,Wisconsin,55103,Richland,43.1857,-90.2012,834,323.6,shape,false,true,America/Chicago,3,53556,1840002819
Balsam Lake,Balsam Lake,Wisconsin,55095,Polk,45.4585,-92.4528,834,144.7,shape,false,true,America/Chicago,3,54810,1840002050
Argyle,Argyle,Wisconsin,55065,Lafayette,42.7014,-89.8657,830,508.1,shape,false,true,America/Chicago,3,53504,1840002496
Reeseville,Reeseville,Wisconsin,55027,Dodge,43.3062,-88.8445,826,510.3,shape,false,true,America/Chicago,3,53579,1840002745
Arena,Arena,Wisconsin,55049,Iowa,43.1636,-89.9103,825,276.0,shape,false,true,America/Chicago,3,53503,1840002953
Pepin,Pepin,Wisconsin,55091,Pepin,44.4425,-92.1481,823,439.7,shape,false,true,America/Chicago,3,54759,1840002352
Stoddard,Stoddard,Wisconsin,55123,Vernon,43.6624,-91.2179,811,491.2,shape,false,true,America/Chicago,3,54658,1840002687
Milltown,Milltown,Wisconsin,55095,Polk,45.5261,-92.5015,809,172.5,shape,false,true,America/Chicago,3,54858,1840002056
Lyndon Station,Lyndon Station,Wisconsin,55057,Juneau,43.7088,-89.8937,802,146.5,shape,false,true,America/Chicago,3,53944,1840002229
Coleman,Coleman,Wisconsin,55075,Marinette,45.0673,-88.0358,787,225.0,shape,false,true,America/Chicago,3,54112,1840003928
Chenequa,Chenequa,Wisconsin,55133,Waukesha,43.1229,-88.3838,783,87.4,shape,false,true,America/Chicago,3,53058 53029,1840003016
Biron,Biron,Wisconsin,55141,Wood,44.4281,-89.766,776,64.6,shape,false,true,America/Chicago,3,54494,1840002335
Solon Springs,Solon Springs,Wisconsin,55031,Douglas,46.3495,-91.8207,768,189.4,shape,false,true,America/Chicago,3,54873,1840003909
Montreal,Montreal,Wisconsin,55051,Iron,46.4312,-90.2382,768,133.5,shape,false,true,America/Menominee,3,54525 54550,1840001953
Birnamwood,Birnamwood,Wisconsin,55115,Shawano,44.9319,-89.2094,762,133.6,shape,false,true,America/Chicago,3,54414,1840002262
Bloomington,Bloomington,Wisconsin,55043,Grant,42.8931,-90.9264,751,229.8,shape,false,true,America/Chicago,3,53804,1840002970
Cambria,Cambria,Wisconsin,55021,Columbia,43.5416,-89.1108,750,295.0,shape,false,true,America/Chicago,3,53923,1840002707
La Farge,La Farge,Wisconsin,55123,Vernon,43.5782,-90.6381,750,287.1,shape,false,true,America/Chicago,3,54639,1840002692
Eleva,Eleva,Wisconsin,55121,Trempealeau,44.5764,-91.4705,744,513.2,shape,false,true,America/Chicago,3,54738,1840002389
Alma,Alma,Wisconsin,55011,Buffalo,44.3374,-91.9221,742,54.0,shape,false,true,America/Chicago,3,54756 54610,1840002379
Almena,Almena,Wisconsin,55005,Barron,45.4149,-92.0384,742,252.7,shape,false,true,America/Chicago,3,54805,1840002068
Camp Douglas,Camp Douglas,Wisconsin,55057,Juneau,43.9197,-90.2697,739,283.8,shape,false,true,America/Chicago,3,54618,1840002228
Fountain City,Fountain City,Wisconsin,55011,Buffalo,44.1202,-91.697,734,64.8,shape,false,true,America/Chicago,3,54629,1840002378
Cassville,Cassville,Wisconsin,55043,Grant,42.715,-90.9891,731,271.8,shape,false,true,America/Chicago,3,53806,1840002973
Wauzeka,Wauzeka,Wisconsin,55023,Crawford,43.0851,-90.8995,727,58.6,shape,false,true,America/Chicago,3,53826,1840002883
Eden,Eden,Wisconsin,55039,Fond du Lac,43.6928,-88.3642,726,468.7,shape,false,true,America/Chicago,3,53019,1840002605
Plain,Plain,Wisconsin,55111,Sauk,43.2779,-90.0423,722,306.6,shape,false,true,America/Chicago,3,53577,1840002725
Van Dyne,Van Dyne,Wisconsin,55039,Fond du Lac,43.8862,-88.5012,720,352.6,shape,false,false,America/Chicago,3,54979,1840025421
Brownsville,Brownsville,Wisconsin,55027,Dodge,43.6147,-88.4953,717,451.4,shape,false,true,America/Chicago,3,53006,1840002736
Blanchardville,Blanchardville,Wisconsin,55065,Lafayette,42.8094,-89.8606,712,570.6,shape,false,true,America/Chicago,3,53516,1840003097
Siren,Siren,Wisconsin,55013,Burnett,45.7826,-92.3823,710,201.8,shape,false,true,America/Chicago,3,54872,1840001993
Wonewoc,Wonewoc,Wisconsin,55057,Juneau,43.6531,-90.2239,706,244.1,shape,false,true,America/Chicago,3,53968,1840002225
Iron River,Iron River,Wisconsin,55007,Bayfield,46.5671,-91.4069,699,43.2,shape,false,false,America/Chicago,3,54847,1840026071
North Freedom,North Freedom,Wisconsin,55111,Sauk,43.459,-89.8603,693,319.3,shape,false,true,America/Chicago,3,53951,1840002724
Bancroft,Bancroft,Wisconsin,55097,Portage,44.3093,-89.5073,693,52.5,shape,false,false,America/Chicago,3,54921,1840024098
Oconomowoc Lake,Oconomowoc Lake,Wisconsin,55133,Waukesha,43.0975,-88.4521,691,139.0,shape,false,true,America/Chicago,3,53066,1840003028
Forest Junction,Forest Junction,Wisconsin,55015,Calumet,44.2139,-88.1496,690,103.4,shape,false,false,America/Chicago,3,54110 54123,1840023996
Francis Creek,Francis Creek,Wisconsin,55071,Manitowoc,44.2006,-87.7209,687,233.4,shape,false,true,America/Chicago,3,54220 54214,1840002211
Neopit,Neopit,Wisconsin,55078,Menominee,44.9877,-88.8227,685,21.8,shape,false,false,America/Chicago,3,54150,1840004030
Elmwood,Elmwood,Wisconsin,55093,Pierce,44.78,-92.1491,683,174.1,shape,false,true,America/Chicago,3,54740,1840002284
Tigerton,Tigerton,Wisconsin,55115,Shawano,44.7409,-89.0459,679,143.7,shape,false,true,America/Chicago,3,54486,1840002258
Mount Calvary,Mount Calvary,Wisconsin,55039,Fond du Lac,43.8263,-88.2461,675,246.7,shape,false,true,America/Chicago,3,53057,1840002606
Wyocena,Wyocena,Wisconsin,55021,Columbia,43.4931,-89.3099,673,181.2,shape,false,true,America/Chicago,3,53954 53960 53969,1840002704
Rockland,Rockland,Wisconsin,55063,La Crosse,43.9077,-90.9165,669,388.1,shape,false,true,America/Chicago,3,54653 54614,1840002580
Webster,Webster,Wisconsin,55013,Burnett,45.8798,-92.3628,665,146.5,shape,false,true,America/Chicago,3,54893,1840001994
Polonia,Polonia,Wisconsin,55097,Portage,44.5756,-89.4118,665,76.9,shape,false,false,America/Chicago,3,54473 54423,1840025355
Sullivan,Sullivan,Wisconsin,55055,Jefferson,43.0118,-88.5903,664,226.3,shape,false,true,America/Chicago,3,53178,1840002998
Ettrick,Ettrick,Wisconsin,55121,Trempealeau,44.1695,-91.2651,660,344.7,shape,false,true,America/Chicago,3,54627,1840002390
Norwalk,Norwalk,Wisconsin,55081,Monroe,43.8342,-90.6269,658,246.7,shape,false,true,America/Chicago,3,54648,1840002573
Cascade,Cascade,Wisconsin,55117,Sheboygan,43.6599,-88.007,650,304.8,shape,false,true,America/Chicago,3,53011,1840002623
Dale,Dale,Wisconsin,55087,Outagamie,44.2757,-88.673,642,166.0,shape,false,false,America/Chicago,3,54944 54931,1840025364
Friendship,Friendship,Wisconsin,55001,Adams,43.972,-89.8203,639,274.1,shape,false,true,America/Chicago,3,53934,1840002233
Fremont,Fremont,Wisconsin,55135,Waupaca,44.2602,-88.8715,636,237.5,shape,false,true,America/Chicago,3,54940,1840002355
Stetsonville,Stetsonville,Wisconsin,55119,Taylor,45.0772,-90.3143,632,622.1,shape,false,true,America/Chicago,3,54480,1840001568
Winchester,Winchester,Wisconsin,55139,Winnebago,44.1982,-88.6599,632,105.5,shape,false,false,America/Chicago,3,54947,1840025391
Woodruff,Woodruff,Wisconsin,55085,Oneida,45.8946,-89.6912,628,171.3,shape,false,false,America/Chicago,3,54568,1840025295
Ridgeway,Ridgeway,Wisconsin,55049,Iowa,42.9986,-89.993,626,188.4,shape,false,true,America/Chicago,3,53582,1840002963
Chief Lake,Chief Lake,Wisconsin,55113,Sawyer,45.9209,-91.3303,626,11.3,shape,false,false,America/Chicago,3,54843 54828,1840004012
Bayfield,Bayfield,Wisconsin,55007,Bayfield,46.8142,-90.8228,617,274.3,shape,false,true,America/Chicago,3,54814,1840003914
Bluffview,Bluffview,Wisconsin,55111,Sauk,43.3641,-89.773,616,283.3,shape,false,false,America/Chicago,3,53951,1840025433
Minong,Minong,Wisconsin,55129,Washburn,46.0978,-91.8263,611,154.7,shape,false,true,America/Chicago,3,54859,1840002004
Neosho,Neosho,Wisconsin,55027,Dodge,43.3101,-88.5192,605,444.1,shape,false,true,America/Chicago,3,53059,1840002743
Taycheedah,Taycheedah,Wisconsin,55039,Fond du Lac,43.8118,-88.3916,604,297.4,shape,false,false,America/Chicago,3,54937 54935,1840024010
Star Prairie,Star Prairie,Wisconsin,55109,St. Croix,45.1975,-92.5321,602,108.4,shape,false,true,America/Chicago,3,54026,1840002130
Casco,Casco,Wisconsin,55061,Kewaunee,44.5558,-87.6197,598,346.8,shape,false,true,America/Chicago,3,54205,1840002365
Melrose,Melrose,Wisconsin,55053,Jackson,44.1316,-90.9969,596,287.4,shape,false,true,America/Chicago,3,54642,1840002398
Merrimac,Merrimac,Wisconsin,55111,Sauk,43.3741,-89.6272,594,278.8,shape,false,true,America/Chicago,3,53561,1840002723
Gresham,Gresham,Wisconsin,55115,Shawano,44.8478,-88.7856,593,200.6,shape,false,true,America/Chicago,3,54128,1840002260
Plum City,Plum City,Wisconsin,55093,Pierce,44.6338,-92.1918,593,219.8,shape,false,true,America/Chicago,3,54761,1840002287
Lily Lake,Lily Lake,Wisconsin,55059,Kenosha,42.5629,-88.213,593,359.8,shape,false,true,America/Chicago,3,53105,1840042477
Poplar,Poplar,Wisconsin,55031,Douglas,46.5828,-91.7836,591,19.2,shape,false,true,America/Chicago,3,54864,1840003912
Montfort,Montfort,Wisconsin,55043,Grant,42.9697,-90.4331,587,421.2,shape,false,true,America/Chicago,3,53569,1840002977
Merrillan,Merrillan,Wisconsin,55053,Jackson,44.4488,-90.834,583,177.7,shape,false,true,America/Chicago,3,54754,1840002399
Rome,Rome,Wisconsin,55055,Jefferson,42.9823,-88.6389,582,60.6,shape,false,false,America/Chicago,3,53137 53178,1840004352
Alma Center,Alma Center,Wisconsin,55053,Jackson,44.437,-90.9128,577,222.3,shape,false,true,America/Chicago,3,54611,1840002396
Viola,Viola,Wisconsin,55123,Vernon,43.507,-90.6735,575,222.9,shape,false,true,America/Chicago,3,54664,1840002815
Wausaukee,Wausaukee,Wisconsin,55075,Marinette,45.378,-87.9553,572,160.5,shape,false,true,America/Chicago,3,54177,1840003927
Lena,Lena,Wisconsin,55083,Oconto,44.953,-88.0476,572,207.8,shape,false,true,America/Chicago,3,54139,1840000277
Potosi,Potosi,Wisconsin,55043,Grant,42.6876,-90.7105,568,132.1,shape,false,true,America/Chicago,3,53820,1840002982
New Auburn,New Auburn,Wisconsin,55017,Chippewa,45.1988,-91.5666,568,64.1,shape,false,true,America/Chicago,3,54757,1840002110
Mellen,Mellen,Wisconsin,55003,Ashland,46.324,-90.6605,567,116.3,shape,false,true,America/Chicago,3,54546,1840003918
Forestville,Forestville,Wisconsin,55029,Door,44.6908,-87.4787,558,410.6,shape,false,true,America/Chicago,3,54213,1840003937
Linden,Linden,Wisconsin,55049,Iowa,42.9184,-90.2742,557,275.6,shape,false,true,America/Chicago,3,53553,1840002960
Boyd,Boyd,Wisconsin,55017,Chippewa,44.9533,-91.0398,553,115.2,shape,false,true,America/Chicago,3,54726,1840000280
Gays Mills,Gays Mills,Wisconsin,55023,Crawford,43.322,-90.8489,549,43.3,shape,false,true,America/Chicago,3,54631,1840002884
Hatley,Hatley,Wisconsin,55073,Marathon,44.8866,-89.3371,549,217.1,shape,false,true,America/Chicago,3,54440,1840002164
Dellwood,Dellwood,Wisconsin,55001,Adams,43.9545,-89.9341,547,40.5,shape,false,false,America/Chicago,3,53934 54613,1840025381
Soldiers Grove,Soldiers Grove,Wisconsin,55023,Crawford,43.3922,-90.7735,547,57.9,shape,false,true,America/Chicago,3,54655,1840002881
Laona,Laona,Wisconsin,55041,Forest,45.5597,-88.6697,547,108.4,shape,false,false,America/Chicago,3,54541,1840025285
Knapp,Knapp,Wisconsin,55033,Dunn,44.9514,-92.0769,544,133.8,shape,false,true,America/Chicago,3,54749,1840002142
De Soto,De Soto,Wisconsin,55123,Vernon,43.4283,-91.1963,539,174.4,shape,false,true,America/Chicago,3,54624,1840002695
Lake Ivanhoe,Lake Ivanhoe,Wisconsin,55127,Walworth,42.5792,-88.3359,538,231.6,shape,false,true,America/Chicago,3,53128 53105,1840042465
Elmwood Park,Elmwood Park,Wisconsin,55101,Racine,42.6917,-87.8223,533,1578.8,shape,false,true,America/Chicago,3,53405,1840002490
Mercer,Mercer,Wisconsin,55051,Iron,46.1635,-90.0528,533,46.2,shape,false,false,America/Chicago,3,54547,1840025271
Endeavor,Endeavor,Wisconsin,55077,Marquette,43.7146,-89.4684,529,323.8,shape,false,true,America/Chicago,3,53930,1840000335
Waubeka,Waubeka,Wisconsin,55089,Ozaukee,43.4708,-87.9926,528,83.2,shape,false,false,America/Chicago,3,53080 53021,1840024030
Gibbsville,Gibbsville,Wisconsin,55117,Sheboygan,43.6521,-87.8318,526,238.0,shape,false,false,America/Chicago,3,53070 53085,1840025422
Mole Lake,Mole Lake,Wisconsin,55041,Forest,45.4859,-88.9823,525,54.8,shape,false,false,America/Chicago,3,54520,1840026104
Coloma,Coloma,Wisconsin,55137,Waushara,44.0387,-89.5311,524,136.1,shape,false,true,America/Chicago,3,54930,1840002238
Avoca,Avoca,Wisconsin,55049,Iowa,43.1906,-90.326,519,89.0,shape,false,true,America/Chicago,3,53506,1840002954
Wilton,Wilton,Wisconsin,55081,Monroe,43.8132,-90.5268,515,223.2,shape,false,true,America/Chicago,3,54670,1840002568
Oxford,Oxford,Wisconsin,55077,Marquette,43.7799,-89.5657,511,235.1,shape,false,true,America/Chicago,3,53952,1840002597
Withee,Withee,Wisconsin,55019,Clark,44.9508,-90.5989,511,237.0,shape,false,true,America/Chicago,3,54498,1840002178
Blue River,Blue River,Wisconsin,55043,Grant,43.1844,-90.5719,510,216.0,shape,false,true,America/Chicago,3,53518,1840002971
Embarrass,Embarrass,Wisconsin,55135,Waupaca,44.6684,-88.7037,506,166.8,shape,false,true,America/Chicago,3,54929 54933,1840000310
Prairie Farm,Prairie Farm,Wisconsin,55005,Barron,45.2368,-91.9804,506,203.1,shape,false,true,America/Chicago,3,54762,1840002074
St. Joseph,St. Joseph,Wisconsin,55063,La Crosse,43.7855,-91.0436,506,103.4,shape,false,false,America/Chicago,3,54601,1840025399
Fairchild,Fairchild,Wisconsin,55035,Eau Claire,44.6036,-90.9577,505,134.0,shape,false,true,America/Chicago,3,54741,1840002293
Warrens,Warrens,Wisconsin,55081,Monroe,44.1287,-90.5156,504,131.2,shape,false,true,America/Chicago,3,54666,1840002567
Vesper,Vesper,Wisconsin,55141,Wood,44.4805,-89.9676,502,167.8,shape,false,true,America/Chicago,3,54489,1840002332
Lohrville,Lohrville,Wisconsin,55137,Waushara,44.0382,-89.1201,502,159.6,shape,false,true,America/Chicago,3,54970,1840002239
Livingston,Livingston,Wisconsin,55043,Grant,42.9001,-90.4337,493,183.1,shape,false,true,America/Chicago,3,53554,1840002976
Park Ridge,Park Ridge,Wisconsin,55097,Portage,44.52,-89.5463,479,818.5,shape,false,true,America/Chicago,3,54481,1840002327
Florence,Florence,Wisconsin,55037,Florence,45.9266,-88.2463,477,68.1,shape,false,false,America/Chicago,3,54121,1840025288
Rosholt,Rosholt,Wisconsin,55097,Portage,44.6301,-89.3053,475,174.6,shape,false,true,America/Chicago,3,54473,1840002329
Cecil,Cecil,Wisconsin,55115,Shawano,44.8108,-88.4485,475,102.4,shape,false,true,America/Chicago,3,54111,1840002264
Mattoon,Mattoon,Wisconsin,55115,Shawano,45.0046,-89.0411,475,111.9,shape,false,true,America/Chicago,3,54409 54450,1840002265
Waldo,Waldo,Wisconsin,55117,Sheboygan,43.6766,-87.9478,472,187.2,shape,false,true,America/Chicago,3,53093,1840002617
Gilman,Gilman,Wisconsin,55119,Taylor,45.1662,-90.8072,469,77.4,shape,false,true,America/Chicago,3,54433,1840001569
Prentice,Prentice,Wisconsin,55099,Price,45.5409,-90.2897,465,88.9,shape,false,true,America/Chicago,3,54556,1840002012
Adell,Adell,Wisconsin,55117,Sheboygan,43.6212,-87.9482,462,319.8,shape,false,true,America/Chicago,3,53001,1840002622
Butternut,Butternut,Wisconsin,55003,Ashland,46.0133,-90.4974,458,111.9,shape,false,true,America/Chicago,3,54514,1840003917
St. Cloud,St. Cloud,Wisconsin,55039,Fond du Lac,43.8245,-88.1687,449,188.3,shape,false,true,America/Chicago,3,53079,1840002611
Rudolph,Rudolph,Wisconsin,55141,Wood,44.4972,-89.8018,448,143.7,shape,false,true,America/Chicago,3,54475,1840002341
Almond,Almond,Wisconsin,55097,Portage,44.2607,-89.4087,444,163.6,shape,false,true,America/Chicago,3,54909,1840002323
Minocqua,Minocqua,Wisconsin,55085,Oneida,45.8795,-89.7037,439,234.4,shape,false,false,America/Chicago,3,54548,1840025293
Birchwood,Birchwood,Wisconsin,55129,Washburn,45.6577,-91.5507,434,155.3,shape,false,true,America/Chicago,3,54817,1840002003
Three Lakes,Three Lakes,Wisconsin,55085,Oneida,45.8047,-89.1708,433,59.2,shape,false,false,America/Chicago,3,54562,1840025294
Northport,Northport,Wisconsin,55135,Waupaca,44.4082,-88.8038,426,95.3,shape,false,false,America/Chicago,3,54961,1840023956
Hixton,Hixton,Wisconsin,55053,Jackson,44.3831,-91.0147,424,143.5,shape,false,true,America/Chicago,3,54635,1840002395
South Wayne,South Wayne,Wisconsin,55065,Lafayette,42.5676,-89.8763,422,196.1,shape,false,true,America/Chicago,3,53587,1840002498
Kieler,Kieler,Wisconsin,55043,Grant,42.5823,-90.6051,420,193.1,shape,false,false,America/Chicago,3,53807 53812,1840025449
Neshkoro,Neshkoro,Wisconsin,55077,Marquette,43.9649,-89.2159,418,80.2,shape,false,true,America/Chicago,3,54960,1840002596
Ontario,Ontario,Wisconsin,55123,Vernon,43.7222,-90.5941,415,159.6,shape,false,true,America/Chicago,3,54651,1840002696
Milladore,Milladore,Wisconsin,55141,Wood,44.6056,-89.8552,415,160.6,shape,false,true,America/Chicago,3,54454,1840002337
Hancock,Hancock,Wisconsin,55137,Waushara,44.1333,-89.5209,413,152.3,shape,false,true,America/Chicago,3,54943,1840002237
Cochrane,Cochrane,Wisconsin,55011,Buffalo,44.2279,-91.838,411,204.9,shape,false,true,America/Chicago,3,54622,1840002380
Cobb,Cobb,Wisconsin,55049,Iowa,42.9661,-90.3296,409,153.7,shape,false,true,America/Chicago,3,53526,1840002958
Glenbeulah,Glenbeulah,Wisconsin,55117,Sheboygan,43.7982,-88.0464,409,227.3,shape,false,true,America/Chicago,3,53073 53023,1840002618
Unity,Unity,Wisconsin,55073,Marathon,44.8511,-90.3131,408,158.9,shape,false,true,America/Chicago,3,54488,1840002177
Caroline,Caroline,Wisconsin,55115,Shawano,44.722,-88.8948,406,132.5,shape,false,false,America/Chicago,3,54486 54928,1840023919
Readstown,Readstown,Wisconsin,55123,Vernon,43.4485,-90.759,400,90.2,shape,false,true,America/Chicago,3,54652,1840002697
Suring,Suring,Wisconsin,55083,Oconto,45.0007,-88.3692,399,150.3,shape,false,true,America/Chicago,3,54174,1840001573
Sextonville,Sextonville,Wisconsin,55103,Richland,43.2795,-90.2924,397,170.4,shape,false,false,America/Chicago,3,53556 53584 53581,1840025442
Poy Sippi,Poy Sippi,Wisconsin,55137,Waushara,44.136,-88.9964,390,205.7,shape,false,false,America/Chicago,3,54967,1840023995
Kendall,Kendall,Wisconsin,55081,Monroe,43.7926,-90.3677,388,196.0,shape,false,true,America/Chicago,3,54638,1840002570
Clyman,Clyman,Wisconsin,55027,Dodge,43.3116,-88.7232,385,516.4,shape,false,true,America/Chicago,3,53016,1840002739
Dallas,Dallas,Wisconsin,55005,Barron,45.2591,-91.8142,379,101.2,shape,false,true,America/Chicago,3,54733,1840002073
Maribel,Maribel,Wisconsin,55071,Manitowoc,44.2775,-87.8025,379,128.0,shape,false,true,America/Chicago,3,54227,1840002214
Lake Sherwood,Lake Sherwood,Wisconsin,55001,Adams,44.2057,-89.7942,378,138.5,shape,false,true,America/Chicago,4,54457,1840042467
Granton,Granton,Wisconsin,55019,Clark,44.5886,-90.4614,376,266.4,shape,false,true,America/Chicago,3,54436,1840002179
Tennyson,Tennyson,Wisconsin,55043,Grant,42.6907,-90.6868,374,335.0,shape,false,true,America/Chicago,3,53820,1840002965
Arkansaw,Arkansaw,Wisconsin,55091,Pepin,44.6334,-92.022,373,196.9,shape,false,false,America/Chicago,3,54721,1840025358
Juda,Juda,Wisconsin,55045,Green,42.59,-89.5092,373,237.1,shape,false,false,America/Chicago,3,53550,1840025473
Mission,Mission,Wisconsin,55053,Jackson,44.3454,-90.7631,369,254.1,shape,false,false,America/Chicago,3,54615,1840153095
Scandinavia,Scandinavia,Wisconsin,55135,Waupaca,44.4608,-89.1461,365,161.3,shape,false,true,America/Chicago,3,54977,1840002363
Taylor,Taylor,Wisconsin,55053,Jackson,44.3217,-91.1204,363,192.3,shape,false,true,America/Chicago,3,54659,1840002394
Bay City,Bay City,Wisconsin,55093,Pierce,44.5873,-92.4573,362,236.5,shape,false,true,America/Chicago,3,54723,1840002285
New Odanah,New Odanah,Wisconsin,55003,Ashland,46.5986,-90.6509,362,57.6,shape,false,true,America/Chicago,4,54806 54861,1840042189
Waukau,Waukau,Wisconsin,55139,Winnebago,43.9862,-88.7705,360,100.1,shape,false,false,America/Chicago,3,54964 54963 54980,1840025390
Marquette,Marquette,Wisconsin,55047,Green Lake,43.7464,-89.1384,357,144.3,shape,false,true,America/Chicago,3,53947 53946,1840002592
Hawkins,Hawkins,Wisconsin,55107,Rusk,45.5115,-90.7148,352,61.6,shape,false,true,America/Chicago,3,54530,1840002080
Mindoro,Mindoro,Wisconsin,55063,La Crosse,44.0202,-91.1019,348,211.8,shape,false,false,America/Chicago,3,54644,1840037992
Curtiss,Curtiss,Wisconsin,55019,Clark,44.9521,-90.435,347,195.4,shape,false,true,America/Chicago,3,54422,1840002252
Dyckesville,Dyckesville,Wisconsin,55009,Brown,44.6403,-87.7647,343,123.2,shape,false,false,America/Chicago,3,54217,1840025359
Clayton,Clayton,Wisconsin,55095,Polk,45.326,-92.171,341,41.0,shape,false,true,America/Chicago,3,54004,1840002052
Nelson,Nelson,Wisconsin,55011,Buffalo,44.4213,-92.0041,341,97.3,shape,false,true,America/Chicago,3,54756,1840002382
La Valle,La Valle,Wisconsin,55111,Sauk,43.583,-90.1303,339,328.5,shape,false,true,America/Chicago,3,53941,1840002719
Fairwater,Fairwater,Wisconsin,55039,Fond du Lac,43.7424,-88.868,339,178.1,shape,false,true,America/Chicago,3,53931,1840002602
Hebron,Hebron,Wisconsin,55055,Jefferson,42.9232,-88.6916,338,52.9,shape,false,false,America/Chicago,3,53538,1840004347
Bagley,Bagley,Wisconsin,55043,Grant,42.9015,-91.0971,335,181.2,shape,false,true,America/Chicago,3,53801,1840002964
Pigeon Falls,Pigeon Falls,Wisconsin,55121,Trempealeau,44.4247,-91.2082,334,297.1,shape,false,true,America/Chicago,3,54773 54758 54760,1840002393
Chili,Chili,Wisconsin,55019,Clark,44.6296,-90.3583,333,98.6,shape,false,false,America/Chicago,3,54420,1840025324
Eastman,Eastman,Wisconsin,55023,Crawford,43.1622,-91.0254,332,35.8,shape,false,true,America/Chicago,3,54626,1840002887
Oliver,Oliver,Wisconsin,55031,Douglas,46.6493,-92.1885,332,61.8,shape,false,true,America/Chicago,3,54880,1840003911
Rock Springs,Rock Springs,Wisconsin,55111,Sauk,43.479,-89.9177,330,98.1,shape,false,true,America/Chicago,3,53961,1840002728
Hollandale,Hollandale,Wisconsin,55049,Iowa,42.8756,-89.9342,329,174.2,shape,false,true,America/Chicago,3,53544,1840002956
Reserve,Reserve,Wisconsin,55113,Sawyer,45.8337,-91.3545,323,2.4,shape,false,false,America/Chicago,3,54876 54828,1840004011
Krakow,Krakow,Wisconsin,55115,Shawano,44.7585,-88.2611,320,109.6,shape,false,false,America/Chicago,3,54137,1840023911
Birch Hill,Birch Hill,Wisconsin,55003,Ashland,46.5209,-90.5555,318,198.2,shape,false,true,America/Chicago,4,54559,1840042154
Egg Harbor,Egg Harbor,Wisconsin,55029,Door,45.0528,-87.2826,317,49.7,shape,false,true,America/Chicago,3,54209,1840003936
Junction City,Junction City,Wisconsin,55097,Portage,44.593,-89.7679,317,81.2,shape,false,true,America/Chicago,3,54443,1840002322
Kingston,Kingston,Wisconsin,55047,Green Lake,43.6935,-89.1304,316,93.5,shape,false,true,America/Chicago,3,53939 53946,1840002589
Humbird,Humbird,Wisconsin,55019,Clark,44.5295,-90.8862,315,107.3,shape,false,false,America/Chicago,3,54746,1840025325
Pound,Pound,Wisconsin,55075,Marinette,45.0956,-88.0334,313,136.2,shape,false,true,America/Chicago,3,54161,1840003933
Amherst Junction,Amherst Junction,Wisconsin,55097,Portage,44.4687,-89.3167,309,96.5,shape,false,true,America/Chicago,3,54407,1840002325
Ironton,Ironton,Wisconsin,55111,Sauk,43.5453,-90.1436,307,149.2,shape,false,true,America/Chicago,3,53941,1840002717
Ephraim,Ephraim,Wisconsin,55029,Door,45.1589,-87.1667,307,31.3,shape,false,true,America/Chicago,3,54211,1840001844
Seneca,Seneca,Wisconsin,55023,Crawford,43.2658,-90.9566,302,138.6,shape,false,false,America/Chicago,3,54631 54654 54626,1840124104
Chaseburg,Chaseburg,Wisconsin,55123,Vernon,43.6598,-91.0968,299,137.0,shape,false,true,America/Chicago,3,54621,1840002693
New Post,New Post,Wisconsin,55113,Sawyer,45.8964,-91.1929,299,5.6,shape,false,false,America/Chicago,3,54843 54828,1840004010
Bowler,Bowler,Wisconsin,55115,Shawano,44.8627,-88.9814,297,110.6,shape,false,true,America/Chicago,3,54416,1840000295
Burnett,Burnett,Wisconsin,55027,Dodge,43.5065,-88.7084,292,178.0,shape,false,false,America/Chicago,3,53922,1840024126
Briggsville,Briggsville,Wisconsin,55077,Marquette,43.6561,-89.5897,290,70.9,shape,false,false,America/Chicago,3,53901 53920,1840037914
Lake Lorraine,Lake Lorraine,Wisconsin,55127,Walworth,42.733,-88.7374,290,100.2,shape,false,true,America/Chicago,4,53190 53115,1840042466
Bear Creek,Bear Creek,Wisconsin,55087,Outagamie,44.5313,-88.7275,287,120.2,shape,false,true,America/Chicago,3,54922,1840002405
Arpin,Arpin,Wisconsin,55141,Wood,44.5394,-90.0315,284,133.5,shape,false,true,America/Chicago,3,54410,1840002330
Abrams,Abrams,Wisconsin,55083,Oconto,44.7796,-88.0604,282,132.0,shape,false,false,America/Chicago,3,54101,1840025311
Eureka,Eureka,Wisconsin,55139,Winnebago,44.0074,-88.8425,280,102.4,shape,false,false,America/Chicago,3,54963,1840025389
Lowell,Lowell,Wisconsin,55027,Dodge,43.3363,-88.8182,279,108.7,shape,false,true,America/Chicago,3,53557,1840002741
Post Lake,Post Lake,Wisconsin,55067,Langlade,45.4352,-89.0921,279,14.9,shape,false,false,America/Chicago,3,54428,1840025303
Lakewood,Lakewood,Wisconsin,55083,Oconto,45.3006,-88.5145,278,38.8,shape,false,false,America/Chicago,3,54138,1840025312
Winter,Winter,Wisconsin,55113,Sawyer,45.8221,-91.013,277,135.0,shape,false,true,America/Chicago,3,54896,1840001996
Sobieski,Sobieski,Wisconsin,55083,Oconto,44.7227,-88.0659,276,84.6,shape,false,false,America/Chicago,3,54171,1840025314
Haugen,Haugen,Wisconsin,55005,Barron,45.6078,-91.7788,275,210.6,shape,false,true,America/Chicago,3,54841,1840002067
Genoa,Genoa,Wisconsin,55123,Vernon,43.5732,-91.2262,269,182.9,shape,false,true,America/Chicago,3,54632,1840002690
Brothertown,Brothertown,Wisconsin,55015,Calumet,43.9713,-88.3127,264,84.9,shape,false,false,America/Chicago,3,53014,1840123559
Downsville,Downsville,Wisconsin,55033,Dunn,44.7709,-91.9257,263,136.1,shape,false,false,America/Chicago,3,54751 54735,1840025322
Mountain,Mountain,Wisconsin,55083,Oconto,45.1863,-88.468,262,15.1,shape,false,false,America/Chicago,3,54149,1840025313
Friesland,Friesland,Wisconsin,55021,Columbia,43.5886,-89.067,261,99.8,shape,false,true,America/Chicago,3,53935,1840002705
Sandy Hook,Sandy Hook,Wisconsin,55043,Grant,42.5466,-90.6168,261,71.6,shape,false,false,America/Chicago,3,53811,1840025450
Oakdale,Oakdale,Wisconsin,55081,Monroe,43.9622,-90.3791,259,135.0,shape,false,true,America/Chicago,3,54660 54649,1840002574
Kellnersville,Kellnersville,Wisconsin,55071,Manitowoc,44.2253,-87.8021,255,182.6,shape,false,true,America/Chicago,3,54247 54215,1840002209
Radisson,Radisson,Wisconsin,55113,Sawyer,45.7678,-91.218,254,248.2,shape,false,true,America/Chicago,3,54867,1840002000
Lac La Belle,Lac La Belle,Wisconsin,55133,Waukesha,43.1432,-88.53,252,87.9,shape,false,true,America/Chicago,3,53036 53066,1840003010
Nichols,Nichols,Wisconsin,55087,Outagamie,44.5672,-88.4678,251,109.5,shape,false,true,America/Chicago,3,54106 54152,1840002409
Ridgeland,Ridgeland,Wisconsin,55033,Dunn,45.2025,-91.8965,250,209.9,shape,false,true,America/Chicago,3,54763,1840002147
Sheldon,Sheldon,Wisconsin,55107,Rusk,45.3119,-90.9567,249,145.2,shape,false,true,America/Chicago,3,54766,1840002076
Rewey,Rewey,Wisconsin,55049,Iowa,42.8419,-90.3961,247,188.2,shape,false,true,America/Chicago,3,53580,1840002962
Sand Pillow,Sand Pillow,Wisconsin,55053,Jackson,44.3313,-90.7637,245,131.6,shape,false,false,America/Chicago,4,54615,1840153096
White Lake,White Lake,Wisconsin,55067,Langlade,45.1617,-88.7704,244,44.8,shape,false,true,America/Chicago,3,54491,1840001566
Wabeno,Wabeno,Wisconsin,55041,Forest,45.4394,-88.658,243,39.3,shape,false,false,America/Chicago,3,54566,1840025287
Eland,Eland,Wisconsin,55115,Shawano,44.867,-89.209,243,42.5,shape,false,true,America/Chicago,3,54427,1840002261
Loganville,Loganville,Wisconsin,55111,Sauk,43.4389,-90.0371,236,507.8,shape,false,true,America/Chicago,3,53943,1840002722
New Munster,New Munster,Wisconsin,55059,Kenosha,42.5758,-88.2311,235,77.0,shape,false,false,America/Chicago,3,53105 53152,1840037999
Westboro,Westboro,Wisconsin,55119,Taylor,45.3608,-90.2934,234,48.9,shape,false,false,America/Chicago,3,54490,1840025309
Batavia,Batavia,Wisconsin,55117,Sheboygan,43.5934,-88.048,234,118.2,shape,false,false,America/Chicago,3,53001,1840037907
Ogema,Ogema,Wisconsin,55099,Price,45.451,-90.2927,233,29.6,shape,false,false,America/Chicago,3,54459,1840025291
Cazenovia,Cazenovia,Wisconsin,55103,Richland,43.5237,-90.1991,232,97.9,shape,false,true,America/Chicago,3,53924,1840002818
Potter,Potter,Wisconsin,55015,Calumet,44.1203,-88.0989,229,174.9,shape,false,true,America/Chicago,3,54160,1840002523
Wheeler,Wheeler,Wisconsin,55033,Dunn,45.0441,-91.9037,229,107.5,shape,false,true,America/Chicago,3,54772,1840002141
North Bay,North Bay,Wisconsin,55101,Racine,42.7644,-87.7812,227,1208.2,shape,false,true,America/Chicago,3,53402,1840002492
Hager City,Hager City,Wisconsin,55093,Pierce,44.6012,-92.5337,227,45.4,shape,false,false,America/Chicago,3,54014,1840025343
Dodge,Dodge,Wisconsin,55121,Trempealeau,44.1344,-91.5493,226,187.3,shape,false,false,America/Chicago,3,54625,1840025361
Patch Grove,Patch Grove,Wisconsin,55043,Grant,42.9403,-90.9723,225,178.7,shape,false,true,America/Chicago,3,53817,1840002980
Wilson,Wilson,Wisconsin,55109,St. Croix,44.9586,-92.1705,224,50.7,shape,false,true,America/Chicago,3,54027,1840002131
Dalton,Dalton,Wisconsin,55047,Green Lake,43.6562,-89.2069,223,191.6,shape,false,false,America/Chicago,3,53926,1840025401
Mount Hope,Mount Hope,Wisconsin,55043,Grant,42.9697,-90.8596,223,90.8,shape,false,true,America/Chicago,3,53816,1840002978
Pembine,Pembine,Wisconsin,55075,Marinette,45.6369,-87.9916,223,144.7,shape,false,false,America/Chicago,3,54156,1840026082
Aniwa,Aniwa,Wisconsin,55115,Shawano,45.0117,-89.2089,222,40.4,shape,false,true,America/Chicago,3,54408 54414,1840002257
Woodman,Woodman,Wisconsin,55043,Grant,43.0925,-90.7978,219,48.3,shape,false,true,America/Chicago,3,53827 53805,1840002966
Jim Falls,Jim Falls,Wisconsin,55017,Chippewa,45.0472,-91.2712,219,139.5,shape,false,false,America/Chicago,3,54748,1840025318
Collins,Collins,Wisconsin,55071,Manitowoc,44.0856,-87.9809,217,49.1,shape,false,false,America/Chicago,3,54230 53014 54207,1840025377
Deer Park,Deer Park,Wisconsin,55109,St. Croix,45.1887,-92.3879,217,92.5,shape,false,true,America/Chicago,3,54007,1840002137
Union Center,Union Center,Wisconsin,55057,Juneau,43.6826,-90.2634,212,99.3,shape,false,true,America/Chicago,3,53968 53962,1840002224
Baileys Harbor,Baileys Harbor,Wisconsin,55029,Door,45.0659,-87.133,212,48.5,shape,false,false,America/Chicago,3,54202,1840026083
Downing,Downing,Wisconsin,55033,Dunn,45.0498,-92.1243,212,27.7,shape,false,true,America/Chicago,3,54734,1840002145
Browntown,Browntown,Wisconsin,55045,Green,42.5788,-89.7894,210,77.0,shape,false,true,America/Chicago,3,53522,1840002462
Diamond Bluff,Diamond Bluff,Wisconsin,55093,Pierce,44.6489,-92.6189,209,46.2,shape,false,false,America/Chicago,3,54014,1840025342
North Lake,North Lake,Wisconsin,55133,Waukesha,43.1559,-88.37,209,363.4,shape,false,false,America/Chicago,3,53029,1840123948
Packwaukee,Packwaukee,Wisconsin,55077,Marquette,43.7653,-89.4599,208,167.2,shape,false,false,America/Chicago,3,53953 53949,1840025402
Doylestown,Doylestown,Wisconsin,55021,Columbia,43.4276,-89.1457,204,20.3,shape,false,true,America/Chicago,3,53960 53928 53925,1840002709
Boulder Junction,Boulder Junction,Wisconsin,55125,Vilas,46.1136,-89.6487,204,58.7,shape,false,false,America/Chicago,3,54512,1840025276
Arkdale,Arkdale,Wisconsin,55001,Adams,44.0253,-89.8861,203,36.3,shape,false,false,America/Chicago,3,54613,1840025380
Glidden,Glidden,Wisconsin,55003,Ashland,46.1346,-90.5721,203,36.3,shape,false,false,America/Chicago,3,54527,1840026074
Brule,Brule,Wisconsin,55031,Douglas,46.5589,-91.5712,200,29.1,shape,false,false,America/Chicago,3,54820,1840026064
Goodman,Goodman,Wisconsin,55075,Marinette,45.623,-88.3518,200,46.5,shape,false,false,America/Chicago,3,54125,1840026081
Holcombe,Holcombe,Wisconsin,55017,Chippewa,45.2261,-91.1217,199,79.4,shape,false,false,America/Chicago,3,54745,1840025317
Elcho,Elcho,Wisconsin,55067,Langlade,45.4354,-89.1861,199,66.5,shape,false,false,America/Chicago,3,54428,1840025302
Shopiere,Shopiere,Wisconsin,55105,Rock,42.5722,-88.9362,193,73.4,shape,false,false,America/Chicago,3,53511 53525,1840124115
Rock Falls,Rock Falls,Wisconsin,55033,Dunn,44.7209,-91.6917,189,113.0,shape,false,false,America/Chicago,3,54755 54764,1840124054
Cable,Cable,Wisconsin,55007,Bayfield,46.2011,-91.2937,188,66.6,shape,false,false,America/Chicago,3,54821,1840026066
Rockdale,Rockdale,Wisconsin,55025,Dane,42.9717,-89.0318,186,293.4,shape,false,true,America/Chicago,3,53523,1840002923
Gratiot,Gratiot,Wisconsin,55065,Lafayette,42.5799,-90.0238,186,131.1,shape,false,true,America/Chicago,3,53541,1840002499
Lime Ridge,Lime Ridge,Wisconsin,55111,Sauk,43.4676,-90.1577,186,71.8,shape,false,true,America/Chicago,3,53941 53942,1840002721
Mount Sterling,Mount Sterling,Wisconsin,55023,Crawford,43.3163,-90.9292,183,49.4,shape,false,true,America/Chicago,3,54631 54645,1840002889
Nelsonville,Nelsonville,Wisconsin,55097,Portage,44.4937,-89.309,180,67.5,shape,false,true,America/Chicago,3,54407 54458,1840002326
Helenville,Helenville,Wisconsin,55055,Jefferson,43.0165,-88.6999,177,123.3,shape,false,false,America/Chicago,3,53137,1840004348
Ogdensburg,Ogdensburg,Wisconsin,55135,Waupaca,44.4535,-89.0316,176,69.9,shape,false,true,America/Chicago,3,54962,1840002362
Hatfield,Hatfield,Wisconsin,55053,Jackson,44.4164,-90.7409,175,50.5,shape,false,false,America/Chicago,3,54754,1840024191
Gotham,Gotham,Wisconsin,55103,Richland,43.2225,-90.297,175,169.7,shape,false,false,America/Chicago,3,53540 53556,1840025441
Cataract,Cataract,Wisconsin,55081,Monroe,44.0867,-90.8383,174,113.1,shape,false,false,America/Chicago,3,54656,1840025396
Iron Belt,Iron Belt,Wisconsin,55051,Iron,46.4031,-90.3194,174,27.2,shape,false,false,America/Chicago,3,54536,1840025270
Exeland,Exeland,Wisconsin,55113,Sawyer,45.667,-91.2426,173,55.6,shape,false,true,America/Chicago,3,54835,1840001998
Edmund,Edmund,Wisconsin,55049,Iowa,42.9662,-90.2644,173,70.2,shape,false,false,America/Chicago,3,53533,1840025447
Ferryville,Ferryville,Wisconsin,55023,Crawford,43.3516,-91.0936,173,31.4,shape,false,true,America/Chicago,3,54628,1840002885
Lake Tomahawk,Lake Tomahawk,Wisconsin,55085,Oneida,45.811,-89.5873,173,43.3,shape,false,false,America/Chicago,3,54539,1840025292
Middle Village,Middle Village,Wisconsin,55078,Menominee,44.9347,-88.7334,173,11.0,shape,false,false,America/Chicago,3,54150,1840038094
Port Wing,Port Wing,Wisconsin,55007,Bayfield,46.7757,-91.3807,172,57.7,shape,false,false,America/Chicago,3,54865,1840026072
Sayner,Sayner,Wisconsin,55125,Vilas,45.991,-89.5332,169,35.7,shape,false,false,America/Chicago,3,54560,1840025277
Hustler,Hustler,Wisconsin,55057,Juneau,43.8773,-90.2658,168,93.0,shape,false,true,America/Chicago,3,54637 54618,1840002226
Drummond,Drummond,Wisconsin,55007,Bayfield,46.3437,-91.25,167,46.2,shape,false,false,America/Chicago,3,54832,1840026068
Springfield,Springfield,Wisconsin,55127,Walworth,42.6407,-88.4135,159,91.2,shape,false,false,America/Chicago,3,53147 53176,1840025478
Lewis,Lewis,Wisconsin,55095,Polk,45.7159,-92.3965,157,41.2,shape,false,false,America/Chicago,3,54837,1840025299
Allens Grove,Allens Grove,Wisconsin,55127,Walworth,42.5783,-88.7668,154,103.9,shape,false,false,America/Chicago,3,53114 53525,1840145268
Hanover,Hanover,Wisconsin,55105,Rock,42.6389,-89.1712,151,100.1,shape,false,false,America/Chicago,3,53576 53548,1840025474
Zoar,Zoar,Wisconsin,55078,Menominee,45.0178,-88.8945,150,6.8,shape,false,false,America/Chicago,3,54150,1840006753
Big Falls,Big Falls,Wisconsin,55135,Waupaca,44.6175,-89.0166,149,121.3,shape,false,true,America/Chicago,3,54486 54926,1840002357
Fenwood,Fenwood,Wisconsin,55073,Marathon,44.8658,-90.0146,148,58.0,shape,false,true,America/Chicago,3,54426,1840002167
Steuben,Steuben,Wisconsin,55023,Crawford,43.1833,-90.8569,147,9.0,shape,false,true,America/Chicago,3,54657,1840002882
Emerald,Emerald,Wisconsin,55109,St. Croix,45.0833,-92.2579,147,30.4,shape,false,false,America/Chicago,3,54013,1840025320
Marengo,Marengo,Wisconsin,55003,Ashland,46.4219,-90.8081,146,53.9,shape,false,false,America/Chicago,3,54855,1840026075
Navarino,Navarino,Wisconsin,55115,Shawano,44.6109,-88.4934,142,49.2,shape,false,false,America/Chicago,3,54107,1840023922
Ellison Bay,Ellison Bay,Wisconsin,55029,Door,45.2551,-87.0729,142,20.6,shape,false,false,America/Chicago,3,54210,1840026084
Gilmanton,Gilmanton,Wisconsin,55011,Buffalo,44.4738,-91.6785,142,16.4,shape,false,false,America/Chicago,3,54755 54743,1840037953
Millston,Millston,Wisconsin,55053,Jackson,44.1885,-90.6446,139,51.6,shape,false,false,America/Chicago,3,54643 54615,1840025363
Kennan,Kennan,Wisconsin,55099,Price,45.5301,-90.5868,138,26.9,shape,false,true,America/Chicago,3,54537,1840002008
Greenbush,Greenbush,Wisconsin,55117,Sheboygan,43.7778,-88.0907,137,68.9,shape,false,false,America/Chicago,3,53023 53026,1840025423
Boaz,Boaz,Wisconsin,55103,Richland,43.3299,-90.5277,136,159.3,shape,false,true,America/Chicago,3,53573 53581,1840002817
Lebanon,Lebanon,Wisconsin,55027,Dodge,43.2587,-88.6292,134,117.4,shape,false,false,America/Chicago,3,53047,1840025436
Pulcifer,Pulcifer,Wisconsin,55115,Shawano,44.8476,-88.3592,133,49.7,shape,false,false,America/Chicago,3,54111 54124,1840023924
Harrisville,Harrisville,Wisconsin,55077,Marquette,43.8808,-89.4078,133,68.3,shape,false,false,America/Chicago,3,53964 53949,1840123733
Lynxville,Lynxville,Wisconsin,55023,Crawford,43.2493,-91.0464,131,36.4,shape,false,true,America/Chicago,3,54626,1840002888
Grand Marsh,Grand Marsh,Wisconsin,55001,Adams,43.8852,-89.7072,131,41.9,shape,false,false,America/Chicago,3,53936,1840025382
Clarks Mills,Clarks Mills,Wisconsin,55071,Manitowoc,44.0918,-87.8637,130,64.6,shape,false,false,America/Chicago,3,54230,1840123593
Catawba,Catawba,Wisconsin,55099,Price,45.537,-90.5335,130,11.3,shape,false,true,America/Chicago,3,54515,1840002009
Pine River,Pine River,Wisconsin,55137,Waushara,44.1483,-89.0756,130,43.0,shape,false,false,America/Chicago,3,54965,1840025386
Tunnel City,Tunnel City,Wisconsin,55081,Monroe,44.005,-90.5679,128,87.4,shape,false,false,America/Chicago,3,54660,1840024275
Tony,Tony,Wisconsin,55107,Rusk,45.4804,-90.9971,127,24.2,shape,false,true,America/Chicago,3,54563,1840002077
Amberg,Amberg,Wisconsin,55075,Marinette,45.5062,-87.9873,125,29.9,shape,false,false,America/Chicago,3,54102,1840026079
Pence,Pence,Wisconsin,55051,Iron,46.4104,-90.2695,121,43.7,shape,false,false,America/Chicago,3,54550,1840025272
Angelica,Angelica,Wisconsin,55115,Shawano,44.675,-88.3216,120,29.6,shape,false,false,America/Chicago,3,54162,1840023918
Tustin,Tustin,Wisconsin,55137,Waushara,44.1698,-88.896,119,44.7,shape,false,false,America/Chicago,3,54940,1840025387
Couderay,Couderay,Wisconsin,55113,Sawyer,45.7976,-91.3005,119,47.4,shape,false,true,America/Chicago,3,54828,1840001999
Rubicon,Rubicon,Wisconsin,55027,Dodge,43.3371,-88.4525,119,108.7,shape,false,false,America/Chicago,3,53078,1840124076
Bayfront,Bayfront,Wisconsin,55003,Ashland,46.6235,-90.7898,119,32.2,shape,false,false,America/Chicago,4,54806,1840153094
Wyeville,Wyeville,Wisconsin,55081,Monroe,44.0279,-90.3861,116,79.3,shape,false,true,America/Chicago,3,54666 54660,1840002569
Newald,Newald,Wisconsin,55041,Forest,45.7396,-88.7004,114,53.7,shape,false,false,America/Chicago,3,54511,1840025286
Little Sturgeon,Little Sturgeon,Wisconsin,55029,Door,44.8422,-87.5744,114,18.8,shape,false,false,America/Chicago,3,54235,1840026085
Dekorra,Dekorra,Wisconsin,55021,Columbia,43.4539,-89.4603,109,34.7,shape,false,false,America/Chicago,3,53955,1840123629
Houlton,Houlton,Wisconsin,55109,St. Croix,45.0609,-92.7903,109,28.8,shape,false,false,America/Chicago,3,54082,1840025321
Elderon,Elderon,Wisconsin,55073,Marathon,44.7843,-89.248,108,37.1,shape,false,true,America/Chicago,3,54427 54499 54429,1840002165
Franks Field,Franks Field,Wisconsin,55003,Ashland,46.5522,-90.5989,108,32.9,shape,false,true,America/Chicago,4,54806,1840042159
Herbster,Herbster,Wisconsin,55007,Bayfield,46.8422,-91.2419,107,7.4,shape,false,false,America/Chicago,3,54844,1840026070
Alto,Alto,Wisconsin,55039,Fond du Lac,43.6728,-88.7949,105,51.5,shape,false,false,America/Chicago,3,53919 53963,1840123490
Lublin,Lublin,Wisconsin,55119,Taylor,45.0749,-90.7238,105,26.6,shape,false,true,America/Chicago,3,54447,1840001570
Cornucopia,Cornucopia,Wisconsin,55007,Bayfield,46.8566,-91.1082,103,17.6,shape,false,false,America/Chicago,3,54827,1840026067
Jolmaville,Jolmaville,Wisconsin,55003,Ashland,46.433,-90.7498,103,3.2,shape,false,false,America/Chicago,4,54855,1840153097
Grand View,Grand View,Wisconsin,55007,Bayfield,46.368,-91.1036,102,53.2,shape,false,false,America/Chicago,3,54839,1840026069
Woodford,Woodford,Wisconsin,55065,Lafayette,42.6476,-89.8599,99,79.9,shape,false,false,America/Chicago,3,53599,1840025481
Big Foot Prairie,Big Foot Prairie,Wisconsin,55127,Walworth,42.4956,-88.5983,99,21.5,shape,false,false,America/Chicago,3,53184,1840145265
Gordon,Gordon,Wisconsin,55031,Douglas,46.2409,-91.7995,97,20.4,shape,false,false,America/Chicago,3,54838,1840026065
Pella,Pella,Wisconsin,55115,Shawano,44.7419,-88.8237,96,22.6,shape,false,false,America/Chicago,3,54950,1840023923
Maiden Rock,Maiden Rock,Wisconsin,55093,Pierce,44.5659,-92.3082,96,30.8,shape,false,true,America/Chicago,3,54750,1840002286
Whittlesey,Whittlesey,Wisconsin,55119,Taylor,45.2206,-90.3232,95,32.5,shape,false,false,America/Chicago,3,54451,1840025310
Trego,Trego,Wisconsin,55129,Washburn,45.9048,-91.8287,93,31.4,shape,false,false,America/Chicago,3,54888,1840025283
Danbury,Danbury,Wisconsin,55013,Burnett,46.0088,-92.3777,92,28.2,shape,false,false,America/Chicago,3,54830,1840025281
Bell Center,Bell Center,Wisconsin,55023,Crawford,43.2916,-90.8257,92,6.4,shape,false,true,America/Chicago,3,54631,1840002886
Stockholm,Stockholm,Wisconsin,55091,Pepin,44.4852,-92.2633,91,37.3,shape,false,true,America/Chicago,3,54769,1840002350
Melvina,Melvina,Wisconsin,55081,Monroe,43.8024,-90.7815,91,72.4,shape,false,true,America/Chicago,3,54619,1840002572
Townsend,Townsend,Wisconsin,55083,Oconto,45.3241,-88.5904,88,69.2,shape,false,false,America/Chicago,3,54175,1840025315
Barronett,Barronett,Wisconsin,55005,Barron,45.6363,-91.9942,88,44.4,shape,false,false,America/Chicago,3,54813,1840025301
Dunbar,Dunbar,Wisconsin,55075,Marinette,45.647,-88.1754,86,31.2,shape,false,false,America/Chicago,3,54119,1840026080
Wiota,Wiota,Wisconsin,55065,Lafayette,42.6368,-89.9493,83,16.0,shape,false,false,America/Chicago,3,53541 53587,1840038054
Stone Lake,Stone Lake,Wisconsin,55129,Washburn,45.8445,-91.5502,83,34.1,shape,false,false,America/Chicago,3,54876,1840025282
Argonne,Argonne,Wisconsin,55041,Forest,45.6582,-88.8777,82,56.8,shape,false,false,America/Chicago,3,54511,1840025284
Chelsea,Chelsea,Wisconsin,55119,Taylor,45.2927,-90.3054,80,66.7,shape,false,false,America/Chicago,3,54490 54451,1840025307
Mason,Mason,Wisconsin,55007,Bayfield,46.4355,-91.0599,78,42.2,shape,false,true,America/Chicago,3,54856,1840003915
Babcock,Babcock,Wisconsin,55141,Wood,44.3044,-90.1076,77,9.6,shape,false,false,America/Chicago,3,54413,1840025356
Springbrook,Springbrook,Wisconsin,55129,Washburn,45.9469,-91.6889,74,39.7,shape,false,false,America/Chicago,3,54875,1840038028
Waumandee,Waumandee,Wisconsin,55011,Buffalo,44.3024,-91.7051,71,109.3,shape,false,false,America/Chicago,3,54622,1840025360
Summit Lake,Summit Lake,Wisconsin,55067,Langlade,45.3759,-89.2044,68,32.7,shape,false,false,America/Chicago,3,54485,1840025304
Paac Ciinak,Paac Ciinak,Wisconsin,55115,Shawano,44.8579,-89.155,66,25.5,shape,false,false,America/Chicago,4,54499,1840153098
Odanah,Odanah,Wisconsin,55003,Ashland,46.5999,-90.6878,63,9.3,shape,false,false,America/Chicago,3,54806,1840006564
Knowlton,Knowlton,Wisconsin,55073,Marathon,44.7189,-89.6803,62,23.9,shape,false,false,America/Chicago,3,54455,1840025323
Tilleda,Tilleda,Wisconsin,55115,Shawano,44.8156,-88.9125,59,112.0,shape,false,false,America/Chicago,3,54416 54128,1840023926
Green Valley,Green Valley,Wisconsin,55115,Shawano,44.7969,-88.2682,59,168.4,shape,false,false,America/Chicago,3,54127,1840023920
Saxon,Saxon,Wisconsin,55051,Iron,46.494,-90.4098,58,18.4,shape,false,false,America/Chicago,3,54559,1840025273
Easton,Easton,Wisconsin,55001,Adams,43.8383,-89.8049,57,21.4,shape,false,false,America/Chicago,3,53936 53910,1840123654
Jump River,Jump River,Wisconsin,55119,Taylor,45.3555,-90.7965,55,43.3,shape,false,false,America/Chicago,3,54766,1840025308
Leopolis,Leopolis,Wisconsin,55115,Shawano,44.7654,-88.8447,51,48.8,shape,false,false,America/Chicago,3,54948,1840023921
Clam Lake,Clam Lake,Wisconsin,55003,Ashland,46.1579,-90.9056,49,46.9,shape,false,false,America/Chicago,3,54517,1840026073
Diaperville,Diaperville,Wisconsin,55003,Ashland,46.6059,-90.7095,46,40.2,shape,false,true,America/Chicago,4,54806,1840042155
Long Lake,Long Lake,Wisconsin,55037,Florence,45.8431,-88.6673,46,103.1,shape,false,false,America/Chicago,3,54542,1840025289
Thornton,Thornton,Wisconsin,55115,Shawano,44.7984,-88.6916,44,26.2,shape,false,false,America/Chicago,3,54166,1840023925
Yuba,Yuba,Wisconsin,55103,Richland,43.5364,-90.4267,44,86.5,shape,false,true,America/Chicago,3,54634,1840002816
Glen Haven,Glen Haven,Wisconsin,55043,Grant,42.8313,-91.0633,41,7.1,shape,false,false,America/Chicago,3,53810,1840025448
Fulton,Fulton,Wisconsin,55105,Rock,42.8074,-89.1269,37,150.5,shape,false,false,America/Chicago,3,53534,1840123704
Ceex Haci,Ceex Haci,Wisconsin,55141,Wood,44.2818,-89.965,27,75.6,shape,false,false,America/Chicago,3,54457,1840144082
