San Juan,San Juan,Puerto Rico,72127,San Juan,18.3985,-66.061,1814587,3128.8,shape,false,false,America/Puerto_Rico,1,00918 00913 00912 00911 00917 00915 00926 00927 00924 00925 00923 00920 00921 00906 00907 00901 00909 00969 00908 00910 00919 00922 00928 00929 00931 00935 00936 00937 00939 00940 00955 00975,1630035577
Aguadilla,Aguadilla,Puerto Rico,72005,Aguadilla,18.4382,-67.1537,228854,1751.5,shape,false,false,America/Puerto_Rico,2,00603 00605,1630035605
Bayamón,Bayamon,Puerto Rico,72021,Bayamón,18.3794,-66.1635,168698,2404.7,shape,false,false,America/Puerto_Rico,2,00959 00957 00956 00934 00960 00961 00916,1630035622
Carolina,Carolina,Puerto Rico,72031,Carolina,18.4054,-65.9792,139201,2594.9,shape,false,false,America/Puerto_Rico,2,00979 00987 00982 00983 00985 00981 00984 00986 00988,1630035637
Arecibo,Arecibo,Puerto Rico,72013,Arecibo,18.4491,-66.7387,125727,1007.8,shape,false,false,America/Puerto_Rico,2,00612 00613 00614,1630023566
Ponce,Ponce,Puerto Rico,72113,Ponce,18.0127,-66.6212,114901,1509.8,shape,false,false,America/Puerto_Rico,2,00728 00717 00716 00730 00732 00733 00734,1630023669
San Germán,San German,Puerto Rico,72125,San Germán,18.0827,-67.046,93549,1384.7,shape,false,false,America/Puerto_Rico,3,00683,1630023526
Mayagüez,Mayaguez,Puerto Rico,72097,Mayagüez,18.2003,-67.1397,93079,1105.2,shape,false,false,America/Puerto_Rico,3,00682 00680 00681,1630035520
Caguas,Caguas,Puerto Rico,72025,Caguas,18.2319,-66.0388,73713,2611.7,shape,false,false,America/Puerto_Rico,2,00725 00727 00726,1630023540
Guaynabo,Guaynabo,Puerto Rico,72061,Guaynabo,18.3832,-66.1134,70167,2248.8,shape,false,false,America/Puerto_Rico,2,00971 00934 00962 00966 00965 00968 00969 00970,1630023575
Juana Díaz,Juana Diaz,Puerto Rico,72075,Juana Díaz,18.0532,-66.5044,66208,2090.8,shape,false,false,America/Puerto_Rico,2,00795,1630023583
Fajardo,Fajardo,Puerto Rico,72053,Fajardo,18.3331,-65.6589,66022,1213.3,shape,false,false,America/Puerto_Rico,3,00740 00738,1630035668
Trujillo Alto,Trujillo Alto,Puerto Rico,72139,Trujillo Alto,18.3599,-66.0096,43192,2253.9,shape,false,false,America/Puerto_Rico,2,00976 00926 00977 00978,1630023656
Vega Baja,Vega Baja,Puerto Rico,72145,Vega Baja,18.4406,-66.3997,23418,1483.4,shape,false,false,America/Puerto_Rico,3,00693,1630023572
Cataño,Catano,Puerto Rico,72033,Cataño,18.4375,-66.144,23060,1842.5,shape,false,false,America/Puerto_Rico,3,00949 00962 00963,1630023554
Guayama,Guayama,Puerto Rico,72057,Guayama,17.9743,-66.1104,18153,1917.4,shape,false,false,America/Puerto_Rico,3,00784 00785,1630035675
Humacao,Humacao,Puerto Rico,72069,Humacao,18.152,-65.8204,16762,1313.4,shape,false,false,America/Puerto_Rico,3,00791 00792,1630035683
Yauco,Yauco,Puerto Rico,72153,Yauco,18.0344,-66.8615,15165,2022.3,shape,false,false,America/Puerto_Rico,2,00698,1630035600
Cayey,Cayey,Puerto Rico,72035,Cayey,18.115,-66.163,14423,2193.4,shape,false,false,America/Puerto_Rico,2,00736 00737,1630035640
Candelaria,Candelaria,Puerto Rico,72137,Toa Baja,18.4042,-66.2175,14114,1814.9,shape,false,false,America/Puerto_Rico,3,00949,1630023689
Dorado,Dorado,Puerto Rico,72051,Dorado,18.4657,-66.2726,13208,1613.5,shape,false,false,America/Puerto_Rico,3,00646,1630023736
Canóvanas,Canovanas,Puerto Rico,72029,Canóvanas,18.3693,-65.9009,12468,1708.0,shape,false,false,America/Puerto_Rico,3,00729,1630023717
Río Grande,Rio Grande,Puerto Rico,72119,Río Grande,18.3789,-65.8388,12311,3438.0,shape,false,false,America/Puerto_Rico,2,00745,1630023701
Caño Martin Peña,Cano Martin Pena,Puerto Rico,72127,San Juan,18.4309,-66.0507,11939,6698.7,shape,false,false,America/Puerto_Rico,2,00917 00915,1630142912
Hormigueros,Hormigueros,Puerto Rico,72067,Hormigueros,18.1437,-67.1199,11224,980.4,shape,false,false,America/Puerto_Rico,3,00660,1630023672
Manatí,Manati,Puerto Rico,72091,Manatí,18.4283,-66.4823,11134,2067.2,shape,false,false,America/Puerto_Rico,2,00674,1630023562
Sabana Grande,Sabana Grande,Puerto Rico,72121,Sabana Grande,18.0832,-66.9645,10301,1850.5,shape,false,false,America/Puerto_Rico,3,00637,1630023550
Cabo Rojo,Cabo Rojo,Puerto Rico,72023,Cabo Rojo,18.0867,-67.1482,10137,1661.1,shape,false,false,America/Puerto_Rico,3,00623,1630023608
Isabela,Isabela,Puerto Rico,72071,Isabela,18.4991,-67.022,10110,1490.9,shape,false,false,America/Puerto_Rico,3,00662,1630023674
Pájaros,Pajaros,Puerto Rico,72135,Toa Alta,18.361,-66.2184,10043,2528.6,shape,false,false,America/Puerto_Rico,2,00953,1630035532
Corozal,Corozal,Puerto Rico,72047,Corozal,18.341,-66.3124,10019,1742.1,shape,false,false,America/Puerto_Rico,3,00783,1630035655
Coamo,Coamo,Puerto Rico,72043,Coamo,18.0765,-66.3638,9806,2077.1,shape,false,false,America/Puerto_Rico,2,00769,1630035648
Vega Alta,Vega Alta,Puerto Rico,72143,Vega Alta,18.4151,-66.3211,9179,1873.1,shape,false,false,America/Puerto_Rico,3,00692,1630023587
San Sebastián,San Sebastian,Puerto Rico,72131,San Sebastián,18.3356,-66.9948,9041,1706.5,shape,false,false,America/Puerto_Rico,3,00685,1630023635
Juncos,Juncos,Puerto Rico,72077,Juncos,18.2256,-65.9161,8938,2299.1,shape,false,false,America/Puerto_Rico,2,00777,1630023721
Aibonito,Aibonito,Puerto Rico,72009,Aibonito,18.1398,-66.2659,8596,2227.0,shape,false,false,America/Puerto_Rico,2,00705,1630035609
San Lorenzo,San Lorenzo,Puerto Rico,72129,San Lorenzo,18.1875,-65.968,8588,1789.3,shape,false,false,America/Puerto_Rico,3,00754,1630035578
Luquillo,Luquillo,Puerto Rico,72089,Luquillo,18.3719,-65.7221,7870,2861.3,shape,false,false,America/Puerto_Rico,2,00773,1630023692
Arroyo,Arroyo,Puerto Rico,72015,Arroyo,17.9706,-66.0598,7818,2168.5,shape,false,false,America/Puerto_Rico,2,00714,1630035613
Sabana Seca,Sabana Seca,Puerto Rico,72137,Toa Baja,18.4273,-66.1809,7769,2714.2,shape,false,false,America/Puerto_Rico,2,00952,1630035569
Utuado,Utuado,Puerto Rico,72141,Utuado,18.27,-66.7048,7554,1599.2,shape,false,false,America/Puerto_Rico,3,00641,1630023623
San Antonio,San Antonio,Puerto Rico,72051,Dorado,18.4471,-66.2995,7351,1508.5,shape,false,false,America/Puerto_Rico,3,00646,1630023733
San Isidro,San Isidro,Puerto Rico,72029,Canóvanas,18.3921,-65.8844,7285,3751.2,shape,false,false,America/Puerto_Rico,2,00729,1630035575
Gurabo,Gurabo,Puerto Rico,72063,Gurabo,18.2528,-65.9785,6966,2235.5,shape,false,false,America/Puerto_Rico,2,00778,1630035678
Puerto Real,Puerto Real,Puerto Rico,72023,Cabo Rojo,18.0767,-67.1858,6325,2043.1,shape,false,false,America/Puerto_Rico,2,00623,1630035555
Quebradillas,Quebradillas,Puerto Rico,72115,Quebradillas,18.4724,-66.935,6165,1249.2,shape,false,false,America/Puerto_Rico,3,00678,1630035558
Yabucoa,Yabucoa,Puerto Rico,72151,Yabucoa,18.0464,-65.8803,6082,1807.5,shape,false,false,America/Puerto_Rico,3,00767,1630023682
Cidra,Cidra,Puerto Rico,72041,Cidra,18.1776,-66.158,6056,2094.6,shape,false,false,America/Puerto_Rico,2,00739,1630035647
Guánica,Guanica,Puerto Rico,72055,Guánica,17.9698,-66.9309,5516,845.0,shape,false,false,America/Puerto_Rico,3,00653 00647,1630023537
Ceiba,Ceiba,Puerto Rico,72037,Ceiba,18.265,-65.6488,5347,1876.0,shape,false,false,America/Puerto_Rico,3,00735,1630035643
Peñuelas,Penuelas,Puerto Rico,72111,Peñuelas,18.0595,-66.7206,5297,2121.4,shape,false,false,America/Puerto_Rico,2,00624,1630023556
Santa Isabel,Santa Isabel,Puerto Rico,72133,Santa Isabel,17.9691,-66.4051,5133,1936.9,shape,false,false,America/Puerto_Rico,3,00757,1630023545
Naguabo,Naguabo,Puerto Rico,72103,Naguabo,18.2117,-65.737,5104,3140.5,shape,false,false,America/Puerto_Rico,2,00718,1630035528
Coco,Coco,Puerto Rico,72123,Salinas,18.0009,-66.2602,5006,1129.6,shape,false,false,America/Puerto_Rico,3,00751,1630023633
Las Piedras,Las Piedras,Puerto Rico,72085,Las Piedras,18.1787,-65.8711,4996,1458.8,shape,false,false,America/Puerto_Rico,3,00771,1630023710
Lares,Lares,Puerto Rico,72081,Lares,18.2964,-66.8836,4871,928.8,shape,false,false,America/Puerto_Rico,3,00669,1630035500
Adjuntas,Adjuntas,Puerto Rico,72001,Adjuntas,18.1638,-66.7235,4765,2455.2,shape,false,false,America/Puerto_Rico,2,00601,1630035603
Añasco,Anasco,Puerto Rico,72011,Añasco,18.2861,-67.1409,4562,2166.7,shape,false,false,America/Puerto_Rico,2,00610,1630023590
Lajas,Lajas,Puerto Rico,72079,Lajas,18.0431,-67.0574,4518,1167.5,shape,false,false,America/Puerto_Rico,3,00667,1630023598
Santa Bárbara,Santa Barbara,Puerto Rico,72029,Canóvanas,18.3954,-65.9172,4368,2546.8,shape,false,false,America/Puerto_Rico,2,00729,1630023714
Salinas,Salinas,Puerto Rico,72123,Salinas,17.9778,-66.2962,4358,2152.6,shape,false,false,America/Puerto_Rico,2,00751,1630035570
Candelaria Arenas,Candelaria Arenas,Puerto Rico,72137,Toa Baja,18.4175,-66.2203,4199,1624.2,shape,false,false,America/Puerto_Rico,3,00949,1630035633
Aguilita,Aguilita,Puerto Rico,72075,Juana Díaz,18.0284,-66.533,4197,1806.0,shape,false,false,America/Puerto_Rico,3,00780 00795,1630023581
Florida,Florida,Puerto Rico,72054,Florida,18.3643,-66.5611,4193,1071.7,shape,false,false,America/Puerto_Rico,3,00650,1630023648
Imbéry,Imbery,Puerto Rico,72017,Barceloneta,18.4371,-66.5566,4174,2490.8,shape,false,false,America/Puerto_Rico,2,00617,1630035464
Hatillo,Hatillo,Puerto Rico,72065,Hatillo,18.4811,-66.8221,4049,1445.9,shape,false,false,America/Puerto_Rico,3,00659,1630035679
Campanilla,Campanilla,Puerto Rico,72137,Toa Baja,18.4225,-66.2391,3988,2948.0,shape,false,false,America/Puerto_Rico,2,00949,1630035630
Camuy,Camuy,Puerto Rico,72027,Camuy,18.4825,-66.8501,3677,1425.4,shape,false,false,America/Puerto_Rico,3,00627,1630035632
Comerío,Comerio,Puerto Rico,72045,Comerío,18.22,-66.2246,3656,3136.2,shape,false,false,America/Puerto_Rico,2,00782,1630023541
Breñas,Brenas,Puerto Rico,72143,Vega Alta,18.4734,-66.3346,3634,1422.9,shape,false,false,America/Puerto_Rico,3,00692,1630035461
Punta Santiago,Punta Santiago,Puerto Rico,72069,Humacao,18.1619,-65.7584,3627,901.2,shape,false,false,America/Puerto_Rico,3,00741,1630035556
Barceloneta,Barceloneta,Puerto Rico,72017,Barceloneta,18.453,-66.5381,3548,1412.6,shape,false,false,America/Puerto_Rico,3,00617,1630035618
Bajadero,Bajadero,Puerto Rico,72013,Arecibo,18.4245,-66.6765,3539,669.0,shape,false,false,America/Puerto_Rico,3,00616,1630035615
Naranjito,Naranjito,Puerto Rico,72105,Naranjito,18.3029,-66.2498,3443,2004.8,shape,false,false,America/Puerto_Rico,2,00719,1630023649
Hacienda San José,Hacienda San Jose,Puerto Rico,72025,Caguas,18.2409,-66.0721,3384,2327.4,shape,false,true,America/Puerto_Rico,2,00727,1630025216
Celada,Celada,Puerto Rico,72063,Gurabo,18.2667,-65.9621,3311,1911.8,shape,false,false,America/Puerto_Rico,3,00778,1630023584
Cabán,Caban,Puerto Rico,72005,Aguadilla,18.445,-67.1363,3310,2819.6,shape,false,false,America/Puerto_Rico,2,00603,1630035478
Guayanilla,Guayanilla,Puerto Rico,72059,Guayanilla,18.0222,-66.7898,3302,1801.9,shape,false,false,America/Puerto_Rico,3,00656,1630023620
Tierras Nuevas Poniente,Tierras Nuevas Poniente,Puerto Rico,72091,Manatí,18.4614,-66.4891,3283,1383.9,shape,false,false,America/Puerto_Rico,3,00674,1630035588
Toa Alta,Toa Alta,Puerto Rico,72135,Toa Alta,18.3879,-66.2508,3251,1788.5,shape,false,false,America/Puerto_Rico,3,00953 00954,1630023642
Aguas Buenas,Aguas Buenas,Puerto Rico,72007,Aguas Buenas,18.2573,-66.1061,3242,1275.4,shape,false,false,America/Puerto_Rico,3,00703,1630035606
Aguada,Aguada,Puerto Rico,72003,Aguada,18.3803,-67.1884,3233,2439.7,shape,false,false,America/Puerto_Rico,2,00602,1630023528
Los Prados,Los Prados,Puerto Rico,72025,Caguas,18.233,-66.0621,3185,1921.2,shape,false,true,America/Puerto_Rico,3,00727,1630025219
Sabana Hoyos,Sabana Hoyos,Puerto Rico,72013,Arecibo,18.4213,-66.6084,3154,467.7,shape,false,false,America/Puerto_Rico,3,00688,1630035568
La Luisa,La Luisa,Puerto Rico,72091,Manatí,18.4488,-66.5078,3052,1197.6,shape,false,false,America/Puerto_Rico,3,00674,1630023561
Comunas,Comunas,Puerto Rico,72151,Yabucoa,18.0846,-65.8435,3005,1020.2,shape,false,false,America/Puerto_Rico,3,00767,1630035651
Coquí,Coqui,Puerto Rico,72123,Salinas,17.9793,-66.2255,2968,1230.7,shape,false,false,America/Puerto_Rico,3,00704,1630035652
Patillas,Patillas,Puerto Rico,72109,Patillas,18.0069,-66.0134,2955,1001.5,shape,false,false,America/Puerto_Rico,3,00723,1630023610
Monte Grande,Monte Grande,Puerto Rico,72023,Cabo Rojo,18.0894,-67.1201,2902,784.3,shape,false,false,America/Puerto_Rico,3,00623,1630023603
Carrizales,Carrizales,Puerto Rico,72065,Hatillo,18.4811,-66.7879,2889,1972.5,shape,false,false,America/Puerto_Rico,3,00659,1630023532
Emajagua,Emajagua,Puerto Rico,72095,Maunabo,18.0016,-65.8829,2887,1311.2,shape,false,false,America/Puerto_Rico,3,00707,1630023699
Jayuya,Jayuya,Puerto Rico,72073,Jayuya,18.2199,-66.5984,2879,2299.0,shape,false,false,America/Puerto_Rico,2,00664,1630023586
La Dolores,La Dolores,Puerto Rico,72119,Río Grande,18.3725,-65.8546,2861,1674.8,shape,false,false,America/Puerto_Rico,3,00745,1630035695
Barranquitas,Barranquitas,Puerto Rico,72019,Barranquitas,18.1848,-66.3102,2820,1421.9,shape,false,false,America/Puerto_Rico,3,00794,1630035619
Villalba,Villalba,Puerto Rico,72149,Villalba,18.1278,-66.4819,2751,818.7,shape,false,false,America/Puerto_Rico,3,00766,1630023667
Capitanejo,Capitanejo,Puerto Rico,72075,Juana Díaz,18.0132,-66.5358,2751,1126.1,shape,false,false,America/Puerto_Rico,3,00715 00795,1630035462
Loíza,Loiza,Puerto Rico,72087,Loíza,18.4309,-65.8801,2714,2029.7,shape,false,false,America/Puerto_Rico,2,00772,1630035508
Piedra Aguza,Piedra Aguza,Puerto Rico,72075,Juana Díaz,18.0338,-66.4955,2706,1653.3,shape,false,true,America/Puerto_Rico,3,00795,1630027034
Brisas del Campanero,Brisas del Campanero,Puerto Rico,72137,Toa Baja,18.4316,-66.2261,2700,1490.6,shape,false,false,America/Puerto_Rico,3,00949,1630141959
Potala Pastillo,Potala Pastillo,Puerto Rico,72075,Juana Díaz,17.9921,-66.4966,2679,2032.3,shape,false,false,America/Puerto_Rico,2,00795,1630023579
Luyando,Luyando,Puerto Rico,72003,Aguada,18.3575,-67.1553,2658,626.6,shape,false,false,America/Puerto_Rico,3,00602,1630023527
Ciales,Ciales,Puerto Rico,72039,Ciales,18.3357,-66.4723,2634,875.1,shape,false,false,America/Puerto_Rico,3,00638,1630023668
Luis Lloréns Torres,Luis Llorens Torres,Puerto Rico,72075,Juana Díaz,18.0565,-66.5267,2624,2200.5,shape,false,false,America/Puerto_Rico,2,00795,1630023578
Ingenio,Ingenio,Puerto Rico,72137,Toa Baja,18.4453,-66.2239,2613,1858.7,shape,false,false,America/Puerto_Rico,3,00949,1630035685
Palmas del Mar,Palmas del Mar,Puerto Rico,72069,Humacao,18.0922,-65.8005,2492,320.2,shape,false,false,America/Puerto_Rico,3,00791,1630027040
Rafael González,Rafael Gonzalez,Puerto Rico,72065,Hatillo,18.4264,-66.7872,2491,2307.8,shape,false,false,America/Puerto_Rico,2,00659,1630035489
Santo Domingo,Santo Domingo,Puerto Rico,72111,Peñuelas,18.0719,-66.7459,2412,423.6,shape,false,false,America/Puerto_Rico,3,00624,1630035582
Coto Laurel,Coto Laurel,Puerto Rico,72113,Ponce,18.0491,-66.5517,2347,1558.6,shape,false,false,America/Puerto_Rico,3,00780,1630035656
La Fermina,La Fermina,Puerto Rico,72069,Humacao,18.1744,-65.8526,2336,926.9,shape,false,false,America/Puerto_Rico,3,00771 00791,1630023729
Aguas Claras,Aguas Claras,Puerto Rico,72037,Ceiba,18.2447,-65.6662,2327,328.2,shape,false,false,America/Puerto_Rico,3,00735,1630023722
Campo Rico,Campo Rico,Puerto Rico,72029,Canóvanas,18.3391,-65.8943,2291,2120.9,shape,false,false,America/Puerto_Rico,2,00729,1630035631
Corazón,Corazon,Puerto Rico,72057,Guayama,17.994,-66.0833,2280,1586.0,shape,false,false,America/Puerto_Rico,3,00784,1630035653
Monserrate,Monserrate,Puerto Rico,72145,Vega Baja,18.4367,-66.3579,2266,1256.6,shape,false,false,America/Puerto_Rico,3,00693,1630035523
Las Marías,Las Marias,Puerto Rico,72011,Añasco,18.2928,-67.145,2190,1964.0,shape,false,false,America/Puerto_Rico,3,00610,1630035501
Jaguas,Jaguas,Puerto Rico,72039,Ciales,18.3074,-66.4777,2153,397.6,shape,false,false,America/Puerto_Rico,3,00638,1630152323
San José,San Jose,Puerto Rico,72137,Toa Baja,18.4029,-66.2492,2153,726.7,shape,false,false,America/Puerto_Rico,3,00949,1630023734
Martorell,Martorell,Puerto Rico,72151,Yabucoa,18.073,-65.8977,2102,885.7,shape,false,false,America/Puerto_Rico,3,00767,1630023679
Piedra Gorda,Piedra Gorda,Puerto Rico,72027,Camuy,18.4342,-66.8861,2084,1180.4,shape,false,false,America/Puerto_Rico,3,00627,1630035547
Aceitunas,Aceitunas,Puerto Rico,72099,Moca,18.4455,-67.0669,2063,931.0,shape,false,false,America/Puerto_Rico,3,00676,1630023602
Galateo,Galateo,Puerto Rico,72135,Toa Alta,18.364,-66.259,2046,1228.9,shape,false,false,America/Puerto_Rico,3,00953,1630035671
Alianza,Alianza,Puerto Rico,72027,Camuy,18.4533,-66.8556,2010,775.5,shape,false,false,America/Puerto_Rico,3,00627,1630027033
Barahona,Barahona,Puerto Rico,72101,Morovis,18.3522,-66.4442,1983,1426.2,shape,false,false,America/Puerto_Rico,3,00687,1630023612
San Antonio,San Antonio,Puerto Rico,72115,Quebradillas,18.4391,-66.9321,1981,564.1,shape,false,false,America/Puerto_Rico,3,00678,1630146624
H. Rivera Colón,H. Rivera Colon,Puerto Rico,72135,Toa Alta,18.3482,-66.2732,1969,1147.5,shape,false,false,America/Puerto_Rico,3,00953,1630035482
Liborio Negrón Torres,Liborio Negron Torres,Puerto Rico,72121,Sabana Grande,18.0431,-66.9426,1926,959.3,shape,false,false,America/Puerto_Rico,3,00637,1630023548
Mariano Colón,Mariano Colon,Puerto Rico,72043,Coamo,18.0287,-66.3356,1920,498.6,shape,false,false,America/Puerto_Rico,3,00769,1630023664
Los Llanos,Los Llanos,Puerto Rico,72043,Coamo,18.0579,-66.4092,1916,938.4,shape,false,false,America/Puerto_Rico,3,00769,1630023663
Boquerón,Boqueron,Puerto Rico,72023,Cabo Rojo,18.034,-67.1714,1903,712.0,shape,false,false,America/Puerto_Rico,3,00622,1630035624
Vieques,Vieques,Puerto Rico,72147,Vieques,18.1462,-65.4429,1892,1258.5,shape,false,false,America/Puerto_Rico,3,00765,1630035597
Morovis,Morovis,Puerto Rico,72101,Morovis,18.3268,-66.4057,1843,1267.5,shape,false,false,America/Puerto_Rico,3,00687,1630035526
Las Carolinas,Las Carolinas,Puerto Rico,72025,Caguas,18.2539,-66.0658,1838,1811.1,shape,false,false,America/Puerto_Rico,3,00727,1630035614
Jauca,Jauca,Puerto Rico,72133,Santa Isabel,17.9638,-66.3673,1822,548.0,shape,false,false,America/Puerto_Rico,3,00757,1630023547
San Antonio,San Antonio,Puerto Rico,72005,Aguadilla,18.4932,-67.0997,1788,1428.1,shape,false,false,America/Puerto_Rico,3,00690,1630149533
Luis M. Cintrón,Luis M. Cintron,Puerto Rico,72053,Fajardo,18.3008,-65.6371,1774,572.2,shape,false,false,America/Puerto_Rico,3,00738,1630023718
Buena Vista,Buena Vista,Puerto Rico,72015,Arroyo,17.9964,-66.0515,1763,1484.9,shape,false,false,America/Puerto_Rico,3,00714,1630035626
Yeguada,Yeguada,Puerto Rico,72027,Camuy,18.4842,-66.8802,1756,1359.5,shape,false,false,America/Puerto_Rico,3,00627,1630126908
El Ojo,El Ojo,Puerto Rico,72133,Santa Isabel,18.0038,-66.3919,1751,926.9,shape,false,false,America/Puerto_Rico,3,00757,1630035664
La Alianza,La Alianza,Puerto Rico,72013,Arecibo,18.395,-66.5975,1732,588.4,shape,false,false,America/Puerto_Rico,3,00688,1630035694
Río Lajas,Rio Lajas,Puerto Rico,72051,Dorado,18.397,-66.2643,1724,441.0,shape,false,false,America/Puerto_Rico,3,00646,1630035564
Parcelas de Navarro,Parcelas de Navarro,Puerto Rico,72063,Gurabo,18.2301,-66.0043,1713,4148.7,shape,false,true,America/Puerto_Rico,2,00778,1630025221
Fránquez,Franquez,Puerto Rico,72101,Morovis,18.3401,-66.4276,1705,1253.5,shape,false,false,America/Puerto_Rico,3,00687,1630035480
Antón Ruíz,Anton Ruiz,Puerto Rico,72069,Humacao,18.1883,-65.8079,1695,1475.2,shape,false,false,America/Puerto_Rico,3,00791,1630035459
Vázquez,Vazquez,Puerto Rico,72123,Salinas,18.0684,-66.2331,1692,442.2,shape,false,false,America/Puerto_Rico,3,00751,1630023631
Lluveras,Lluveras,Puerto Rico,72121,Sabana Grande,18.038,-66.9037,1676,888.7,shape,false,false,America/Puerto_Rico,3,00637,1630023549
Pole Ojea,Pole Ojea,Puerto Rico,72023,Cabo Rojo,17.9743,-67.1832,1658,1152.1,shape,false,false,America/Puerto_Rico,3,00622,1630023604
El Mangó,El Mango,Puerto Rico,72077,Juncos,18.2345,-65.8751,1648,1264.4,shape,false,false,America/Puerto_Rico,3,00777,1630035662
Jobos,Jobos,Puerto Rico,72057,Guayama,17.9608,-66.1655,1632,1140.8,shape,false,false,America/Puerto_Rico,3,00784,1630035690
La Playa,La Playa,Puerto Rico,72011,Añasco,18.2865,-67.1868,1632,592.4,shape,false,false,America/Puerto_Rico,3,00610,1630035496
Rafael Capó,Rafael Capo,Puerto Rico,72065,Hatillo,18.4005,-66.7898,1627,404.7,shape,false,false,America/Puerto_Rico,3,00659,1630035469
Olimpo,Olimpo,Puerto Rico,72057,Guayama,18.0027,-66.1097,1621,1386.1,shape,false,false,America/Puerto_Rico,3,00784,1630023657
María Antonia,Maria Antonia,Puerto Rico,72055,Guánica,17.9783,-66.8899,1614,872.1,shape,false,false,America/Puerto_Rico,3,00653,1630023535
Río Blanco,Rio Blanco,Puerto Rico,72103,Naguabo,18.2123,-65.793,1597,802.6,shape,false,false,America/Puerto_Rico,3,00718,1630023707
Maunabo,Maunabo,Puerto Rico,72095,Maunabo,18.0056,-65.9009,1584,1043.9,shape,false,false,America/Puerto_Rico,3,00707,1630023697
Palmarejo,Palmarejo,Puerto Rico,72047,Corozal,18.3149,-66.2925,1580,716.4,shape,false,false,America/Puerto_Rico,3,00783,1630153165
La Parguera,La Parguera,Puerto Rico,72079,Lajas,17.9748,-67.0458,1577,1198.6,shape,false,false,America/Puerto_Rico,3,00667,1630035495
Suárez,Suarez,Puerto Rico,72087,Loíza,18.4311,-65.8515,1544,2280.2,shape,false,false,America/Puerto_Rico,2,00772,1630023696
Lomas Verdes Comunidad,Lomas Verdes Comunidad,Puerto Rico,72099,Moca,18.3823,-67.1201,1535,1035.8,shape,false,false,America/Puerto_Rico,3,00676,1630146412
Playita,Playita,Puerto Rico,72151,Yabucoa,18.0404,-65.9071,1493,831.3,shape,false,false,America/Puerto_Rico,3,00767,1630023680
Guayabal,Guayabal,Puerto Rico,72075,Juana Díaz,18.076,-66.5016,1492,1186.8,shape,false,false,America/Puerto_Rico,3,00795,1630035674
Rincón,Rincon,Puerto Rico,72117,Rincón,18.3389,-67.2515,1488,1357.4,shape,false,false,America/Puerto_Rico,3,00677,1630035560
Palma Sola,Palma Sola,Puerto Rico,72029,Canóvanas,18.324,-65.8715,1485,511.3,shape,false,false,America/Puerto_Rico,3,00729,1630143210
Palmer,Palmer,Puerto Rico,72119,Río Grande,18.3704,-65.7733,1475,1236.4,shape,false,false,America/Puerto_Rico,3,00745 00721,1630035538
Coto Norte,Coto Norte,Puerto Rico,72091,Manatí,18.4328,-66.4409,1440,772.5,shape,false,false,America/Puerto_Rico,3,00674,1630035657
Del Carmen,Del Carmen,Puerto Rico,72027,Camuy,18.4678,-66.849,1408,1328.9,shape,false,false,America/Puerto_Rico,3,00627,1630145086
Playita Cortada,Playita Cortada,Puerto Rico,72133,Santa Isabel,17.982,-66.4402,1395,602.0,shape,false,false,America/Puerto_Rico,3,00757,1630023544
Palomas,Palomas,Puerto Rico,72153,Yauco,18.0135,-66.8688,1359,1047.9,shape,false,false,America/Puerto_Rico,3,00698,1630137130
Sabana Eneas,Sabana Eneas,Puerto Rico,72125,San Germán,18.081,-67.0852,1356,681.4,shape,false,false,America/Puerto_Rico,3,00683,1630035566
Tallaboa Alta,Tallaboa Alta,Puerto Rico,72111,Peñuelas,18.0504,-66.702,1354,1490.9,shape,false,false,America/Puerto_Rico,3,00624,1630023558
Mora,Mora,Puerto Rico,72071,Isabela,18.4626,-67.0323,1337,1642.0,shape,false,false,America/Puerto_Rico,3,00662,1630035525
Indios,Indios,Puerto Rico,72059,Guayanilla,17.9942,-66.821,1322,502.0,shape,false,false,America/Puerto_Rico,3,00656,1630023621
Ramos,Ramos,Puerto Rico,72089,Luquillo,18.3389,-65.7111,1319,464.8,shape,false,false,America/Puerto_Rico,3,00773,1630023694
Duque,Duque,Puerto Rico,72103,Naguabo,18.2381,-65.7433,1313,966.9,shape,false,false,America/Puerto_Rico,3,00718,1630023709
G. L. García,G. L. Garcia,Puerto Rico,72035,Cayey,18.1258,-66.1026,1312,663.4,shape,false,false,America/Puerto_Rico,3,00736,1630035481
Corcovado,Corcovado,Puerto Rico,72065,Hatillo,18.461,-66.7778,1305,972.2,shape,false,false,America/Puerto_Rico,3,00659,1630023533
Bartolo,Bartolo,Puerto Rico,72119,Río Grande,18.362,-65.8414,1304,977.1,shape,false,false,America/Puerto_Rico,3,00745,1630035620
El Tumbao,El Tumbao,Puerto Rico,72055,Guánica,18.0015,-66.8995,1291,465.8,shape,false,false,America/Puerto_Rico,3,00653,1630027032
Playa Fortuna,Playa Fortuna,Puerto Rico,72089,Luquillo,18.3759,-65.746,1275,808.1,shape,false,false,America/Puerto_Rico,3,00773,1630035548
Hato Candal,Hato Candal,Puerto Rico,72119,Río Grande,18.3732,-65.7906,1273,828.8,shape,false,false,America/Puerto_Rico,3,00745,1630035681
Orocovis,Orocovis,Puerto Rico,72107,Orocovis,18.2258,-66.3902,1264,865.5,shape,false,false,America/Puerto_Rico,3,00720,1630035531
El Negro,El Negro,Puerto Rico,72151,Yabucoa,18.037,-65.8494,1262,1061.0,shape,false,false,America/Puerto_Rico,3,00767,1630023684
Tiburones,Tiburones,Puerto Rico,72017,Barceloneta,18.4382,-66.5808,1261,1510.1,shape,false,false,America/Puerto_Rico,3,00617,1630023650
Miranda,Miranda,Puerto Rico,72145,Vega Baja,18.3869,-66.3789,1228,256.6,shape,false,false,America/Puerto_Rico,3,00693,1630035521
Magas Arriba,Magas Arriba,Puerto Rico,72059,Guayanilla,18.0233,-66.7664,1215,639.0,shape,false,false,America/Puerto_Rico,3,00656,1630023619
Juncal,Juncal,Puerto Rico,72131,San Sebastián,18.3125,-66.9219,1181,1035.3,shape,false,false,America/Puerto_Rico,3,00685,1630035692
Animas,Animas,Puerto Rico,72013,Arecibo,18.4457,-66.6364,1167,1722.1,shape,false,false,America/Puerto_Rico,3,00612,1630035611
Quebrada del Agua,Quebrada del Agua,Puerto Rico,72113,Ponce,18.0378,-66.6847,1167,783.9,shape,false,true,America/Puerto_Rico,3,00624,1630025230
Jagual,Jagual,Puerto Rico,72129,San Lorenzo,18.161,-65.9993,1163,1177.0,shape,false,false,America/Puerto_Rico,3,00754,1630023577
Cacao,Cacao,Puerto Rico,72115,Quebradillas,18.4525,-66.9559,1148,524.6,shape,false,false,America/Puerto_Rico,3,00678,1630023646
Las Ochenta,Las Ochenta,Puerto Rico,72123,Salinas,17.9847,-66.3174,1147,832.2,shape,false,false,America/Puerto_Rico,3,00751,1630023629
Palmarejo,Palmarejo,Puerto Rico,72079,Lajas,18.0409,-67.0766,1137,956.2,shape,false,false,America/Puerto_Rico,3,00667,1630035467
Stella,Stella,Puerto Rico,72117,Rincón,18.324,-67.2464,1130,1320.7,shape,false,false,America/Puerto_Rico,3,00677,1630023615
El Paraiso,El Paraiso,Puerto Rico,72113,Ponce,18.0648,-66.6021,1115,758.5,shape,false,false,America/Puerto_Rico,3,00731,1630035699
Marueño,Marueno,Puerto Rico,72113,Ponce,18.0585,-66.6569,1090,844.1,shape,false,false,America/Puerto_Rico,3,00731,1630035466
Parcelas Viejas Borinquen,Parcelas Viejas Borinquen,Puerto Rico,72025,Caguas,18.1739,-66.0406,1085,843.3,shape,false,true,America/Puerto_Rico,3,00725,1630025220
Rincón,Rincon,Puerto Rico,72041,Cidra,18.15,-66.1569,1066,725.5,shape,false,false,America/Puerto_Rico,3,00739,1630153166
Pueblito del Río,Pueblito del Rio,Puerto Rico,72085,Las Piedras,18.228,-65.8615,1064,1758.2,shape,false,false,America/Puerto_Rico,3,00771 00777,1630035488
Hato Viejo,Hato Viejo,Puerto Rico,72039,Ciales,18.3605,-66.4813,1055,211.3,shape,false,false,America/Puerto_Rico,3,00638,1630126393
Rafael Hernández,Rafael Hernandez,Puerto Rico,72005,Aguadilla,18.4718,-67.0787,1044,1525.0,shape,false,false,America/Puerto_Rico,3,00603,1630035490
Los Héroes Comunidad,Los Heroes Comunidad,Puerto Rico,72099,Moca,18.3916,-67.1186,1042,570.3,shape,false,false,America/Puerto_Rico,3,00676,1630143407
Cayuco,Cayuco,Puerto Rico,72141,Utuado,18.2922,-66.7348,1031,576.0,shape,false,false,America/Puerto_Rico,3,00641,1630035641
Tallaboa,Tallaboa,Puerto Rico,72111,Peñuelas,17.9935,-66.7067,1022,352.7,shape,false,false,America/Puerto_Rico,3,00624,1630035586
Culebra,Culebra,Puerto Rico,72049,Culebra,18.3105,-65.3029,1021,483.5,shape,false,false,America/Puerto_Rico,3,00775,1630023691
Río Cañas Abajo,Rio Canas Abajo,Puerto Rico,72075,Juana Díaz,18.0396,-66.4683,1015,792.6,shape,false,false,America/Puerto_Rico,3,00795,1630035562
Fuig,Fuig,Puerto Rico,72055,Guánica,17.9857,-66.917,1010,654.2,shape,false,false,America/Puerto_Rico,3,00647,1630035670
Toa Baja,Toa Baja,Puerto Rico,72137,Toa Baja,18.4439,-66.2547,999,656.6,shape,false,false,America/Puerto_Rico,3,00949 00951,1630023735
Parcelas La Milagrosa,Parcelas La Milagrosa,Puerto Rico,72041,Cidra,18.1716,-66.1868,999,1477.0,shape,false,false,America/Puerto_Rico,3,00739,1630035487
Mucarabones,Mucarabones,Puerto Rico,72135,Toa Alta,18.3906,-66.2178,989,1675.0,shape,false,false,America/Puerto_Rico,3,00953,1630023640
Daguao,Daguao,Puerto Rico,72103,Naguabo,18.2217,-65.6798,988,672.3,shape,false,false,America/Puerto_Rico,3,00718,1630035659
Las Ollas,Las Ollas,Puerto Rico,72133,Santa Isabel,18.0142,-66.4207,984,1863.0,shape,false,false,America/Puerto_Rico,3,00757,1630035504
Frontón,Fronton,Puerto Rico,72039,Ciales,18.3097,-66.5603,983,137.4,shape,false,false,America/Puerto_Rico,3,00638,1630152322
Sabana,Sabana,Puerto Rico,72145,Vega Baja,18.4643,-66.3517,965,1462.8,shape,false,false,America/Puerto_Rico,3,00693,1630035565
Peña Pobre,Pena Pobre,Puerto Rico,72103,Naguabo,18.2174,-65.8221,959,1328.4,shape,false,false,America/Puerto_Rico,3,00718,1630035545
Candelero Arriba,Candelero Arriba,Puerto Rico,72069,Humacao,18.1016,-65.8342,944,806.8,shape,false,false,America/Puerto_Rico,3,00791,1630035635
Pabellones,Pabellones,Puerto Rico,72137,Toa Baja,18.4412,-66.2156,944,825.8,shape,false,false,America/Puerto_Rico,3,00949,1630151538
Honduras,Honduras,Puerto Rico,72041,Cidra,18.1412,-66.2004,940,357.5,shape,false,false,America/Puerto_Rico,3,00736,1630151309
Lamboglia,Lamboglia,Puerto Rico,72109,Patillas,17.9847,-65.9859,933,727.1,shape,false,false,America/Puerto_Rico,3,00723,1630023609
Esperanza,Esperanza,Puerto Rico,72147,Vieques,18.1021,-65.4798,920,279.4,shape,false,false,America/Puerto_Rico,3,00765,1630023731
Benítez,Benitez,Puerto Rico,72029,Canóvanas,18.2726,-65.8788,920,1228.9,shape,false,false,America/Puerto_Rico,3,00729,1630035475
Lomas,Lomas,Puerto Rico,72029,Canóvanas,18.2688,-65.9096,915,1038.6,shape,false,false,America/Puerto_Rico,3,00729,1630035509
Tomás de Castro,Tomas de Castro,Puerto Rico,72025,Caguas,18.184,-66.0186,907,896.0,shape,false,false,America/Puerto_Rico,3,00725,1630126854
Maricao,Maricao,Puerto Rico,72093,Maricao,18.1838,-66.981,894,191.8,shape,false,false,America/Puerto_Rico,3,00606,1630023678
Parcelas Peñuelas,Parcelas Penuelas,Puerto Rico,72133,Santa Isabel,18.0059,-66.3475,877,603.5,shape,false,false,America/Puerto_Rico,3,00757,1630035542
Garrochales,Garrochales,Puerto Rico,72017,Barceloneta,18.4572,-66.5675,876,513.0,shape,false,false,America/Puerto_Rico,3,00617,1630035672
Espino,Espino,Puerto Rico,72011,Añasco,18.2774,-67.1219,872,486.2,shape,false,false,America/Puerto_Rico,3,00610,1630035667
Parcelas Nuevas,Parcelas Nuevas,Puerto Rico,72041,Cidra,18.14,-66.1702,863,518.5,shape,false,false,America/Puerto_Rico,3,00736 00739,1630035541
Villa Calma,Villa Calma,Puerto Rico,72137,Toa Baja,18.4428,-66.2321,848,2693.3,shape,false,false,America/Puerto_Rico,2,00949,1630151540
Santa María,Santa Maria,Puerto Rico,72037,Ceiba,18.271,-65.6623,831,717.2,shape,false,false,America/Puerto_Rico,3,00735,1630146341
Pastos,Pastos,Puerto Rico,72009,Aibonito,18.1194,-66.2601,830,627.4,shape,false,false,America/Puerto_Rico,3,00705,1630023599
Central Aguirre,Central Aguirre,Puerto Rico,72123,Salinas,17.9559,-66.2265,827,616.8,shape,false,false,America/Puerto_Rico,3,00704,1630035645
Voladoras Comunidad,Voladoras Comunidad,Puerto Rico,72099,Moca,18.3785,-67.0859,809,1152.5,shape,false,false,America/Puerto_Rico,3,00676,1630143406
Maguayo,Maguayo,Puerto Rico,72079,Lajas,18.01,-67.0855,802,703.7,shape,false,false,America/Puerto_Rico,3,00667,1630035707
Palo Seco,Palo Seco,Puerto Rico,72095,Maunabo,18.0093,-65.937,795,675.8,shape,false,false,America/Puerto_Rico,3,00707,1630035537
Villa Hugo II,Villa Hugo II,Puerto Rico,72029,Canóvanas,18.4,-65.8928,781,322.2,shape,false,false,America/Puerto_Rico,3,00729,1630152321
Bajandas,Bajandas,Puerto Rico,72069,Humacao,18.1601,-65.7831,777,463.9,shape,false,false,America/Puerto_Rico,3,00791,1630035616
Hato Arriba,Hato Arriba,Puerto Rico,72131,San Sebastián,18.352,-67.0336,775,377.0,shape,false,false,America/Puerto_Rico,3,00685,1630023636
Betances,Betances,Puerto Rico,72023,Cabo Rojo,18.0296,-67.1335,760,1216.3,shape,false,false,America/Puerto_Rico,3,00623,1630023606
Búfalo,Bufalo,Puerto Rico,72017,Barceloneta,18.4166,-66.5749,747,458.8,shape,false,false,America/Puerto_Rico,3,00617,1630023652
Cambalache,Cambalache,Puerto Rico,72029,Canóvanas,18.3577,-65.8841,737,193.6,shape,false,false,America/Puerto_Rico,3,00729,1630145082
Bairoa La Veinticinco,Bairoa La Veinticinco,Puerto Rico,72025,Caguas,18.2636,-66.0213,731,524.7,shape,false,true,America/Puerto_Rico,3,00725,1630025215
Rosa Sánchez,Rosa Sanchez,Puerto Rico,72151,Yabucoa,18.0617,-65.9136,723,480.6,shape,false,false,America/Puerto_Rico,3,00767,1630023681
Villa Hugo I,Villa Hugo I,Puerto Rico,72029,Canóvanas,18.3976,-65.8908,701,3275.3,shape,false,false,America/Puerto_Rico,2,00729,1630149260
Valle Hill,Valle Hill,Puerto Rico,72029,Canóvanas,18.3953,-65.894,697,3226.5,shape,false,false,America/Puerto_Rico,2,00729,1630149263
Las Croabas,Las Croabas,Puerto Rico,72053,Fajardo,18.3695,-65.6293,666,317.3,shape,false,false,America/Puerto_Rico,3,00738,1630027038
Quebrada,Quebrada,Puerto Rico,72027,Camuy,18.3602,-66.8353,666,998.1,shape,false,false,America/Puerto_Rico,3,00627,1630023552
Yaurel,Yaurel,Puerto Rico,72015,Arroyo,18.03,-66.056,646,210.0,shape,false,false,America/Puerto_Rico,3,00714,1630023594
Pajonal,Pajonal,Puerto Rico,72054,Florida,18.3847,-66.556,639,750.9,shape,false,false,America/Puerto_Rico,3,00650,1630023647
Moca,Moca,Puerto Rico,72099,Moca,18.3943,-67.1138,636,1576.2,shape,false,false,America/Puerto_Rico,3,00676,1630035522
Piñas,Pinas,Puerto Rico,72045,Comerío,18.1902,-66.2332,619,226.7,shape,false,false,America/Puerto_Rico,3,00782,1630126672
Vayas,Vayas,Puerto Rico,72113,Ponce,18.0541,-66.5858,606,721.3,shape,false,false,America/Puerto_Rico,3,00731,1630026088
Quebrada Prieta,Quebrada Prieta,Puerto Rico,72029,Canóvanas,18.2943,-65.9037,599,122.3,shape,false,false,America/Puerto_Rico,3,00729,1630149264
Rodríguez Hevia,Rodriguez Hevia,Puerto Rico,72041,Cidra,18.202,-66.1824,591,373.1,shape,false,false,America/Puerto_Rico,3,00703 00739,1630035700
La Liga,La Liga,Puerto Rico,72025,Caguas,18.2894,-66.0508,590,704.8,shape,false,true,America/Puerto_Rico,3,00725,1630025217
Cerrillos Hoyos,Cerrillos Hoyos,Puerto Rico,72113,Ponce,18.0656,-66.5687,590,489.7,shape,false,true,America/Puerto_Rico,3,00780,1630026087
Campanillas,Campanillas,Puerto Rico,72137,Toa Baja,18.4387,-66.2159,553,825.8,shape,false,false,America/Puerto_Rico,3,00949,1630151311
Mansión del Sol,Mansion del Sol,Puerto Rico,72137,Toa Baja,18.4371,-66.1937,492,751.5,shape,false,false,America/Puerto_Rico,3,00949,1630151537
Candelero Abajo,Candelero Abajo,Puerto Rico,72069,Humacao,18.0942,-65.8165,482,698.7,shape,false,true,America/Puerto_Rico,3,00791,1630025232
La Plena,La Plena,Puerto Rico,72123,Salinas,18.0411,-66.2064,465,92.0,shape,false,false,America/Puerto_Rico,3,00751,1630035497
El Veintiséis,El Veintiseis,Puerto Rico,72137,Toa Baja,18.4394,-66.2035,462,231.3,shape,false,false,America/Puerto_Rico,3,00952,1630151312
Santa Clara,Santa Clara,Puerto Rico,72007,Aguas Buenas,18.211,-66.132,438,1076.5,shape,false,false,America/Puerto_Rico,3,00703,1630023675
Isleta Comunidad,Isleta Comunidad,Puerto Rico,72099,Moca,18.3767,-67.1123,434,835.9,shape,false,false,America/Puerto_Rico,3,00676,1630126410
Parcelas Mandry,Parcelas Mandry,Puerto Rico,72113,Ponce,18.0811,-66.5627,423,805.2,shape,false,true,America/Puerto_Rico,3,00780,1630025229
Villa de Sabana,Villa de Sabana,Puerto Rico,72137,Toa Baja,18.4346,-66.1901,407,4811.8,shape,false,false,America/Puerto_Rico,2,00949,1630150458
Villa Quintero,Villa Quintero,Puerto Rico,72137,Toa Baja,18.4255,-66.235,405,1600.0,shape,false,false,America/Puerto_Rico,3,00949,1630149214
Las Gaviotas,Las Gaviotas,Puerto Rico,72137,Toa Baja,18.4368,-66.1907,398,4811.8,shape,false,false,America/Puerto_Rico,2,00949,1630142758
Anon Raices,Anon Raices,Puerto Rico,72113,Ponce,18.1389,-66.5856,362,330.0,shape,false,true,America/Puerto_Rico,3,00780,1630025223
El Combate,El Combate,Puerto Rico,72023,Cabo Rojo,17.9822,-67.2089,357,239.9,shape,false,false,America/Puerto_Rico,3,00622,1630035704
La Pica,La Pica,Puerto Rico,72027,Camuy,18.4652,-66.8619,346,510.6,shape,false,false,America/Puerto_Rico,3,00627,1630145084
La Yuca,La Yuca,Puerto Rico,72113,Ponce,18.0727,-66.6077,329,1335.9,shape,false,true,America/Puerto_Rico,3,00731,1630025227
Pueblito del Carmen,Pueblito del Carmen,Puerto Rico,72057,Guayama,18.0316,-66.1656,305,129.3,shape,false,true,America/Puerto_Rico,4,00784,1630027037
Lassalle Comunidad,Lassalle Comunidad,Puerto Rico,72099,Moca,18.3854,-67.0617,268,737.2,shape,false,false,America/Puerto_Rico,3,00676,1630142469
Los Panes,Los Panes,Puerto Rico,72025,Caguas,18.1848,-66.076,266,509.8,shape,false,true,America/Puerto_Rico,3,00727,1630025218
Canovanillas,Canovanillas,Puerto Rico,72029,Canóvanas,18.3345,-65.9039,264,150.3,shape,false,false,America/Puerto_Rico,3,00729,1630149262
Villa Esperanza,Villa Esperanza,Puerto Rico,72137,Toa Baja,18.4262,-66.2311,254,1490.6,shape,false,false,America/Puerto_Rico,3,00949,1630151541
Toaville,Toaville,Puerto Rico,72137,Toa Baja,18.4438,-66.2431,205,409.7,shape,false,false,America/Puerto_Rico,3,00949,1630151539
Tibes,Tibes,Puerto Rico,72113,Ponce,18.0886,-66.6333,176,69.8,shape,false,true,America/Puerto_Rico,4,00731,1630025231
Ferrer Comunidad,Ferrer Comunidad,Puerto Rico,72099,Moca,18.4054,-67.0671,102,427.4,shape,false,false,America/Puerto_Rico,3,00676,1630142470
Corral Viejo,Corral Viejo,Puerto Rico,72113,Ponce,18.0755,-66.6523,91,186.6,shape,false,false,America/Puerto_Rico,3,00731,1630025225
Calzada,Calzada,Puerto Rico,72113,Ponce,18.0054,-66.564,66,68.3,shape,false,false,America/Puerto_Rico,3,00715,1630035697
Villa Sin Miedo,Villa Sin Miedo,Puerto Rico,72029,Canóvanas,18.2565,-65.8728,35,245.7,shape,false,false,America/Puerto_Rico,3,00729,1630152320
Monte Verde,Monte Verde,Puerto Rico,72113,Ponce,18.0972,-66.6196,0,99.9,shape,false,true,America/Puerto_Rico,4,00731,1630025228
Villas del Sol,Villas del Sol,Puerto Rico,72137,Toa Baja,18.4487,-66.2298,0,2693.3,shape,false,false,America/Puerto_Rico,2,00949,1630150457
