Sioux Falls,Sioux Falls,South Dakota,46099,Minnehaha,43.5396,-96.7311,204484,926.0,shape,false,true,America/Chicago,2,57108 57104 57105 57106 57107 57103 57197 57110 57117 57101 57109 57186 57193,1840002648
Rapid City,Rapid City,South Dakota,46103,Pennington,44.0716,-103.2204,87826,530.3,shape,false,true,America/Denver,3,57702 57703 57701,1840002180
Aberdeen,Aberdeen,South Dakota,46013,Brown,45.4649,-98.4686,28388,663.6,shape,false,true,America/Chicago,3,57401,1840002032
Brookings,Brookings,South Dakota,46011,Brookings,44.3022,-96.7859,23530,668.9,shape,false,true,America/Chicago,3,57007 57006,1840002506
Watertown,Watertown,South Dakota,46029,Codington,44.9094,-97.1532,22718,477.6,shape,false,true,America/Chicago,3,57201,1840002156
Mitchell,Mitchell,South Dakota,46035,Davison,43.7294,-98.0337,15656,537.9,shape,false,true,America/Chicago,3,57301,1840002642
Yankton,Yankton,South Dakota,46135,Yankton,42.8901,-97.3927,15421,686.8,shape,false,true,America/Chicago,3,57078,1840003058
Huron,Huron,South Dakota,46005,Beadle,44.3623,-98.2094,14179,563.3,shape,false,true,America/Chicago,3,57350 57399,1840002373
Pierre,Pierre,South Dakota,46065,Hughes,44.3748,-100.3205,14105,418.0,shape,false,true,America/Chicago,2,57501,1840000313
Spearfish,Spearfish,South Dakota,46081,Lawrence,44.4909,-103.8155,12268,274.8,shape,false,true,America/Denver,3,57783 57799,1840002374
Box Elder,Box Elder,South Dakota,46103,Pennington,44.112,-103.0818,11905,311.6,shape,false,true,America/Denver,3,57706 57719,1840002183
Vermillion,Vermillion,South Dakota,46027,Clay,42.7811,-96.9256,11667,966.4,shape,false,true,America/Chicago,3,57069,1840003082
Brandon,Brandon,South Dakota,46099,Minnehaha,43.5928,-96.5799,10919,736.8,shape,false,true,America/Chicago,3,57005,1840002650
Rapid Valley,Rapid Valley,South Dakota,46103,Pennington,44.0674,-103.1223,7324,437.2,shape,false,false,America/Denver,3,57703,1840004098
Harrisburg,Harrisburg,South Dakota,46083,Lincoln,43.4324,-96.7041,7157,588.7,shape,false,true,America/Chicago,3,57108 57032,1840002845
Sturgis,Sturgis,South Dakota,46093,Meade,44.411,-103.4973,7121,428.2,shape,false,true,America/Denver,3,57785,1840002174
Madison,Madison,South Dakota,46079,Lake,44.0062,-97.1085,6271,524.6,shape,false,true,America/Chicago,3,57042,1840002540
Tea,Tea,South Dakota,46083,Lincoln,43.4564,-96.8257,5922,603.8,shape,false,true,America/Chicago,3,57106 57064,1840002841
Belle Fourche,Belle Fourche,South Dakota,46019,Butte,44.664,-103.8564,5670,247.3,shape,false,true,America/Denver,3,57717,1840002127
Dakota Dunes,Dakota Dunes,South Dakota,46127,Union,42.492,-96.487,3997,625.1,shape,false,false,America/Chicago,3,57049,1840026185
Dell Rapids,Dell Rapids,South Dakota,46099,Minnehaha,43.8244,-96.7143,3953,677.0,shape,false,true,America/Chicago,3,57022,1840000341
Milbank,Milbank,South Dakota,46051,Grant,45.2195,-96.6338,3506,487.9,shape,false,true,America/Chicago,3,57252,1840002099
Hot Springs,Hot Springs,South Dakota,46047,Fall River,43.4195,-103.4657,3465,308.3,shape,false,true,America/Denver,3,57747,1840002868
Hartford,Hartford,South Dakota,46099,Minnehaha,43.621,-96.9424,3340,422.7,shape,false,true,America/Chicago,2,57033,1840002653
Mobridge,Mobridge,South Dakota,46129,Walworth,45.5409,-100.4349,3130,616.6,shape,false,true,America/Chicago,3,57601,1840002090
Canton,Canton,South Dakota,46083,Lincoln,43.3032,-96.5848,3060,361.3,shape,false,true,America/Chicago,3,57013,1840002843
Lead,Lead,South Dakota,46081,Lawrence,44.3528,-103.7671,2993,561.4,shape,false,true,America/Denver,3,57754,1840002376
North Sioux City,North Sioux City,South Dakota,46127,Union,42.535,-96.4998,2984,429.7,shape,false,true,America/Chicago,3,57049,1840000388
Summerset,Summerset,South Dakota,46093,Meade,44.1912,-103.3394,2950,418.3,shape,false,true,America/Denver,3,57718 57769,1840008941
Blackhawk,Blackhawk,South Dakota,46093,Meade,44.1514,-103.334,2930,238.8,shape,false,false,America/Denver,3,57718,1840004031
Pine Ridge,Pine Ridge,South Dakota,46102,Oglala Lakota,43.027,-102.5524,2921,398.9,shape,false,false,America/Denver,3,57770,1840004201
Winner,Winner,South Dakota,46123,Tripp,43.3776,-99.8552,2905,489.4,shape,false,true,America/Chicago,3,57580,1840002682
Lennox,Lennox,South Dakota,46083,Lincoln,43.3495,-96.8937,2603,575.6,shape,false,true,America/Chicago,3,57039,1840002847
Sisseton,Sisseton,South Dakota,46109,Roberts,45.6625,-97.0454,2564,622.1,shape,false,true,America/Chicago,3,57262,1840002037
Chamberlain,Chamberlain,South Dakota,46015,Brule,43.7956,-99.3263,2538,218.8,shape,false,true,America/Chicago,3,57325 57326,1840000336
Fort Pierre,Fort Pierre,South Dakota,46117,Stanley,44.368,-100.3831,2522,312.2,shape,false,true,America/Denver,3,57532,1840002303
Beresford,Beresford,South Dakota,46127,Union,43.0797,-96.7803,2419,523.4,shape,false,true,America/Chicago,3,57004,1840003079
Colonial Pine Hills,Colonial Pine Hills,South Dakota,46103,Pennington,44.0141,-103.3146,2346,59.2,shape,false,false,America/Denver,3,57702,1840004100
Redfield,Redfield,South Dakota,46115,Spink,44.8725,-98.5187,2253,451.1,shape,false,true,America/Chicago,3,57469,1840002120
Flandreau,Flandreau,South Dakota,46101,Moody,44.0465,-96.5983,2246,466.5,shape,false,true,America/Chicago,3,57028,1840002534
Springfield,Springfield,South Dakota,46009,Bon Homme,42.8624,-97.8964,2216,829.9,shape,false,true,America/Chicago,3,57062,1840003064
Elk Point,Elk Point,South Dakota,46127,Union,42.6812,-96.6805,2177,542.8,shape,false,true,America/Chicago,3,57025,1840003080
Rosebud,Rosebud,South Dakota,46121,Todd,43.2398,-100.8229,2155,64.2,shape,false,false,America/Chicago,3,57570,1840004258
Custer,Custer,South Dakota,46033,Custer,43.7668,-103.6006,2043,311.7,shape,false,true,America/Denver,3,57730,1840000337
Volga,Volga,South Dakota,46011,Brookings,44.3219,-96.9219,2043,692.6,shape,false,true,America/Chicago,3,57071,1840002504
Parkston,Parkston,South Dakota,46067,Hutchinson,43.3929,-97.9864,2003,591.6,shape,false,true,America/Chicago,3,57366,1840000361
Webster,Webster,South Dakota,46037,Day,45.3366,-97.5219,1805,429.6,shape,false,true,America/Chicago,3,57274,1840001555
North Spearfish,North Spearfish,South Dakota,46081,Lawrence,44.5107,-103.9045,1791,161.4,shape,false,true,America/Denver,4,57783,1840073768
Groton,Groton,South Dakota,46013,Brown,45.4517,-98.1,1688,372.1,shape,false,true,America/Chicago,3,57445,1840002034
North Eagle Butte,North Eagle Butte,South Dakota,46041,Dewey,45.0172,-101.2362,1666,73.0,shape,false,false,America/Denver,3,57625,1840004020
Wagner,Wagner,South Dakota,46023,Charles Mix,43.0768,-98.2934,1621,331.1,shape,false,true,America/Chicago,3,57380,1840002850
Freeman,Freeman,South Dakota,46067,Hutchinson,43.3475,-97.4306,1580,409.8,shape,false,true,America/Chicago,3,57029,1840002859
Kyle,Kyle,South Dakota,46102,Oglala Lakota,43.4245,-102.1801,1504,393.8,shape,false,false,America/Denver,3,57752,1840004199
Crooks,Crooks,South Dakota,46099,Minnehaha,43.6592,-96.8094,1463,701.5,shape,false,true,America/Chicago,3,57020,1840000340
Oglala,Oglala,South Dakota,46102,Oglala Lakota,43.1849,-102.7268,1440,44.5,shape,false,false,America/Denver,3,57764,1840004200
Gettysburg,Gettysburg,South Dakota,46107,Potter,45.006,-99.9539,1440,289.5,shape,false,true,America/Chicago,3,57442,1840002114
Baltic,Baltic,South Dakota,46099,Minnehaha,43.7603,-96.7371,1440,753.2,shape,false,true,America/Chicago,3,57003,1840002651
Aurora,Aurora,South Dakota,46011,Brookings,44.2823,-96.6868,1429,907.5,shape,false,true,America/Chicago,3,57002,1840002509
Deadwood,Deadwood,South Dakota,46081,Lawrence,44.3871,-103.7207,1423,111.5,shape,false,true,America/Denver,3,57754 57732,1840000312
Eagle Butte,Eagle Butte,South Dakota,46137,Ziebach,44.9939,-101.231,1396,395.9,shape,false,true,America/Denver,3,57625,1840000275
Gregory,Gregory,South Dakota,46053,Gregory,43.23,-99.4208,1393,312.5,shape,false,true,America/Chicago,3,57533,1840002865
Green Valley,Green Valley,South Dakota,46103,Pennington,44.039,-103.1116,1353,136.2,shape,false,false,America/Denver,3,57703,1840004097
Clear Lake,Clear Lake,South Dakota,46039,Deuel,44.7644,-96.6768,1310,167.0,shape,false,true,America/Chicago,3,57226,1840000298
Platte,Platte,South Dakota,46023,Charles Mix,43.3869,-98.8435,1299,476.5,shape,false,true,America/Chicago,3,57369,1840002848
Miller,Miller,South Dakota,46059,Hand,44.5204,-98.9869,1293,504.2,shape,false,true,America/Chicago,3,57362,1840002281
Garretson,Garretson,South Dakota,46099,Minnehaha,43.7147,-96.5028,1259,333.9,shape,false,true,America/Chicago,3,57030,1840002652
Mission,Mission,South Dakota,46121,Todd,43.3063,-100.661,1256,826.2,shape,false,true,America/Chicago,3,57555,1840002894
Ashland Heights,Ashland Heights,South Dakota,46103,Pennington,44.1293,-103.1286,1215,161.1,shape,false,false,America/Denver,3,57701 57719,1840004099
Clark,Clark,South Dakota,46025,Clark,44.8809,-97.7348,1206,344.1,shape,false,true,America/Chicago,3,57225,1840000292
Piedmont,Piedmont,South Dakota,46093,Meade,44.2136,-103.3717,1198,295.8,shape,false,true,America/Denver,3,57769 57709,1840022340
Ipswich,Ipswich,South Dakota,46045,Edmunds,45.4435,-99.03,1170,337.0,shape,false,true,America/Chicago,3,57451,1840002093
Salem,Salem,South Dakota,46087,McCook,43.7229,-97.3893,1163,359.1,shape,false,true,America/Chicago,3,57058,1840002655
Fort Thompson,Fort Thompson,South Dakota,46017,Buffalo,44.0527,-99.4079,1157,43.0,shape,false,false,America/Chicago,3,57339,1840004143
Lemmon,Lemmon,South Dakota,46105,Perkins,45.9383,-102.1598,1118,393.3,shape,false,true,America/Denver,3,57638,1840002014
Parker,Parker,South Dakota,46125,Turner,43.3978,-97.1334,1111,365.9,shape,false,true,America/Chicago,3,57053,1840000358
Britton,Britton,South Dakota,46091,Marshall,45.7924,-97.7529,1108,587.6,shape,false,true,America/Chicago,3,57430,1840002042
Tyndall,Tyndall,South Dakota,46009,Bon Homme,42.9899,-97.8642,1047,256.2,shape,false,true,America/Chicago,3,57066,1840003066
Porcupine,Porcupine,South Dakota,46102,Oglala Lakota,43.2687,-102.3353,1021,41.1,shape,false,false,America/Denver,3,57772,1840004202
Martin,Martin,South Dakota,46007,Bennett,43.1749,-101.7323,998,687.0,shape,false,true,America/Denver,3,57551,1840002892
De Smet,De Smet,South Dakota,46077,Kingsbury,44.3862,-97.5496,990,330.0,shape,false,true,America/Chicago,3,57231,1840000314
Worthing,Worthing,South Dakota,46083,Lincoln,43.33,-96.7683,976,671.8,shape,false,true,America/Chicago,3,57077,1840002842
Alcester,Alcester,South Dakota,46127,Union,43.0278,-96.6268,973,511.9,shape,false,true,America/Chicago,3,57001,1840003078
Agency Village,Agency Village,South Dakota,46109,Roberts,45.5796,-97.0782,972,52.5,shape,false,true,America/Chicago,4,57262,1840040539
Valley Springs,Valley Springs,South Dakota,46099,Minnehaha,43.5824,-96.4656,963,377.6,shape,false,true,America/Chicago,3,57068,1840002649
Marion,Marion,South Dakota,46125,Turner,43.4236,-97.2605,954,424.5,shape,false,true,America/Chicago,3,57043,1840002856
Estelline,Estelline,South Dakota,46057,Hamlin,44.5768,-96.9011,952,388.8,shape,false,true,America/Chicago,3,57234,1840002299
Lake Andes,Lake Andes,South Dakota,46023,Charles Mix,43.156,-98.5361,945,489.1,shape,false,true,America/Chicago,3,57356,1840002852
Howard,Howard,South Dakota,46097,Miner,44.0117,-97.5246,930,372.1,shape,false,true,America/Chicago,3,57349,1840002545
Allen,Allen,South Dakota,46007,Bennett,43.2792,-101.9265,926,110.2,shape,false,false,America/Denver,3,57714,1840004256
Eureka,Eureka,South Dakota,46089,McPherson,45.7707,-99.6207,910,376.6,shape,false,true,America/Chicago,3,57437,1840002024
Lower Brule,Lower Brule,South Dakota,46085,Lyman,44.0742,-99.5838,892,331.5,shape,false,false,America/Chicago,3,57548,1840004142
Menno,Menno,South Dakota,46067,Hutchinson,43.2386,-97.5774,878,650.3,shape,false,true,America/Chicago,3,57045,1840002860
Whitewood,Whitewood,South Dakota,46081,Lawrence,44.4617,-103.6381,875,530.0,shape,false,true,America/Denver,3,57793,1840002375
Lake Madison,Lake Madison,South Dakota,46079,Lake,43.9593,-97.021,850,69.5,shape,false,true,America/Chicago,4,57075 57042,1840040554
Centerville,Centerville,South Dakota,46125,Turner,43.1165,-96.9596,846,454.0,shape,false,true,America/Chicago,3,57014,1840002854
Arlington,Arlington,South Dakota,46077,Kingsbury,44.3635,-97.1338,846,190.1,shape,false,true,America/Chicago,3,57212,1840002413
Alexandria,Alexandria,South Dakota,46061,Hanson,43.6541,-97.7798,839,519.5,shape,false,true,America/Chicago,3,57311,1840002643
Colman,Colman,South Dakota,46101,Moody,43.9835,-96.8148,838,171.8,shape,false,true,America/Chicago,3,57017,1840000324
Edgemont,Edgemont,South Dakota,46047,Fall River,43.2973,-103.8323,827,231.0,shape,false,true,America/Denver,3,57735,1840002867
Mina,Mina,South Dakota,46045,Edmunds,45.4521,-98.7414,817,83.4,shape,false,false,America/Chicago,3,57451,1840030688
Elkton,Elkton,South Dakota,46011,Brookings,44.2351,-96.4794,815,210.7,shape,false,true,America/Chicago,3,57026,1840002510
Wonderland Homes,Wonderland Homes,South Dakota,46093,Meade,44.2029,-103.3433,781,561.1,shape,false,false,America/Denver,3,57718,1840150324
Scotland,Scotland,South Dakota,46009,Bon Homme,43.1481,-97.7199,780,336.3,shape,false,true,America/Chicago,3,57059,1840003063
Viborg,Viborg,South Dakota,46125,Turner,43.1722,-97.0824,770,573.0,shape,false,true,America/Chicago,3,57070,1840002853
Big Stone City,Big Stone City,South Dakota,46051,Grant,45.2985,-96.4657,769,247.9,shape,false,true,America/Chicago,3,57216,1840006730
Colton,Colton,South Dakota,46099,Minnehaha,43.7871,-96.928,769,423.4,shape,false,true,America/Chicago,3,57018,1840000339
Highmore,Highmore,South Dakota,46069,Hyde,44.5214,-99.4394,764,156.5,shape,false,true,America/Chicago,3,57345,1840002278
Bryant,Bryant,South Dakota,46057,Hamlin,44.5899,-97.4673,749,552.2,shape,false,true,America/Chicago,3,57221,1840002297
Wolsey,Wolsey,South Dakota,46005,Beadle,44.4105,-98.4738,745,127.0,shape,false,true,America/Chicago,3,57384,1840002369
Lake Norden,Lake Norden,South Dakota,46057,Hamlin,44.5799,-97.2109,740,327.6,shape,false,true,America/Chicago,3,57248,1840002302
Woonsocket,Woonsocket,South Dakota,46111,Sanborn,44.0541,-98.2724,710,349.6,shape,false,true,America/Chicago,3,57385,1840002535
Avon,Avon,South Dakota,46009,Bon Homme,43.0052,-98.0593,707,421.2,shape,false,true,America/Chicago,3,57315,1840003067
Antelope,Antelope,South Dakota,46121,Todd,43.3087,-100.6306,701,118.4,shape,false,false,America/Chicago,3,57555,1840004261
Selby,Selby,South Dakota,46129,Walworth,45.5057,-100.0329,695,376.9,shape,false,true,America/Chicago,3,57472,1840002085
Corsica,Corsica,South Dakota,46043,Douglas,43.4223,-98.4073,691,318.8,shape,false,true,America/Chicago,3,57328,1840000362
Castlewood,Castlewood,South Dakota,46057,Hamlin,44.7242,-97.0309,690,231.6,shape,false,true,America/Chicago,3,57223,1840002298
Burke,Burke,South Dakota,46053,Gregory,43.1827,-99.2923,685,473.0,shape,false,true,America/Chicago,3,57523,1840002862
White River,White River,South Dakota,46095,Mellette,43.5671,-100.7449,681,504.8,shape,false,true,America/Chicago,3,57579,1840002630
Faulkton,Faulkton,South Dakota,46049,Faulk,45.0342,-99.1266,672,256.1,shape,false,true,America/Chicago,3,57438,1840002119
Canistota,Canistota,South Dakota,46087,McCook,43.5978,-97.2926,670,461.4,shape,false,true,America/Chicago,3,57012,1840002658
Wanblee,Wanblee,South Dakota,46071,Jackson,43.5705,-101.6614,661,126.8,shape,false,false,America/Denver,3,57577,1840006816
Wessington Springs,Wessington Springs,South Dakota,46073,Jerauld,44.0805,-98.5712,659,141.2,shape,false,true,America/Chicago,3,57382,1840002528
Johnson Siding,Johnson Siding,South Dakota,46103,Pennington,44.0846,-103.438,658,68.0,shape,false,false,America/Denver,3,57702,1840026124
Wall,Wall,South Dakota,46103,Pennington,43.9914,-102.2422,650,95.4,shape,false,true,America/Denver,3,57790,1840002181
Armour,Armour,South Dakota,46043,Douglas,43.319,-98.3448,642,262.5,shape,false,true,America/Chicago,3,57313,1840002861
Manderson-White Horse Creek,Manderson-White Horse Creek,South Dakota,46102,Oglala Lakota,43.235,-102.4916,641,43.2,shape,false,true,America/Denver,4,57756,1840035310
Murdo,Murdo,South Dakota,46075,Jones,43.8893,-100.7142,638,391.4,shape,false,true,America/Chicago,3,57559,1840000331
Meadow View Addition,Meadow View Addition,South Dakota,46099,Minnehaha,43.6233,-96.7023,634,226.3,shape,false,false,America/Chicago,3,57104,1840024016
Jefferson,Jefferson,South Dakota,46127,Union,42.6043,-96.5661,631,477.3,shape,false,true,America/Chicago,3,57038,1840003081
Hill City,Hill City,South Dakota,46103,Pennington,43.9337,-103.5694,630,185.4,shape,false,true,America/Denver,3,57745,1840002184
Timber Lake,Timber Lake,South Dakota,46041,Dewey,45.4294,-101.0715,627,396.4,shape,false,true,America/Denver,3,57656,1840001563
St. Francis,St. Francis,South Dakota,46121,Todd,43.1426,-100.9028,626,627.6,shape,false,true,America/Chicago,3,57572,1840002893
Humboldt,Humboldt,South Dakota,46099,Minnehaha,43.6447,-97.0745,619,386.1,shape,false,true,America/Chicago,3,57035,1840002654
Blucksberg Mountain,Blucksberg Mountain,South Dakota,46093,Meade,44.3593,-103.4538,619,357.5,shape,false,true,America/Denver,3,57785,1840040547
McLaughlin,McLaughlin,South Dakota,46031,Corson,45.8132,-100.8108,614,586.4,shape,false,true,America/Denver,3,57642,1840002016
Plankinton,Plankinton,South Dakota,46003,Aurora,43.7155,-98.4837,606,306.5,shape,false,true,America/Chicago,3,57368,1840002612
Onida,Onida,South Dakota,46119,Sully,44.7049,-100.0675,586,336.6,shape,false,true,America/Chicago,3,57564,1840000299
Shindler,Shindler,South Dakota,46083,Lincoln,43.4676,-96.6354,585,150.4,shape,false,false,America/Chicago,3,57108 57032,1840024043
New Underwood,New Underwood,South Dakota,46103,Pennington,44.0987,-102.8405,574,151.9,shape,false,true,America/Denver,3,57761,1840000318
Herreid,Herreid,South Dakota,46021,Campbell,45.8378,-100.0748,568,152.9,shape,false,true,America/Chicago,3,57632,1840002022
Kimball,Kimball,South Dakota,46015,Brule,43.7468,-98.9569,565,63.5,shape,false,true,America/Chicago,3,57355,1840002616
Boulder Canyon,Boulder Canyon,South Dakota,46081,Lawrence,44.3971,-103.6046,565,71.3,shape,false,false,America/Denver,3,57785,1840150323
Lake Preston,Lake Preston,South Dakota,46077,Kingsbury,44.3617,-97.376,548,278.7,shape,false,true,America/Chicago,3,57249,1840002502
Montrose,Montrose,South Dakota,46087,McCook,43.6999,-97.1844,543,497.4,shape,false,true,America/Chicago,3,57048,1840002659
Tripp,Tripp,South Dakota,46067,Hutchinson,43.2254,-97.9659,533,346.9,shape,false,true,America/Chicago,3,57376,1840002858
West Brule,West Brule,South Dakota,46085,Lyman,44.0727,-99.6383,531,173.6,shape,false,false,America/Chicago,3,57548,1840149505
Irene,Irene,South Dakota,46125,Turner,43.0837,-97.1576,513,244.0,shape,false,true,America/Chicago,3,57037,1840003060
Philip,Philip,South Dakota,46055,Haakon,44.0407,-101.6645,503,326.8,shape,false,true,America/Denver,3,57567,1840000301
Langford,Langford,South Dakota,46091,Marshall,45.6024,-97.8303,496,352.6,shape,false,true,America/Chicago,3,57454,1840002045
Emery,Emery,South Dakota,46061,Hanson,43.602,-97.6195,492,415.7,shape,false,true,America/Chicago,3,57332,1840002644
Newell,Newell,South Dakota,46019,Butte,44.7174,-103.4183,489,186.5,shape,false,true,America/Denver,3,57760,1840000289
Mount Vernon,Mount Vernon,South Dakota,46035,Davison,43.7127,-98.2612,483,466.7,shape,false,true,America/Chicago,3,57363,1840000338
Mountain Plains,Mountain Plains,South Dakota,46081,Lawrence,44.467,-103.8636,481,116.5,shape,false,false,America/Denver,3,57783,1840144326
White,White,South Dakota,46011,Brookings,44.4359,-96.646,478,211.3,shape,false,true,America/Chicago,3,57276,1840002505
Veblen,Veblen,South Dakota,46091,Marshall,45.862,-97.2869,472,777.6,shape,false,true,America/Chicago,3,57270,1840002041
Dupree,Dupree,South Dakota,46137,Ziebach,45.0495,-101.6013,470,463.0,shape,false,true,America/Denver,3,57623,1840000276
Hudson,Hudson,South Dakota,46083,Lincoln,43.1301,-96.4556,461,507.2,shape,false,true,America/Chicago,3,57034,1840002846
Warner,Warner,South Dakota,46013,Brown,45.3252,-98.4952,457,320.4,shape,false,true,America/Chicago,3,57479,1840002030
Kadoka,Kadoka,South Dakota,46071,Jackson,43.8325,-101.5081,441,74.5,shape,false,true,America/Denver,3,57543,1840002587
Lake Poinsett,Lake Poinsett,South Dakota,46057,Hamlin,44.5664,-97.0798,438,34.6,shape,false,true,America/Chicago,4,57234 57212,1840040570
Parmelee,Parmelee,South Dakota,46121,Todd,43.3241,-101.041,434,29.3,shape,false,false,America/Chicago,3,57566,1840004257
Iroquois,Iroquois,South Dakota,46077,Kingsbury,44.3679,-97.8495,423,263.2,shape,false,true,America/Chicago,3,57353,1840002501
Gayville,Gayville,South Dakota,46135,Yankton,42.8889,-97.1738,420,454.6,shape,false,true,America/Chicago,3,57031,1840003059
Anderson,Anderson,South Dakota,46099,Minnehaha,43.5194,-96.6141,418,210.8,shape,false,true,America/Chicago,3,57110,1840040544
Bison,Bison,South Dakota,46105,Perkins,45.5235,-102.4677,417,162.1,shape,false,true,America/Denver,3,57620,1840002013
Wilmot,Wilmot,South Dakota,46109,Roberts,45.4091,-96.8546,416,301.4,shape,false,true,America/Chicago,3,57279,1840002040
Waubay,Waubay,South Dakota,46037,Day,45.3345,-97.3055,411,109.0,shape,false,true,America/Chicago,3,57273,1840002095
Prairiewood Village,Prairiewood Village,South Dakota,46013,Brown,45.5094,-98.4194,411,269.1,shape,false,false,America/Chicago,3,57401,1840144442
Alpena,Alpena,South Dakota,46073,Jerauld,44.1829,-98.3683,407,96.4,shape,false,true,America/Chicago,3,57312,1840002529
Oacoma,Oacoma,South Dakota,46085,Lyman,43.8038,-99.3721,406,60.2,shape,false,true,America/Chicago,3,57365,1840000323
Tabor,Tabor,South Dakota,46009,Bon Homme,42.9476,-97.6594,405,212.4,shape,false,true,America/Chicago,3,57063,1840003065
White Lake,White Lake,South Dakota,46003,Aurora,43.7283,-98.712,404,385.3,shape,false,true,America/Chicago,3,57383,1840002614
Bridgewater,Bridgewater,South Dakota,46087,McCook,43.5502,-97.4984,402,137.9,shape,false,true,America/Chicago,3,57319,1840002657
Colome,Colome,South Dakota,46123,Tripp,43.2599,-99.7174,399,243.8,shape,false,true,America/Chicago,3,57528,1840000346
Oahe Acres,Oahe Acres,South Dakota,46065,Hughes,44.4648,-100.3449,395,115.5,shape,false,false,America/Chicago,3,57501,1840152053
Hurley,Hurley,South Dakota,46125,Turner,43.2794,-97.0894,393,246.5,shape,false,true,America/Chicago,3,57036,1840002855
Wakonda,Wakonda,South Dakota,46027,Clay,43.0081,-97.106,387,260.4,shape,false,true,America/Chicago,3,57073,1840003083
Keystone,Keystone,South Dakota,46103,Pennington,43.8949,-103.4268,385,49.6,shape,false,true,America/Denver,3,57751,1840002185
Wounded Knee,Wounded Knee,South Dakota,46102,Oglala Lakota,43.1435,-102.3681,378,136.4,shape,false,false,America/Denver,3,57794,1840006845
Kennebec,Kennebec,South Dakota,46085,Lyman,43.9035,-99.8619,369,167.0,shape,false,true,America/Chicago,3,57544,1840002527
Hayti,Hayti,South Dakota,46057,Hamlin,44.658,-97.2049,369,360.4,shape,false,true,America/Chicago,3,57241,1840002300
Long Hollow,Long Hollow,South Dakota,46109,Roberts,45.6823,-97.1611,364,9.7,shape,false,true,America/Chicago,4,57262,1840040574
Bowdle,Bowdle,South Dakota,46045,Edmunds,45.4512,-99.6565,364,219.4,shape,false,true,America/Chicago,3,57428,1840000273
Willow Lake,Willow Lake,South Dakota,46025,Clark,44.6279,-97.6386,360,253.1,shape,false,true,America/Chicago,3,57278,1840002151
Hermosa,Hermosa,South Dakota,46033,Custer,43.8399,-103.193,360,289.3,shape,false,true,America/Denver,3,57744,1840002640
Leola,Leola,South Dakota,46089,McPherson,45.7212,-98.9386,359,186.8,shape,false,true,America/Chicago,3,57456,1840002026
Chancellor,Chancellor,South Dakota,46125,Turner,43.3719,-96.9875,354,344.9,shape,false,true,America/Chicago,3,57015,1840000355
Rosholt,Rosholt,South Dakota,46109,Roberts,45.8662,-96.7318,353,328.2,shape,false,true,America/Chicago,3,57260,1840002036
Little Eagle,Little Eagle,South Dakota,46031,Corson,45.6832,-100.7966,343,94.7,shape,false,false,America/Denver,3,57639,1840004014
Summit,Summit,South Dakota,46109,Roberts,45.3056,-97.0391,341,240.3,shape,false,true,America/Chicago,3,57266,1840002038
Presho,Presho,South Dakota,46085,Lyman,43.9071,-100.0583,338,194.4,shape,false,true,America/Chicago,3,57568,1840002525
Bonesteel,Bonesteel,South Dakota,46053,Gregory,43.0775,-98.9467,336,289.2,shape,false,true,America/Chicago,3,57317,1840002863
Trent,Trent,South Dakota,46101,Moody,43.9063,-96.6578,332,123.0,shape,false,true,America/Chicago,3,57065,1840002531
Roscoe,Roscoe,South Dakota,46045,Edmunds,45.4501,-99.3367,329,367.9,shape,false,true,America/Chicago,3,57471,1840002091
Buffalo,Buffalo,South Dakota,46063,Harding,45.5863,-103.5434,328,228.7,shape,false,true,America/Denver,3,57720,1840002018
Two Strike,Two Strike,South Dakota,46121,Todd,43.2141,-100.8988,327,6.8,shape,false,false,America/Chicago,3,57570,1840004260
Toronto,Toronto,South Dakota,46039,Deuel,44.5724,-96.6414,320,98.4,shape,false,true,America/Chicago,3,57268,1840002271
Hoven,Hoven,South Dakota,46107,Potter,45.2416,-99.7775,317,273.8,shape,false,true,America/Chicago,3,57450,1840002115
Enemy Swim,Enemy Swim,South Dakota,46037,Day,45.4319,-97.2868,304,125.6,shape,false,false,America/Chicago,3,57273,1840147268
Faith,Faith,South Dakota,46093,Meade,45.0258,-102.0363,304,97.9,shape,false,true,America/Denver,3,57626,1840002175
La Plant,La Plant,South Dakota,46041,Dewey,45.1353,-100.6648,300,12.3,shape,false,false,America/Denver,3,57652,1840004019
Florence,Florence,South Dakota,46029,Codington,45.0548,-97.3263,299,166.6,shape,false,true,America/Chicago,3,57235,1840002157
Pukwana,Pukwana,South Dakota,46015,Brule,43.7792,-99.1843,293,147.6,shape,false,true,America/Chicago,3,57370,1840002615
Soldier Creek,Soldier Creek,South Dakota,46121,Todd,43.3237,-100.8883,286,9.0,shape,false,false,America/Chicago,3,57555,1840024046
Pine Lakes Addition,Pine Lakes Addition,South Dakota,46099,Minnehaha,43.551,-96.6355,285,358.5,shape,false,false,America/Chicago,3,57110,1840024017
Ramona,Ramona,South Dakota,46079,Lake,44.1199,-97.2154,284,96.4,shape,false,true,America/Chicago,3,57054,1840002538
Doland,Doland,South Dakota,46115,Spink,44.8944,-98.0997,282,185.0,shape,false,true,America/Chicago,3,57436,1840000287
Pickstown,Pickstown,South Dakota,46023,Charles Mix,43.0671,-98.5295,274,173.0,shape,false,true,America/Chicago,3,57367,1840000354
Hosmer,Hosmer,South Dakota,46045,Edmunds,45.5788,-99.4736,273,106.6,shape,false,true,America/Chicago,3,57448,1840002092
Ethan,Ethan,South Dakota,46035,Davison,43.5463,-97.9834,269,254.7,shape,false,true,America/Chicago,3,57334,1840002641
Renner Corner,Renner Corner,South Dakota,46099,Minnehaha,43.6524,-96.7044,258,77.4,shape,false,false,America/Chicago,3,57055 57104,1840024018
Hecla,Hecla,South Dakota,46013,Brown,45.8822,-98.152,257,158.5,shape,false,true,America/Chicago,3,57446,1840002035
Bruce,Bruce,South Dakota,46011,Brookings,44.4378,-96.8906,254,208.8,shape,false,true,America/Chicago,3,57220,1840002507
Bullhead,Bullhead,South Dakota,46031,Corson,45.7693,-101.0809,250,32.0,shape,false,false,America/Denver,3,57621,1840004015
Gary,Gary,South Dakota,46039,Deuel,44.7941,-96.4574,249,128.5,shape,false,true,America/Chicago,3,57237,1840002275
Stickney,Stickney,South Dakota,46003,Aurora,43.5894,-98.4376,245,280.2,shape,false,true,America/Chicago,3,57375,1840002613
Bristol,Bristol,South Dakota,46037,Day,45.3466,-97.7485,240,177.5,shape,false,true,America/Chicago,3,57219,1840001556
Nisland,Nisland,South Dakota,46019,Butte,44.6731,-103.5538,239,267.4,shape,false,true,America/Denver,3,57762,1840000290
Henry,Henry,South Dakota,46029,Codington,44.8809,-97.4616,238,63.3,shape,false,true,America/Chicago,3,57243,1840002158
Chester,Chester,South Dakota,46079,Lake,43.8996,-96.9277,237,112.1,shape,false,false,America/Chicago,3,57016,1840023999
Wakpala,Wakpala,South Dakota,46031,Corson,45.6594,-100.5355,237,208.9,shape,false,false,America/Denver,3,57658,1840035911
Pollock,Pollock,South Dakota,46021,Campbell,45.9005,-100.2885,234,226.7,shape,false,true,America/Chicago,3,57648,1840002020
Cherry Creek,Cherry Creek,South Dakota,46137,Ziebach,44.6048,-101.4996,233,146.6,shape,false,false,America/Denver,3,57622,1840035864
Egan,Egan,South Dakota,46101,Moody,44.0004,-96.6485,232,83.9,shape,false,true,America/Chicago,3,57024,1840002533
Sicangu Village,Sicangu Village,South Dakota,46121,Todd,43.0137,-100.5757,232,7.4,shape,false,false,America/Chicago,3,69201,1840144414
South Shore,South Shore,South Dakota,46029,Codington,45.1016,-96.93,226,62.5,shape,false,true,America/Chicago,3,57263,1840002154
Brant Lake South,Brant Lake South,South Dakota,46079,Lake,43.9139,-96.938,223,163.9,shape,false,true,America/Chicago,4,57016,1840143096
Pringle,Pringle,South Dakota,46033,Custer,43.609,-103.5946,221,102.5,shape,false,true,America/Denver,3,57773,1840002637
Blunt,Blunt,South Dakota,46065,Hughes,44.5159,-99.9885,218,172.8,shape,false,true,America/Chicago,3,57522,1840002411
Frederick,Frederick,South Dakota,46013,Brown,45.8319,-98.5067,217,61.9,shape,false,true,America/Chicago,3,57441,1840002033
Yale,Yale,South Dakota,46005,Beadle,44.4337,-97.9885,214,97.2,shape,false,true,America/Chicago,3,57386,1840002370
Oelrichs,Oelrichs,South Dakota,46047,Fall River,43.182,-103.2334,213,93.7,shape,false,true,America/Denver,3,57763,1840000365
Mission Hill,Mission Hill,South Dakota,46135,Yankton,42.9208,-97.2791,212,241.2,shape,false,true,America/Chicago,3,57046,1840003062
Kranzburg,Kranzburg,South Dakota,46029,Codington,44.8888,-96.9092,211,106.7,shape,false,true,America/Chicago,3,57245 57238,1840002159
Delmont,Delmont,South Dakota,46043,Douglas,43.2666,-98.1592,211,106.8,shape,false,true,America/Chicago,3,57330,1840000363
Monroe,Monroe,South Dakota,46125,Turner,43.4865,-97.2166,211,147.0,shape,false,true,America/Chicago,3,57047,1840002857
New Effington,New Effington,South Dakota,46109,Roberts,45.8558,-96.9174,209,247.6,shape,false,true,America/Chicago,3,57255,1840000265
Horse Creek,Horse Creek,South Dakota,46095,Mellette,43.533,-100.7419,207,84.1,shape,false,false,America/Chicago,3,57579,1840148251
Glendale Colony,Glendale Colony,South Dakota,46115,Spink,44.7979,-98.2868,203,163.7,shape,false,false,America/Chicago,3,57440,1840107801
Wessington,Wessington,South Dakota,46005,Beadle,44.4552,-98.6967,203,193.9,shape,false,true,America/Chicago,3,57381,1840002368
Marty,Marty,South Dakota,46023,Charles Mix,42.9965,-98.4302,197,23.6,shape,false,false,America/Chicago,3,57361 57356,1840004230
Tulare,Tulare,South Dakota,46115,Spink,44.7382,-98.5089,193,125.9,shape,false,true,America/Chicago,3,57476,1840002121
Artesian,Artesian,South Dakota,46111,Sanborn,44.0079,-97.9237,190,132.4,shape,false,true,America/Chicago,3,57314,1840002536
Isabel,Isabel,South Dakota,46041,Dewey,45.3939,-101.4325,188,85.9,shape,false,true,America/Denver,3,57633,1840001564
Cavour,Cavour,South Dakota,46005,Beadle,44.3693,-98.042,186,175.1,shape,false,true,America/Chicago,3,57324,1840002371
Corn Creek,Corn Creek,South Dakota,46095,Mellette,43.5744,-101.2059,183,34.8,shape,false,false,America/Chicago,3,57521 57560,1840024013
Roslyn,Roslyn,South Dakota,46037,Day,45.4966,-97.4928,183,148.6,shape,false,true,America/Chicago,3,57261,1840002094
Swift Bird,Swift Bird,South Dakota,46041,Dewey,45.0601,-100.3545,179,140.9,shape,false,false,America/Denver,3,57442,1840150786
Kenel,Kenel,South Dakota,46031,Corson,45.8545,-100.4592,176,69.3,shape,false,false,America/Denver,3,57642,1840035872
Mellette,Mellette,South Dakota,46115,Spink,45.1544,-98.4983,176,196.5,shape,false,true,America/Chicago,3,57461,1840002126
Wentworth,Wentworth,South Dakota,46079,Lake,43.997,-96.9645,175,236.4,shape,false,true,America/Chicago,3,57075,1840002539
Sinai,Sinai,South Dakota,46011,Brookings,44.2445,-97.044,174,156.0,shape,false,true,America/Chicago,3,57061,1840002503
Columbia,Columbia,South Dakota,46013,Brown,45.6148,-98.3107,173,44.0,shape,false,true,America/Chicago,3,57433,1840000262
Eden,Eden,South Dakota,46091,Marshall,45.6168,-97.4196,173,26.5,shape,false,true,America/Chicago,3,57232,1840002043
St. Lawrence,St. Lawrence,South Dakota,46059,Hand,44.5166,-98.9379,173,108.3,shape,false,true,America/Chicago,3,57373,1840002280
Astoria,Astoria,South Dakota,46039,Deuel,44.5577,-96.5465,171,161.9,shape,false,true,America/Chicago,3,57213,1840002274
Badger,Badger,South Dakota,46077,Kingsbury,44.4855,-97.2079,168,61.2,shape,false,true,America/Chicago,3,57214,1840002414
Richland,Richland,South Dakota,46127,Union,42.7634,-96.648,168,11.5,shape,false,false,America/Chicago,3,57025,1840026186
Ashton,Ashton,South Dakota,46115,Spink,44.9931,-98.4991,163,143.7,shape,false,true,America/Chicago,3,57424,1840002124
Northville,Northville,South Dakota,46115,Spink,45.1554,-98.5793,159,142.8,shape,false,true,America/Chicago,3,57465,1840000288
Spring Creek,Spring Creek,South Dakota,46121,Todd,43.1154,-101.0306,159,5.9,shape,false,false,America/Chicago,3,57572,1840004259
Norris,Norris,South Dakota,46095,Mellette,43.4721,-101.1928,155,72.1,shape,false,false,America/Chicago,3,57560,1840024014
Carthage,Carthage,South Dakota,46097,Miner,44.1686,-97.715,153,40.5,shape,false,true,America/Chicago,3,57323,1840002544
Volin,Volin,South Dakota,46135,Yankton,42.9586,-97.1812,153,106.1,shape,false,true,America/Chicago,3,57072,1840003057
Java,Java,South Dakota,46129,Walworth,45.5038,-99.8839,147,115.4,shape,false,true,America/Chicago,3,57452,1840002088
Letcher,Letcher,South Dakota,46111,Sanborn,43.8995,-98.1442,147,92.2,shape,false,true,America/Chicago,3,57359,1840002537
Whitehorse,Whitehorse,South Dakota,46041,Dewey,45.2746,-100.9012,147,20.7,shape,false,false,America/Denver,3,57661,1840006702
Peever,Peever,South Dakota,46109,Roberts,45.5422,-96.956,146,106.5,shape,false,true,America/Chicago,3,57257,1840000267
Canova,Canova,South Dakota,46097,Miner,43.8813,-97.504,145,77.2,shape,false,true,America/Chicago,3,57321,1840002543
Midland,Midland,South Dakota,46055,Haakon,44.0711,-101.1554,138,105.6,shape,false,true,America/Denver,3,57552,1840002309
Geddes,Geddes,South Dakota,46023,Charles Mix,43.254,-98.6974,138,73.1,shape,false,true,America/Chicago,3,57342,1840002851
Fairfax,Fairfax,South Dakota,46053,Gregory,43.0281,-98.889,135,113.5,shape,false,true,America/Chicago,3,57335,1840002864
Hazel,Hazel,South Dakota,46057,Hamlin,44.7582,-97.381,135,2.9,shape,false,true,America/Chicago,3,57242,1840002301
Frankfort,Frankfort,South Dakota,46115,Spink,44.8777,-98.3092,130,63.7,shape,false,true,America/Chicago,3,57440,1840002125
Conde,Conde,South Dakota,46115,Spink,45.1573,-98.0955,129,88.5,shape,false,true,America/Chicago,3,57434,1840000286
Pierpont,Pierpont,South Dakota,46037,Day,45.4953,-97.8321,127,120.5,shape,false,true,America/Chicago,3,57468,1840000274
Crook City,Crook City,South Dakota,46081,Lawrence,44.4381,-103.6434,127,54.1,shape,false,false,America/Denver,3,57793,1840108043
Fruitdale,Fruitdale,South Dakota,46019,Butte,44.6692,-103.6955,127,90.9,shape,false,true,America/Denver,3,57717,1840002128
Brandt,Brandt,South Dakota,46039,Deuel,44.6669,-96.6252,125,38.2,shape,false,true,America/Chicago,3,57218,1840002272
Spring Creek Colony,Spring Creek Colony,South Dakota,46089,McPherson,45.9077,-98.8806,125,1.9,shape,false,false,America/Chicago,4,58439,1840107849
Central City,Central City,South Dakota,46081,Lawrence,44.3685,-103.7706,125,164.6,shape,false,true,America/Denver,3,57754,1840000311
Cresbard,Cresbard,South Dakota,46049,Faulk,45.1692,-98.9477,124,115.5,shape,false,true,America/Chicago,3,57435,1840000283
Stockholm,Stockholm,South Dakota,46051,Grant,45.1018,-96.7998,124,110.5,shape,false,true,America/Chicago,3,57264,1840001585
Buffalo Gap,Buffalo Gap,South Dakota,46033,Custer,43.4921,-103.3154,123,140.9,shape,false,true,America/Denver,3,57722,1840002638
Davis,Davis,South Dakota,46125,Turner,43.2595,-96.9945,119,106.9,shape,false,true,America/Chicago,3,57021,1840000356
Angostura,Angostura,South Dakota,46047,Fall River,43.3192,-103.386,118,3.6,shape,false,false,America/Denver,3,57747,1840151377
Spencer,Spencer,South Dakota,46087,McCook,43.7273,-97.5911,112,104.2,shape,false,true,America/Chicago,3,57374,1840002656
Reliance,Reliance,South Dakota,46085,Lyman,43.88,-99.6018,112,39.8,shape,false,true,America/Chicago,3,57569,1840002526
Glenham,Glenham,South Dakota,46129,Walworth,45.533,-100.2711,111,43.1,shape,false,true,America/Chicago,3,57631,1840002087
Revillo,Revillo,South Dakota,46051,Grant,45.0154,-96.5712,110,108.0,shape,false,true,America/Chicago,3,57259,1840001584
Okreek,Okreek,South Dakota,46121,Todd,43.3533,-100.3826,110,3.7,shape,false,false,America/Chicago,3,57580 57563,1840024045
Oldham,Oldham,South Dakota,46077,Kingsbury,44.2281,-97.3096,110,149.7,shape,false,true,America/Chicago,3,57051,1840000315
Lesterville,Lesterville,South Dakota,46135,Yankton,43.0385,-97.5905,109,117.2,shape,false,true,America/Chicago,3,57040,1840003061
Peever Flats,Peever Flats,South Dakota,46109,Roberts,45.5234,-96.9356,107,123.4,shape,false,false,America/Chicago,3,57257,1840148253
Golden View Colony,Golden View Colony,South Dakota,46087,McCook,43.6954,-97.4487,107,42.9,shape,false,false,America/Chicago,3,57058,1840149500
Vienna,Vienna,South Dakota,46025,Clark,44.7031,-97.5,107,49.1,shape,false,true,America/Chicago,3,57271,1840002150
Rowena,Rowena,South Dakota,46099,Minnehaha,43.5191,-96.5561,105,75.9,shape,false,false,America/Chicago,3,57005,1840035899
Dallas,Dallas,South Dakota,46053,Gregory,43.2379,-99.5175,103,78.5,shape,false,true,America/Chicago,3,57529,1840000364
Harrold,Harrold,South Dakota,46065,Hughes,44.5258,-99.7416,102,95.6,shape,false,true,America/Chicago,3,57536,1840002412
Dante,Dante,South Dakota,46023,Charles Mix,43.0399,-98.1856,102,78.9,shape,false,true,America/Chicago,3,57329,1840000353
Hitchcock,Hitchcock,South Dakota,46005,Beadle,44.6294,-98.4082,102,26.2,shape,false,true,America/Chicago,3,57348,1840002372
Clear Lake,Clear Lake,South Dakota,46091,Marshall,45.6933,-97.3572,100,39.5,shape,false,false,America/Chicago,3,57247,1840153137
Belvidere,Belvidere,South Dakota,46071,Jackson,43.8321,-101.2711,97,49.3,shape,false,true,America/Denver,3,57521,1840002585
Agar,Agar,South Dakota,46119,Sully,44.8397,-100.0732,97,94.9,shape,false,true,America/Chicago,3,57520,1840002277
Garden City,Garden City,South Dakota,46025,Clark,44.9593,-97.5804,96,93.9,shape,false,true,America/Chicago,3,57236,1840002153
Bradley,Bradley,South Dakota,46025,Clark,45.0904,-97.642,94,38.6,shape,false,true,America/Chicago,3,57217,1840002152
Morningside,Morningside,South Dakota,46005,Beadle,44.3663,-98.1836,94,70.4,shape,false,false,America/Chicago,3,57350,1840023957
Vale,Vale,South Dakota,46019,Butte,44.6183,-103.3986,93,24.1,shape,false,false,America/Denver,3,57788,1840026113
Goodwin,Goodwin,South Dakota,46039,Deuel,44.8775,-96.8497,92,74.9,shape,false,true,America/Chicago,3,57238,1840002276
Mound City,Mound City,South Dakota,46021,Campbell,45.7262,-100.0688,90,54.0,shape,false,true,America/Chicago,3,57646,1840000260
Batesland,Batesland,South Dakota,46102,Oglala Lakota,43.1278,-102.1017,89,148.4,shape,false,true,America/Denver,3,57716,1840002891
Fairview,Fairview,South Dakota,46083,Lincoln,43.2221,-96.4876,88,176.4,shape,false,true,America/Chicago,3,57027,1840002844
McIntosh,McIntosh,South Dakota,46031,Corson,45.9214,-101.3491,87,46.0,shape,false,true,America/Denver,3,57641,1840002015
Millerdale Colony,Millerdale Colony,South Dakota,46059,Hand,44.399,-99.1111,86,0.4,shape,false,false,America/Chicago,3,57362,1840107823
Lyons,Lyons,South Dakota,46099,Minnehaha,43.7249,-96.8662,84,64.5,shape,false,false,America/Chicago,3,57041,1840107819
Westport,Westport,South Dakota,46013,Brown,45.6478,-98.4981,83,159.4,shape,false,true,America/Chicago,3,57481,1840002031
Cottonwood,Cottonwood,South Dakota,46071,Jackson,43.9657,-101.9021,81,34.1,shape,false,true,America/Denver,3,57775 57567,1840000334
Claremont,Claremont,South Dakota,46013,Brown,45.6719,-98.0157,80,156.5,shape,false,true,America/Chicago,3,57432,1840000261
Quinn,Quinn,South Dakota,46103,Pennington,43.9866,-102.1264,80,25.7,shape,false,true,America/Denver,3,57775,1840002519
Claire City,Claire City,South Dakota,46109,Roberts,45.8566,-97.1035,80,95.1,shape,false,true,America/Chicago,3,57224,1840000263
Fulton,Fulton,South Dakota,46061,Hanson,43.7288,-97.8226,80,36.2,shape,false,true,America/Chicago,3,57340,1840002646
Corona,Corona,South Dakota,46109,Roberts,45.3352,-96.7646,79,113.0,shape,false,true,America/Chicago,3,57227,1840000264
Dimock,Dimock,South Dakota,46067,Hutchinson,43.4764,-97.9888,78,135.0,shape,false,true,America/Chicago,3,57331,1840000359
Lebanon,Lebanon,South Dakota,46107,Potter,45.0688,-99.7664,78,56.8,shape,false,true,America/Chicago,3,57455,1840002116
Burbank,Burbank,South Dakota,46027,Clay,42.7461,-96.8326,78,48.2,shape,false,false,America/Chicago,3,57010,1840035967
Naples,Naples,South Dakota,46025,Clark,44.7716,-97.5131,76,57.5,shape,false,true,America/Chicago,3,57271,1840000293
Brant Lake,Brant Lake,South Dakota,46079,Lake,43.9308,-96.9436,76,61.9,shape,false,true,America/Chicago,3,57016,1840035985
Running Water,Running Water,South Dakota,46009,Bon Homme,42.7822,-97.9816,76,14.0,shape,false,false,America/Chicago,3,57062,1840025451
Bridger,Bridger,South Dakota,46137,Ziebach,44.5421,-101.9136,75,45.8,shape,false,false,America/Denver,3,57748,1840035858
Cow Creek,Cow Creek,South Dakota,46119,Sully,44.5538,-100.4754,74,15.6,shape,false,true,America/Chicago,4,57501,1840040549
Evergreen Colony,Evergreen Colony,South Dakota,46049,Faulk,45.1217,-99.0425,74,28.6,shape,false,false,America/Chicago,3,57438,1840144365
Utica,Utica,South Dakota,46135,Yankton,42.981,-97.4967,70,90.1,shape,false,true,America/Chicago,3,57067,1840003056
Bath Corner,Bath Corner,South Dakota,46013,Brown,45.4627,-98.3329,69,63.4,shape,false,false,America/Chicago,3,57427,1840023893
Wallace,Wallace,South Dakota,46029,Codington,45.0845,-97.4781,68,129.9,shape,false,true,America/Chicago,3,57272,1840002155
Grenville,Grenville,South Dakota,46037,Day,45.467,-97.3901,68,14.2,shape,false,true,America/Chicago,3,57239 57274,1840001559
Akaska,Akaska,South Dakota,46129,Walworth,45.331,-100.1208,68,43.0,shape,false,true,America/Chicago,3,57420,1840002086
Herrick,Herrick,South Dakota,46053,Gregory,43.115,-99.1882,67,50.2,shape,false,true,America/Chicago,3,57538,1840002866
Brentford,Brentford,South Dakota,46115,Spink,45.1591,-98.3223,66,54.9,shape,false,true,America/Chicago,3,57429,1840002123
Brentwood Colony,Brentwood Colony,South Dakota,46049,Faulk,45.1513,-99.2984,66,29.2,shape,false,false,America/Chicago,3,57438,1840146999
Strandburg,Strandburg,South Dakota,46051,Grant,45.0441,-96.7604,65,104.9,shape,false,true,America/Chicago,3,57265,1840001586
Morristown,Morristown,South Dakota,46031,Corson,45.9386,-101.7188,65,80.8,shape,false,true,America/Denver,3,57645,1840002017
Wasta,Wasta,South Dakota,46103,Pennington,44.0696,-102.4464,63,142.5,shape,false,true,America/Denver,3,57791 57790,1840002182
Farmer,Farmer,South Dakota,46061,Hanson,43.7252,-97.689,62,13.4,shape,false,true,America/Chicago,3,57311,1840002645
Clark Colony,Clark Colony,South Dakota,46115,Spink,44.7914,-97.9815,62,129.6,shape,false,false,America/Chicago,3,57258,1840107788
Olivet,Olivet,South Dakota,46067,Hutchinson,43.243,-97.6747,60,14.4,shape,false,true,America/Chicago,3,57052,1840000360
Ravinia,Ravinia,South Dakota,46023,Charles Mix,43.1365,-98.4268,59,68.1,shape,false,true,America/Chicago,3,57356,1840002849
Turton,Turton,South Dakota,46115,Spink,45.049,-98.0974,58,45.2,shape,false,true,America/Chicago,3,57477,1840002122
Stratford,Stratford,South Dakota,46013,Brown,45.3174,-98.3043,57,115.8,shape,false,true,America/Chicago,3,57474,1840002028
Tschetter Colony,Tschetter Colony,South Dakota,46067,Hutchinson,43.3681,-97.688,57,41.2,shape,false,false,America/Chicago,3,57052,1840035908
Wood,Wood,South Dakota,46095,Mellette,43.4971,-100.4802,57,82.5,shape,false,true,America/Chicago,3,57585,1840002631
Chelsea,Chelsea,South Dakota,46049,Faulk,45.1675,-98.7434,56,8.1,shape,false,true,America/Chicago,3,57465,1840000282
Bath,Bath,South Dakota,46013,Brown,45.4692,-98.3236,56,173.1,shape,false,false,America/Chicago,3,57427,1840023892
Sunset Colony,Sunset Colony,South Dakota,46091,Marshall,45.8059,-97.8857,54,21.5,shape,false,false,America/Chicago,3,57430,1840149506
Ortley,Ortley,South Dakota,46109,Roberts,45.3349,-97.205,54,9.3,shape,false,true,America/Chicago,3,57273 57256,1840000266
Mayfield Colony,Mayfield Colony,South Dakota,46025,Clark,44.6943,-97.5811,53,9.2,shape,false,false,America/Chicago,3,57278,1840142344
Lake City,Lake City,South Dakota,46091,Marshall,45.7248,-97.4139,53,48.6,shape,false,true,America/Chicago,3,57247,1840002044
Interior,Interior,South Dakota,46071,Jackson,43.7269,-101.9837,52,15.0,shape,false,true,America/Denver,3,57750,1840002586
Shamrock Colony,Shamrock Colony,South Dakota,46005,Beadle,44.6207,-97.9592,51,30.4,shape,false,false,America/Chicago,3,57322,1840144598
Ideal,Ideal,South Dakota,46123,Tripp,43.54,-99.9218,51,38.3,shape,false,false,America/Chicago,3,57541,1840035977
Sherman,Sherman,South Dakota,46099,Minnehaha,43.7577,-96.4762,51,35.3,shape,false,true,America/Chicago,3,57030,1840002647
Vivian,Vivian,South Dakota,46085,Lyman,43.9273,-100.3011,50,11.2,shape,false,false,America/Chicago,3,57576,1840006796
Bushnell,Bushnell,South Dakota,46011,Brookings,44.3274,-96.6424,50,27.1,shape,false,true,America/Chicago,3,57276,1840002508
Raymond,Raymond,South Dakota,46025,Clark,44.9105,-97.9372,48,62.0,shape,false,true,America/Chicago,3,57258,1840002149
Tolstoy,Tolstoy,South Dakota,46107,Potter,45.2083,-99.614,48,30.1,shape,false,true,America/Chicago,3,57475,1840002113
Spink Colony,Spink Colony,South Dakota,46115,Spink,44.7449,-98.2895,47,15.8,shape,false,false,America/Chicago,3,57440,1840107848
Winfred,Winfred,South Dakota,46079,Lake,44.0009,-97.3598,46,17.8,shape,false,false,America/Chicago,3,57076,1840026138
Nunda,Nunda,South Dakota,46079,Lake,44.1599,-97.0194,45,17.2,shape,false,true,America/Chicago,3,57050,1840000325
Cameron Colony,Cameron Colony,South Dakota,46125,Turner,43.1878,-97.2627,45,12.9,shape,false,false,America/Chicago,3,57070,1840149333
Andover,Andover,South Dakota,46037,Day,45.4102,-97.9037,44,98.7,shape,false,true,America/Chicago,3,57422,1840001558
Dolton,Dolton,South Dakota,46125,Turner,43.4911,-97.3848,44,34.5,shape,false,true,America/Chicago,3,57319,1840000357
Oral,Oral,South Dakota,46047,Fall River,43.41,-103.2648,44,10.1,shape,false,false,America/Denver,3,57766,1840035969
New Elm Spring Colony,New Elm Spring Colony,South Dakota,46067,Hutchinson,43.4892,-97.8284,43,33.4,shape,false,false,America/Chicago,3,57334,1840107824
Stephan,Stephan,South Dakota,46069,Hyde,44.2482,-99.4576,43,22.7,shape,false,false,America/Chicago,3,57346,1840035903
Mansfield,Mansfield,South Dakota,46013,Brown,45.2465,-98.5581,43,6.9,shape,false,false,America/Chicago,3,57460,1840026105
Okaton,Okaton,South Dakota,46075,Jones,43.8621,-100.9049,43,0.0,shape,false,false,America/Chicago,3,57562,1840004145
Forestburg,Forestburg,South Dakota,46111,Sanborn,44.0212,-98.1032,42,30.6,shape,false,false,America/Chicago,3,57314,1840023997
Seneca,Seneca,South Dakota,46049,Faulk,45.0608,-99.5092,42,38.7,shape,false,true,America/Chicago,3,57473,1840002118
Spring Lake Colony,Spring Lake Colony,South Dakota,46077,Kingsbury,44.2349,-97.1748,41,24.4,shape,false,false,America/Chicago,3,57212,1840143290
Artas,Artas,South Dakota,46021,Campbell,45.8873,-99.8069,41,8.5,shape,false,true,America/Chicago,3,57437,1840002021
Clearfield Colony,Clearfield Colony,South Dakota,46023,Charles Mix,43.1439,-98.1423,40,21.9,shape,false,false,America/Chicago,3,57330,1840145741
Orient,Orient,South Dakota,46049,Faulk,44.9017,-99.0888,40,48.6,shape,false,true,America/Chicago,3,57467,1840000285
Lantry,Lantry,South Dakota,46041,Dewey,45.0183,-101.4328,39,36.3,shape,false,false,America/Denver,3,57636,1840035929
Jamesville Colony,Jamesville Colony,South Dakota,46135,Yankton,43.1015,-97.4818,39,67.7,shape,false,false,America/Chicago,3,57067,1840144410
Altamont,Altamont,South Dakota,46039,Deuel,44.8408,-96.6901,39,12.0,shape,false,true,America/Chicago,3,57226,1840002273
Orland Colony,Orland Colony,South Dakota,46087,McCook,43.8216,-97.199,39,29.7,shape,false,false,America/Chicago,3,57048,1840149501
Erwin,Erwin,South Dakota,46077,Kingsbury,44.488,-97.4409,39,31.6,shape,false,true,America/Chicago,3,57233,1840002416
Old Elm Spring Colony,Old Elm Spring Colony,South Dakota,46067,Hutchinson,43.4924,-97.799,39,15.4,shape,false,false,America/Chicago,3,57366,1840152054
Camp Crook,Camp Crook,South Dakota,46063,Harding,45.55,-103.975,38,40.8,shape,false,true,America/Denver,3,57724,1840002019
Ree Heights,Ree Heights,South Dakota,46059,Hand,44.5158,-99.2005,38,45.7,shape,false,true,America/Chicago,3,57371,1840002279
Twin Brooks,Twin Brooks,South Dakota,46051,Grant,45.209,-96.7855,38,36.2,shape,false,true,America/Chicago,3,57269,1840001587
Fairburn,Fairburn,South Dakota,46033,Custer,43.6869,-103.2087,37,98.6,shape,false,true,America/Denver,3,57738,1840002639
Meckling,Meckling,South Dakota,46027,Clay,42.8402,-97.0673,37,32.0,shape,false,false,America/Chicago,3,57069,1840035882
Bancroft,Bancroft,South Dakota,46077,Kingsbury,44.4894,-97.7505,34,8.9,shape,false,true,America/Chicago,3,57353,1840002415
Aurora Center,Aurora Center,South Dakota,46003,Aurora,43.5272,-98.5894,34,15.8,shape,false,false,America/Chicago,3,57375,1840004165
Ward,Ward,South Dakota,46101,Moody,44.1548,-96.4626,31,66.4,shape,false,true,America/Chicago,3,57026,1840002532
Caputa,Caputa,South Dakota,46103,Pennington,43.9961,-102.9844,29,12.1,shape,false,false,America/Denver,3,57703 57725,1840035951
Rockport Colony,Rockport Colony,South Dakota,46061,Hanson,43.582,-97.8431,27,220.2,shape,false,false,America/Chicago,3,57311,1840107840
Shannon Colony,Shannon Colony,South Dakota,46097,Miner,43.9826,-97.4251,27,0.8,shape,false,false,America/Chicago,3,57076,1840148187
Rockham,Rockham,South Dakota,46049,Faulk,44.9043,-98.8234,26,20.2,shape,false,true,America/Chicago,3,57470,1840002117
Long Lake,Long Lake,South Dakota,46089,McPherson,45.8567,-99.2058,26,16.4,shape,false,true,America/Chicago,3,57457,1840002027
Milltown,Milltown,South Dakota,46067,Hutchinson,43.4252,-97.8081,25,21.9,shape,false,false,America/Chicago,3,57366,1840004231
Virgil,Virgil,South Dakota,46005,Beadle,44.2909,-98.4276,24,9.3,shape,false,true,America/Chicago,3,57379,1840002367
Ferney,Ferney,South Dakota,46013,Brown,45.3346,-98.0939,22,8.5,shape,false,false,America/Chicago,3,57434 57439,1840023894
Onaka,Onaka,South Dakota,46049,Faulk,45.1912,-99.4659,22,5.9,shape,false,true,America/Chicago,3,57466,1840000284
Prairie City,Prairie City,South Dakota,46105,Perkins,45.5312,-102.8164,22,6.0,shape,false,false,America/Denver,3,57649,1840023891
Waverly,Waverly,South Dakota,46029,Codington,44.9987,-96.9742,21,8.0,shape,false,false,America/Chicago,3,57201,1840026115
Crocker,Crocker,South Dakota,46025,Clark,45.107,-97.7805,21,2.2,shape,false,false,America/Chicago,3,57217,1840026114
Lane,Lane,South Dakota,46073,Jerauld,44.0697,-98.4246,21,17.4,shape,false,true,America/Chicago,3,57382 57358,1840002530
Fedora,Fedora,South Dakota,46097,Miner,44.0067,-97.7895,19,2.2,shape,false,false,America/Chicago,3,57337,1840026139
Smithwick,Smithwick,South Dakota,46047,Fall River,43.2976,-103.2163,19,3.8,shape,false,false,America/Denver,3,57782,1840035964
Grassland Colony,Grassland Colony,South Dakota,46089,McPherson,45.6682,-98.7965,18,16.3,shape,false,false,America/Chicago,3,57481,1840149502
Marvin,Marvin,South Dakota,46051,Grant,45.2605,-96.9154,16,11.3,shape,false,true,America/Chicago,3,57251,1840002098
Vilas,Vilas,South Dakota,46097,Miner,44.0084,-97.5956,16,2.1,shape,false,true,America/Chicago,3,57349,1840002542
Hetland,Hetland,South Dakota,46077,Kingsbury,44.3772,-97.2347,16,42.2,shape,false,true,America/Chicago,3,57212,1840002500
Draper,Draper,South Dakota,46075,Jones,43.9262,-100.5372,15,8.9,shape,false,true,America/Chicago,3,57531,1840000330
Kaylor,Kaylor,South Dakota,46067,Hutchinson,43.1926,-97.8405,15,6.7,shape,false,false,America/Chicago,3,57354,1840004232
Wetonka,Wetonka,South Dakota,46089,McPherson,45.6242,-98.7717,14,6.5,shape,false,true,America/Chicago,3,57481,1840002023
St. Onge,St. Onge,South Dakota,46081,Lawrence,44.5458,-103.7198,14,4.0,shape,false,false,America/Denver,3,57779,1840026122
Cloverleaf Colony,Cloverleaf Colony,South Dakota,46097,Miner,44.184,-97.5385,14,13.5,shape,false,false,America/Chicago,3,57349,1840107790
Millbrook Colony,Millbrook Colony,South Dakota,46061,Hanson,43.67,-97.8717,12,187.9,shape,false,false,America/Chicago,3,57301,1840143289
Gann Valley,Gann Valley,South Dakota,46017,Buffalo,44.0336,-98.9887,12,10.8,shape,false,true,America/Chicago,4,57341,1840040550
Kidder,Kidder,South Dakota,46091,Marshall,45.8817,-97.7139,11,55.8,shape,false,false,America/Chicago,3,57430,1840023898
Broadland,Broadland,South Dakota,46005,Beadle,44.4938,-98.3466,9,3.5,shape,false,true,America/Chicago,3,57350,1840008965
Butler,Butler,South Dakota,46037,Day,45.262,-97.7117,8,9.6,shape,false,true,America/Chicago,3,57219,1840001557
Harrison,Harrison,South Dakota,46043,Douglas,43.431,-98.5268,7,54.3,shape,false,false,America/Chicago,3,57344,1840004233
St. Charles,St. Charles,South Dakota,46053,Gregory,43.0881,-99.0949,7,14.5,shape,false,false,America/Chicago,3,57571,1840004235
Dudley,Dudley,South Dakota,46047,Fall River,43.3082,-103.8192,7,21.1,shape,false,false,America/Denver,3,57735,1840108004
White Rock,White Rock,South Dakota,46109,Roberts,45.9248,-96.576,6,1.5,shape,false,true,America/Chicago,3,57260,1840020692
Storla,Storla,South Dakota,46003,Aurora,43.8625,-98.3526,5,7.3,shape,false,false,America/Chicago,3,57359,1840004164
Verdon,Verdon,South Dakota,46013,Brown,45.2442,-98.0992,4,3.9,shape,false,true,America/Chicago,3,57434,1840002029
Albee,Albee,South Dakota,46051,Grant,45.0513,-96.5535,4,21.9,shape,false,true,America/Chicago,3,57259,1840002096
New Holland,New Holland,South Dakota,46043,Douglas,43.4288,-98.6075,4,66.2,shape,false,false,America/Chicago,3,57364,1840004234
Lowry,Lowry,South Dakota,46129,Walworth,45.3155,-99.9812,2,2.3,shape,false,true,America/Chicago,3,57472,1840002089
Hillsview,Hillsview,South Dakota,46089,McPherson,45.6642,-99.5607,0,0.5,shape,false,true,America/Chicago,3,57437,1840002025
Newport Colony,Newport Colony,South Dakota,46091,Marshall,45.6791,-97.9328,0,41.8,shape,false,false,America/Chicago,3,57432,1840142286
Grass Ranch Colony,Grass Ranch Colony,South Dakota,46015,Brule,43.65,-98.8836,0,1.4,shape,false,false,America/Chicago,3,57355,1840142341
Lakeview Colony,Lakeview Colony,South Dakota,46023,Charles Mix,43.2202,-98.4564,0,66.5,shape,false,false,America/Chicago,3,57356,1840142342
Cedar Grove Colony,Cedar Grove Colony,South Dakota,46015,Brule,43.5317,-98.8045,0,21.1,shape,false,false,America/Chicago,3,57369,1840107786
Platte Colony,Platte Colony,South Dakota,46023,Charles Mix,43.4678,-99.1261,0,8.9,shape,false,false,America/Chicago,3,57369,1840108060
Hillcrest Colony,Hillcrest Colony,South Dakota,46025,Clark,44.9425,-97.6672,0,6.8,shape,false,false,America/Chicago,3,57236,1840142343
Collins Colony,Collins Colony,South Dakota,46025,Clark,44.5478,-97.7013,0,7.0,shape,false,false,America/Chicago,3,57353,1840142345
Hutterville Colony,Hutterville Colony,South Dakota,46013,Brown,45.2663,-98.2115,0,222.5,shape,false,false,America/Chicago,3,57474,1840142879
Provo,Provo,South Dakota,46047,Fall River,43.1937,-103.8329,0,3.1,shape,false,false,America/Denver,3,57735,1840035958
Plainview Colony,Plainview Colony,South Dakota,46045,Edmunds,45.5808,-99.0095,0,0.0,shape,false,false,America/Chicago,3,57456,1840107832
Wolf Creek Colony,Wolf Creek Colony,South Dakota,46067,Hutchinson,43.3527,-97.6161,0,0.0,shape,false,false,America/Chicago,3,57029,1840143288
Maxwell Colony,Maxwell Colony,South Dakota,46067,Hutchinson,43.1825,-97.6352,0,91.4,shape,false,false,America/Chicago,3,57059,1840107822
Spring Valley Colony,Spring Valley Colony,South Dakota,46073,Jerauld,44.0395,-98.8811,0,0.0,shape,false,false,America/Chicago,5,57382,1840107850
White Rock Colony,White Rock Colony,South Dakota,46109,Roberts,45.9109,-96.6311,0,31.0,shape,false,false,America/Chicago,3,57260,1840143796
Oak Lane Colony,Oak Lane Colony,South Dakota,46061,Hanson,43.5099,-97.7412,0,0.0,shape,false,false,America/Chicago,3,57311,1840143953
Buffalo Chip,Buffalo Chip,South Dakota,46093,Meade,44.4166,-103.4058,0,3.0,shape,false,true,America/Denver,3,57785,1840035984
Roswell,Roswell,South Dakota,46097,Miner,44.006,-97.6975,0,11.4,shape,false,false,America/Chicago,3,57349,1840002541
Pearl Creek Colony,Pearl Creek Colony,South Dakota,46005,Beadle,44.326,-97.9185,0,0.0,shape,false,false,America/Chicago,3,57353,1840107829
Poinsett Colony,Poinsett Colony,South Dakota,46057,Hamlin,44.6414,-96.9003,0,0.8,shape,false,false,America/Chicago,3,57223,1840144364
Thunderbird Colony,Thunderbird Colony,South Dakota,46049,Faulk,45.1911,-99.2675,0,10.5,shape,false,false,America/Chicago,3,57438,1840144366
Blumengard Colony,Blumengard Colony,South Dakota,46049,Faulk,45.2415,-99.17,0,4.8,shape,false,false,America/Chicago,3,57438,1840144367
Ardmore,Ardmore,South Dakota,46047,Fall River,43.0192,-103.6543,0,0.6,shape,false,false,America/Denver,3,57735,1840031524
Pembrook Colony,Pembrook Colony,South Dakota,46045,Edmunds,45.3728,-98.994,0,19.6,shape,false,false,America/Chicago,3,57451,1840144368
Norfeld Colony,Norfeld Colony,South Dakota,46011,Brookings,44.4233,-96.5561,0,29.6,shape,false,false,America/Chicago,3,57276,1840144443
Riverside Colony,Riverside Colony,South Dakota,46005,Beadle,44.4823,-98.1366,0,0.0,shape,false,false,America/Chicago,3,57350,1840107839
Bon Homme Colony,Bon Homme Colony,South Dakota,46009,Bon Homme,42.8649,-97.7056,0,6.1,shape,false,false,America/Chicago,3,57063,1840035966
Huron Colony,Huron Colony,South Dakota,46005,Beadle,44.5634,-98.2055,0,110.3,shape,false,false,America/Chicago,3,57350,1840107813
Hillside Colony,Hillside Colony,South Dakota,46115,Spink,44.7382,-98.0473,0,0.1,shape,false,false,America/Chicago,3,57436,1840107808
Green Grass,Green Grass,South Dakota,46041,Dewey,45.1714,-101.2573,0,0.6,shape,false,false,America/Denver,3,57625,1840004018
Fordham Colony,Fordham Colony,South Dakota,46025,Clark,44.7678,-97.9068,0,7.7,shape,false,false,America/Chicago,3,57258,1840107970
Newdale Colony,Newdale Colony,South Dakota,46011,Brookings,44.29,-96.5242,0,16.2,shape,false,false,America/Chicago,3,57026,1840146471
Hamill,Hamill,South Dakota,46123,Tripp,43.5939,-99.6907,0,0.0,shape,false,false,America/Chicago,3,57534,1840004186
Loomis,Loomis,South Dakota,46035,Davison,43.7931,-98.104,0,52.7,shape,false,false,America/Chicago,3,57301,1840004170
Claremont Colony,Claremont Colony,South Dakota,46057,Hamlin,44.7129,-96.9512,0,23.1,shape,false,false,America/Chicago,3,57223,1840146998
Pleasant Valley Colony,Pleasant Valley Colony,South Dakota,46101,Moody,44.0584,-96.4706,0,28.9,shape,false,false,America/Chicago,3,57028,1840148252
Upland Colony,Upland Colony,South Dakota,46111,Sanborn,43.8775,-97.9763,0,183.0,shape,false,false,America/Chicago,3,57314,1840148427
Graceville Colony,Graceville Colony,South Dakota,46079,Lake,43.9289,-97.284,0,33.9,shape,false,false,America/Chicago,3,57076,1840149503
Rustic Acres Colony,Rustic Acres Colony,South Dakota,46079,Lake,43.8698,-97.099,0,36.8,shape,false,false,America/Chicago,3,57042,1840149504
Westwood Colony,Westwood Colony,South Dakota,46091,Marshall,45.8929,-97.7814,0,3.4,shape,false,false,America/Chicago,3,57430,1840149507
Ola,Ola,South Dakota,46015,Brule,43.6005,-99.2114,0,1.8,shape,false,false,America/Chicago,3,57325,1840024012
Long Lake Colony,Long Lake Colony,South Dakota,46089,McPherson,45.604,-98.8253,0,0.3,shape,false,false,America/Chicago,3,57481 57456,1840107818
Bijou Hills,Bijou Hills,South Dakota,46015,Brule,43.5285,-99.1439,0,0.0,shape,false,false,America/Chicago,3,57369,1840024011
Rolland Colony,Rolland Colony,South Dakota,46011,Brookings,44.3437,-96.5923,0,20.5,shape,false,false,America/Chicago,3,57276,1840151239
Rosedale Colony,Rosedale Colony,South Dakota,46061,Hanson,43.6267,-97.8754,0,0.0,shape,false,false,America/Chicago,3,57311 57301,1840151376
Camrose Colony,Camrose Colony,South Dakota,46115,Spink,44.9343,-98.2202,0,8.3,shape,false,false,America/Chicago,3,57440,1840151588
Maverick Junction,Maverick Junction,South Dakota,46047,Fall River,43.4087,-103.3958,0,3.6,shape,false,false,America/Denver,3,57747,1840152052
Greenwood Colony,Greenwood Colony,South Dakota,46043,Douglas,43.2145,-98.1536,0,20.4,shape,false,false,America/Chicago,3,57330,1840107802
Deerfield Colony,Deerfield Colony,South Dakota,46045,Edmunds,45.5874,-98.8995,0,0.4,shape,false,false,America/Chicago,3,57451,1840152590
Silver Lake Colony,Silver Lake Colony,South Dakota,46025,Clark,44.8657,-97.6084,0,0.4,shape,false,false,America/Chicago,3,57225,1840152591
