Fargo,Fargo,North Dakota,38017,Cass,46.8651,-96.8292,228364,968.3,shape,false,true,America/Chicago,2,58102 58104 58103 58105 58106 58107 58108 58109 58121 58122 58124 58125 58126,1840000177
Bismarck,Bismarck,North Dakota,38015,Burleigh,46.8143,-100.7694,99433,820.3,shape,false,true,America/Chicago,2,58505 58504 58501 58503 58507,1840001926
Grand Forks,Grand Forks,North Dakota,38035,Grand Forks,47.9214,-97.0884,70475,813.0,shape,false,true,America/Chicago,3,58202 58203 58201 58206 58208,1840000101
Minot,Minot,North Dakota,38101,Ward,48.2375,-101.278,48038,670.0,shape,false,true,America/Chicago,3,58707 58703 58701 58702,1840000053
West Fargo,West Fargo,North Dakota,38017,Cass,46.8573,-96.9057,38653,922.7,shape,false,true,America/Chicago,3,58078,1840001935
Williston,Williston,North Dakota,38105,Williams,48.1814,-103.6364,27783,462.5,shape,false,true,America/Chicago,3,58801 58802 58803,1840001871
Dickinson,Dickinson,North Dakota,38089,Stark,46.8918,-102.7925,25116,734.6,shape,false,true,America/Denver,3,58601 58602,1840000192
Mandan,Mandan,North Dakota,38059,Morton,46.829,-100.887,24049,686.9,shape,false,true,America/North_Dakota/New_Salem,3,58554,1840000199
Jamestown,Jamestown,North Dakota,38093,Stutsman,46.9063,-98.6937,15850,460.3,shape,false,true,America/Chicago,3,58401 58402 58405,1840000153
Wahpeton,Wahpeton,North Dakota,38077,Richland,46.2722,-96.6118,7983,585.0,shape,false,true,America/Chicago,3,58075 58076,1840000228
Valley City,Valley City,North Dakota,38003,Barnes,46.9222,-98.0055,6558,602.2,shape,false,true,America/Chicago,3,58072,1840000160
Watford City,Watford City,North Dakota,38053,McKenzie,47.8027,-103.2678,5900,253.8,shape,false,true,America/Chicago,3,58854,1840001892
Minot AFB,Minot AFB,North Dakota,38101,Ward,48.4209,-101.3381,4943,262.5,shape,true,true,America/Chicago,3,58705 58704,1840073766
Lincoln,Lincoln,North Dakota,38015,Burleigh,46.7688,-100.6978,4209,1047.8,shape,false,true,America/Chicago,3,58504,1840000158
Grafton,Grafton,North Dakota,38099,Walsh,48.4142,-97.4056,4161,486.4,shape,false,true,America/Chicago,3,58237,1840000081
Horace,Horace,North Dakota,38017,Cass,46.7558,-96.9078,3464,114.8,shape,false,true,America/Chicago,3,58047,1840000182
Beulah,Beulah,North Dakota,38057,Mercer,47.2665,-101.7734,3063,484.3,shape,false,true,America/North_Dakota/Beulah,3,58523,1840001907
New Town,New Town,North Dakota,38061,Mountrail,47.989,-102.4882,2714,362.9,shape,false,true,America/Chicago,3,58763,1840000067
Rugby,Rugby,North Dakota,38069,Pierce,48.3654,-99.9903,2654,448.4,shape,false,true,America/Chicago,3,58368,1840001882
Hazen,Hazen,North Dakota,38057,Mercer,47.299,-101.6259,2569,704.7,shape,false,true,America/North_Dakota/Beulah,3,58545,1840000143
Casselton,Casselton,North Dakota,38017,Cass,46.8973,-97.2128,2496,493.4,shape,false,true,America/Chicago,3,58012,1840000175
Stanley,Stanley,North Dakota,38061,Mountrail,48.3137,-102.3974,2189,187.5,shape,false,true,America/Chicago,3,58784,1840001879
Carrington,Carrington,North Dakota,38031,Foster,47.452,-99.1307,2161,351.9,shape,false,true,America/Chicago,3,58421,1840000138
Lisbon,Lisbon,North Dakota,38073,Ransom,46.4385,-97.6841,2159,363.5,shape,false,true,America/Chicago,3,58054,1840000227
Oakes,Oakes,North Dakota,38021,Dickey,46.1397,-98.0871,2125,524.4,shape,false,true,America/Chicago,3,58474,1840000256
Grand Forks AFB,Grand Forks AFB,North Dakota,38035,Grand Forks,47.9557,-97.3913,2113,108.8,shape,true,true,America/Chicago,4,58205 58204,1840073759
Bottineau,Bottineau,North Dakota,38009,Bottineau,48.8248,-100.4426,2104,617.4,shape,false,true,America/Chicago,3,58318,1840000003
Mayville,Mayville,North Dakota,38097,Traill,47.4982,-97.3264,2102,430.8,shape,false,true,America/Chicago,3,58257,1840000136
Belcourt,Belcourt,North Dakota,38079,Rolette,48.8417,-99.7447,1772,117.8,shape,false,false,America/Chicago,3,58316,1840003990
Harvey,Harvey,North Dakota,38103,Wells,47.7766,-99.9301,1767,379.8,shape,false,true,America/Chicago,3,58341,1840000119
Langdon,Langdon,North Dakota,38019,Cavalier,48.7624,-98.3747,1717,428.5,shape,false,true,America/Chicago,3,58249,1840000027
Hillsboro,Hillsboro,North Dakota,38097,Traill,47.403,-97.0635,1655,574.7,shape,false,true,America/Chicago,3,58045,1840000135
Bowman,Bowman,North Dakota,38011,Bowman,46.1843,-103.4029,1646,340.9,shape,false,true,America/Denver,3,58623,1840000257
Surrey,Surrey,North Dakota,38101,Ward,48.2433,-101.1333,1583,289.4,shape,false,true,America/Chicago,3,58785,1840001869
Park River,Park River,North Dakota,38099,Walsh,48.391,-97.7425,1556,232.0,shape,false,true,America/Chicago,3,58270,1840000085
Garrison,Garrison,North Dakota,38055,McLean,47.6532,-101.4219,1524,420.7,shape,false,true,America/Chicago,3,58540,1840000111
Washburn,Washburn,North Dakota,38055,McLean,47.292,-101.0278,1463,335.3,shape,false,true,America/Chicago,3,58577,1840001899
New Rockford,New Rockford,North Dakota,38027,Eddy,47.6798,-99.1377,1421,319.3,shape,false,true,America/Chicago,3,58356,1840000115
Tioga,Tioga,North Dakota,38105,Williams,48.3947,-102.9431,1376,159.2,shape,false,true,America/Chicago,3,58852,1840001872
Cavalier,Cavalier,North Dakota,38067,Pembina,48.7939,-97.6226,1360,609.6,shape,false,true,America/Chicago,3,58220,1840001857
Larimore,Larimore,North Dakota,38035,Grand Forks,47.9091,-97.6269,1343,862.3,shape,false,true,America/Chicago,3,58251,1840000103
Burlington,Burlington,North Dakota,38101,Ward,48.2572,-101.4146,1308,265.0,shape,false,true,America/Chicago,3,58722,1840000046
Cando,Cando,North Dakota,38095,Towner,48.4872,-99.2026,1218,732.5,shape,false,true,America/Chicago,3,58324,1840000018
Parshall,Parshall,North Dakota,38061,Mountrail,47.9595,-102.1338,1217,132.5,shape,false,true,America/Chicago,3,58770,1840000069
Rolla,Rolla,North Dakota,38079,Rolette,48.8532,-99.6143,1190,314.5,shape,false,true,America/Chicago,3,58367,1840001851
Shell Valley,Shell Valley,North Dakota,38079,Rolette,48.8108,-99.8273,1183,30.4,shape,false,false,America/Chicago,3,58316,1840033127
Mapleton,Mapleton,North Dakota,38017,Cass,46.8915,-97.0533,1151,113.6,shape,false,true,America/Chicago,3,58059,1840000186
Crosby,Crosby,North Dakota,38023,Divide,48.9162,-103.2966,1105,302.5,shape,false,true,America/Chicago,3,58730,1840000034
Hettinger,Hettinger,North Dakota,38001,Adams,46.0034,-102.635,1096,510.4,shape,false,true,America/Denver,3,58639,1840000243
Thompson,Thompson,North Dakota,38035,Grand Forks,47.7752,-97.1054,1052,868.8,shape,false,true,America/Chicago,3,58278,1840001891
Velva,Velva,North Dakota,38049,McHenry,48.0582,-100.9329,1050,420.6,shape,false,true,America/Chicago,3,58790,1840000060
Fort Totten,Fort Totten,North Dakota,38005,Benson,47.9716,-98.9971,1042,46.8,shape,false,false,America/Chicago,3,58335,1840003996
Enderlin,Enderlin,North Dakota,38073,Ransom,46.6215,-97.5956,1030,243.9,shape,false,true,America/Chicago,3,58027,1840000225
Kenmare,Kenmare,North Dakota,38101,Ward,48.6729,-102.0721,1016,292.6,shape,false,true,America/Chicago,3,58746,1840000051
Ellendale,Ellendale,North Dakota,38021,Dickey,46.0043,-98.5254,997,271.6,shape,false,true,America/Chicago,3,58436,1840000251
Kindred,Kindred,North Dakota,38017,Cass,46.6494,-97.0169,957,254.9,shape,false,true,America/Chicago,3,58051,1840000184
Beach,Beach,North Dakota,38033,Golden Valley,46.9189,-104.0055,957,144.8,shape,false,true,America/Denver,3,58621,1840001916
Wishek,Wishek,North Dakota,38051,McIntosh,46.2554,-99.5546,951,255.8,shape,false,true,America/Chicago,3,58495,1840001987
New Salem,New Salem,North Dakota,38059,Morton,46.8431,-101.4178,939,261.8,shape,false,true,America/North_Dakota/New_Salem,3,58563,1840000200
Northwood,Northwood,North Dakota,38035,Grand Forks,47.7384,-97.5707,936,299.0,shape,false,true,America/Chicago,3,58267,1840000106
Walhalla,Walhalla,North Dakota,38067,Pembina,48.9211,-97.9176,910,339.3,shape,false,true,America/Chicago,3,58282,1840001859
Cannon Ball,Cannon Ball,North Dakota,38085,Sioux,46.3173,-100.6357,896,3.9,shape,false,false,America/Chicago,3,58528 58538,1840004004
Linton,Linton,North Dakota,38029,Emmons,46.2685,-100.2337,886,435.8,shape,false,true,America/Chicago,3,58552,1840000208
Dunseith,Dunseith,North Dakota,38079,Rolette,48.813,-100.0622,858,330.7,shape,false,true,America/Chicago,3,58329,1840000000
Gwinner,Gwinner,North Dakota,38081,Sargent,46.2358,-97.6696,852,159.5,shape,false,true,America/Chicago,3,58040,1840000246
Steele,Steele,North Dakota,38043,Kidder,46.8568,-99.9181,816,567.4,shape,false,true,America/Chicago,3,58482,1840001918
Drayton,Drayton,North Dakota,38067,Pembina,48.562,-97.1794,812,476.2,shape,false,true,America/Chicago,3,58225,1840000013
New England,New England,North Dakota,38041,Hettinger,46.5408,-102.8669,810,634.8,shape,false,true,America/Denver,3,58647,1840000222
Napoleon,Napoleon,North Dakota,38047,Logan,46.5039,-99.7683,808,225.6,shape,false,true,America/Chicago,3,58561,1840000211
Cooperstown,Cooperstown,North Dakota,38039,Griggs,47.4451,-98.1259,803,308.3,shape,false,true,America/Chicago,3,58425,1840001905
Hankinson,Hankinson,North Dakota,38077,Richland,46.0734,-96.8918,790,164.1,shape,false,true,America/Chicago,3,58041,1840000232
Green Acres,Green Acres,North Dakota,38079,Rolette,48.8381,-99.6901,789,202.4,shape,false,true,America/Chicago,3,58316,1840040312
Ray,Ray,North Dakota,38105,Williams,48.3416,-103.1636,768,224.7,shape,false,true,America/Chicago,3,58849,1840000057
Richardton,Richardton,North Dakota,38089,Stark,46.8841,-102.3332,768,216.8,shape,false,true,America/Denver,3,58652,1840000194
Harwood,Harwood,North Dakota,38017,Cass,46.9762,-96.8802,759,224.8,shape,false,true,America/Chicago,3,58042,1840000181
Killdeer,Killdeer,North Dakota,38025,Dunn,47.3689,-102.7472,757,158.0,shape,false,true,America/Denver,3,58640,1840000127
Hebron,Hebron,North Dakota,38059,Morton,46.9023,-102.0444,754,193.8,shape,false,true,America/North_Dakota/New_Salem,3,58638,1840000198
Glen Ullin,Glen Ullin,North Dakota,38059,Morton,46.812,-101.8333,739,280.2,shape,false,true,America/North_Dakota/New_Salem,3,58631,1840000197
Underwood,Underwood,North Dakota,38055,McLean,47.455,-101.1417,732,278.6,shape,false,true,America/Chicago,3,58576,1840001898
Lidgerwood,Lidgerwood,North Dakota,38077,Richland,46.0738,-97.1451,713,422.1,shape,false,true,America/Chicago,3,58053,1840000233
Belfield,Belfield,North Dakota,38089,Stark,46.886,-103.1952,700,161.3,shape,false,true,America/Denver,3,58622,1840001937
Mandaree,Mandaree,North Dakota,38053,McKenzie,47.7358,-102.6756,684,23.7,shape,false,false,America/Chicago,3,58757,1840003997
Edgeley,Edgeley,North Dakota,38045,LaMoure,46.3625,-98.7126,678,349.7,shape,false,true,America/Chicago,3,58433,1840000216
Wilton,Wilton,North Dakota,38055,McLean,47.1581,-100.7842,675,468.6,shape,false,true,America/Chicago,3,58579,1840001894
LaMoure,LaMoure,North Dakota,38045,LaMoure,46.3574,-98.2966,674,193.8,shape,false,true,America/Chicago,3,58458,1840000219
Milnor,Milnor,North Dakota,38081,Sargent,46.2604,-97.4575,666,256.8,shape,false,true,America/Chicago,3,58060,1840000248
Lakota,Lakota,North Dakota,38063,Nelson,48.0429,-98.3468,655,253.2,shape,false,true,America/Chicago,3,58344,1840000095
Elgin,Elgin,North Dakota,38037,Grant,46.4014,-101.8474,649,304.6,shape,false,true,America/Denver,3,58533,1840000202
Hatton,Hatton,North Dakota,38097,Traill,47.6369,-97.4584,642,444.5,shape,false,true,America/Chicago,3,58240,1840000134
Mott,Mott,North Dakota,38041,Hettinger,46.3744,-102.3189,616,258.9,shape,false,true,America/Denver,3,58646,1840000221
Ashley,Ashley,North Dakota,38051,McIntosh,46.0347,-99.3736,614,368.7,shape,false,true,America/Chicago,3,58413,1840001986
Mohall,Mohall,North Dakota,38075,Renville,48.7661,-101.5169,609,220.2,shape,false,true,America/Chicago,3,58761,1840000045
Minto,Minto,North Dakota,38099,Walsh,48.2924,-97.373,608,163.3,shape,false,true,America/Chicago,3,58261,1840000084
Forman,Forman,North Dakota,38081,Sargent,46.104,-97.6369,587,291.0,shape,false,true,America/Chicago,3,58032,1840000245
Trenton,Trenton,North Dakota,38105,Williams,48.07,-103.8429,575,212.1,shape,false,false,America/Chicago,3,58801 58853,1840033100
Argusville,Argusville,North Dakota,38017,Cass,47.0501,-96.9431,573,55.3,shape,false,true,America/Chicago,3,58005,1840000171
Portland,Portland,North Dakota,38097,Traill,47.4995,-97.3693,562,260.2,shape,false,true,America/Chicago,3,58274,1840000137
Center,Center,North Dakota,38065,Oliver,47.1149,-101.2977,554,447.1,shape,false,true,America/North_Dakota/Center,3,58530,1840001928
Pembina,Pembina,North Dakota,38067,Pembina,48.9669,-97.2475,552,264.2,shape,false,true,America/Chicago,3,58271,1840000017
Fessenden,Fessenden,North Dakota,38103,Wells,47.6494,-99.6267,550,481.3,shape,false,true,America/Chicago,3,58438,1840000117
Stanton,Stanton,North Dakota,38057,Mercer,47.3187,-101.3822,548,373.9,shape,false,true,America/North_Dakota/Beulah,3,58571,1840001909
Strasburg,Strasburg,North Dakota,38029,Emmons,46.1337,-100.1613,510,195.6,shape,false,true,America/Chicago,3,58573,1840001943
Wyndmere,Wyndmere,North Dakota,38077,Richland,46.2641,-97.1312,505,226.7,shape,false,true,America/Chicago,3,58081,1840001948
Turtle Lake,Turtle Lake,North Dakota,38055,McLean,47.5216,-100.8908,503,379.6,shape,false,true,America/Chicago,3,58575,1840001897
Glenburn,Glenburn,North Dakota,38075,Renville,48.5136,-101.2211,490,422.7,shape,false,true,America/Chicago,3,58740,1840000042
South Heart,South Heart,North Dakota,38089,Stark,46.8691,-102.9927,489,140.1,shape,false,true,America/Denver,3,58655,1840001938
Kulm,Kulm,North Dakota,38045,LaMoure,46.3019,-98.9468,467,246.1,shape,false,true,America/Chicago,3,58456,1840000218
East Dunseith,East Dunseith,North Dakota,38079,Rolette,48.8547,-100.0285,459,34.6,shape,false,false,America/Chicago,3,58329,1840033126
Towner,Towner,North Dakota,38049,McHenry,48.3471,-100.407,456,212.9,shape,false,true,America/Chicago,3,58788,1840001876
Rolette,Rolette,North Dakota,38079,Rolette,48.6609,-99.8417,456,174.7,shape,false,true,America/Chicago,3,58366,1840001850
Berthold,Berthold,North Dakota,38101,Ward,48.317,-101.7478,455,148.3,shape,false,true,America/Chicago,3,58718,1840001866
Dunn Center,Dunn Center,North Dakota,38025,Dunn,47.3527,-102.6233,447,441.5,shape,false,true,America/Denver,3,58626,1840000125
Leeds,Leeds,North Dakota,38005,Benson,48.2878,-99.4346,438,267.3,shape,false,true,America/Chicago,3,58346,1840000090
Manvel,Manvel,North Dakota,38035,Grand Forks,48.0727,-97.1779,417,423.8,shape,false,true,America/Chicago,3,58256,1840000104
Emerado,Emerado,North Dakota,38035,Grand Forks,47.9245,-97.3653,416,240.6,shape,false,true,America/Chicago,3,58228 58207,1840000099
Reynolds,Reynolds,North Dakota,38097,Traill,47.6685,-97.106,396,196.4,shape,false,true,America/Chicago,3,58275,1840000107
Neche,Neche,North Dakota,38067,Pembina,48.983,-97.5517,390,172.9,shape,false,true,America/Chicago,3,58265,1840000016
Buxton,Buxton,North Dakota,38097,Traill,47.6021,-97.0976,379,234.3,shape,false,true,America/Chicago,3,58218,1840000132
Gilby,Gilby,North Dakota,38035,Grand Forks,48.0835,-97.4679,376,118.9,shape,false,true,America/Chicago,3,58235,1840000100
Scranton,Scranton,North Dakota,38011,Bowman,46.1498,-103.1429,369,207.6,shape,false,true,America/Denver,3,58653,1840001989
Maddock,Maddock,North Dakota,38005,Benson,47.9624,-99.5293,369,161.5,shape,false,true,America/Chicago,3,58348,1840000091
Westhope,Westhope,North Dakota,38009,Bottineau,48.9112,-101.0176,360,447.3,shape,false,true,America/Chicago,3,58793,1840001853
Oxbow,Oxbow,North Dakota,38017,Cass,46.6687,-96.8101,354,89.2,shape,false,true,America/Chicago,3,58047,1840001933
McVille,McVille,North Dakota,38063,Nelson,47.7653,-98.1755,341,91.7,shape,false,true,America/Chicago,3,58254,1840000096
Arthur,Arthur,North Dakota,38017,Cass,47.1043,-97.2184,338,85.3,shape,false,true,America/Chicago,3,58006,1840000172
Fairmount,Fairmount,North Dakota,38077,Richland,46.0547,-96.6029,337,425.0,shape,false,true,America/Chicago,3,58030,1840000230
Munich,Munich,North Dakota,38019,Cavalier,48.6729,-98.8385,337,90.8,shape,false,true,America/Chicago,3,58352,1840000030
Grenora,Grenora,North Dakota,38105,Williams,48.6199,-103.9367,329,209.1,shape,false,true,America/Chicago,3,58845,1840000056
Walcott,Walcott,North Dakota,38077,Richland,46.5505,-96.9375,316,120.1,shape,false,true,America/Chicago,3,58077,1840001951
Halliday,Halliday,North Dakota,38025,Dunn,47.3521,-102.3387,316,264.4,shape,false,true,America/Denver,3,58636,1840000126
Hope,Hope,North Dakota,38091,Steele,47.3244,-97.7191,316,199.0,shape,false,true,America/Chicago,3,58046,1840000129
Gackle,Gackle,North Dakota,38047,Logan,46.6264,-99.1412,309,221.8,shape,false,true,America/Chicago,3,58442,1840000210
McClusky,McClusky,North Dakota,38083,Sheridan,47.484,-100.4426,307,109.8,shape,false,true,America/Chicago,3,58463,1840000122
St. Thomas,St. Thomas,North Dakota,38067,Pembina,48.6192,-97.4471,301,114.5,shape,false,true,America/Chicago,3,58276,1840001858
Drake,Drake,North Dakota,38049,McHenry,47.9226,-100.3745,297,58.1,shape,false,true,America/Chicago,3,58736,1840000063
Edmore,Edmore,North Dakota,38071,Ramsey,48.4124,-98.4536,296,255.5,shape,false,true,America/Chicago,3,58330,1840000073
Tower City,Tower City,North Dakota,38017,Cass,46.9263,-97.676,296,55.8,shape,false,true,America/Chicago,3,58071,1840001936
Finley,Finley,North Dakota,38091,Steele,47.5125,-97.8373,291,32.2,shape,false,true,America/Chicago,3,58230,1840000128
Anamoose,Anamoose,North Dakota,38049,McHenry,47.8828,-100.242,290,179.7,shape,false,true,America/Chicago,3,58710,1840000058
Carson,Carson,North Dakota,38037,Grant,46.4223,-101.5706,288,27.9,shape,false,true,America/Denver,3,58529,1840000201
Tappen,Tappen,North Dakota,38043,Kidder,46.8716,-99.6269,286,105.3,shape,false,true,America/Chicago,3,58487,1840001919
Bowbells,Bowbells,North Dakota,38013,Burke,48.8027,-102.2457,285,115.7,shape,false,true,America/Chicago,3,58721,1840000037
Hunter,Hunter,North Dakota,38017,Cass,47.1904,-97.2131,283,73.1,shape,false,true,America/Chicago,3,58048,1840000183
Granville,Granville,North Dakota,38049,McHenry,48.2663,-100.8449,279,202.6,shape,false,true,America/Chicago,3,58741,1840000064
Kensal,Kensal,North Dakota,38093,Stutsman,47.3,-98.7321,277,177.0,shape,false,true,America/Chicago,3,58455,1840000154
Apple Valley,Apple Valley,North Dakota,38015,Burleigh,46.8209,-100.5993,274,238.0,shape,false,false,America/Chicago,3,58558,1840091054
Sawyer,Sawyer,North Dakota,38101,Ward,48.0894,-101.0533,261,205.3,shape,false,true,America/Chicago,3,58781,1840001868
Abercrombie,Abercrombie,North Dakota,38077,Richland,46.4469,-96.7294,261,268.1,shape,false,true,America/Chicago,3,58001,1840001946
Leonard,Leonard,North Dakota,38017,Cass,46.6523,-97.2499,260,133.7,shape,false,true,America/Chicago,3,58052,1840000185
Colfax,Colfax,North Dakota,38077,Richland,46.471,-96.8725,259,99.0,shape,false,true,America/Chicago,3,58018,1840001950
Logan,Logan,North Dakota,38101,Ward,48.1557,-101.1664,258,68.3,shape,false,false,America/Chicago,3,58701,1840023762
Gladstone,Gladstone,North Dakota,38089,Stark,46.8595,-102.5701,256,99.1,shape,false,true,America/Denver,3,58630,1840000193
Davenport,Davenport,North Dakota,38017,Cass,46.7148,-97.0657,253,110.0,shape,false,true,America/Chicago,3,58021,1840000176
Medina,Medina,North Dakota,38093,Stutsman,46.8938,-99.2999,253,80.5,shape,false,true,America/Chicago,3,58467,1840000155
Powers Lake,Powers Lake,North Dakota,38013,Burke,48.564,-102.6457,252,70.0,shape,false,true,America/Chicago,3,58773,1840000041
Four Bears Village,Four Bears Village,North Dakota,38053,McKenzie,47.9871,-102.5939,251,94.9,shape,false,false,America/Chicago,3,58763,1840033113
Benedict,Benedict,North Dakota,38055,McLean,47.8301,-101.0843,243,37.6,shape,false,true,America/Chicago,3,58716,1840001893
Hoople,Hoople,North Dakota,38099,Walsh,48.5358,-97.6389,239,170.6,shape,false,true,America/Chicago,3,58243,1840000082
Sherwood,Sherwood,North Dakota,38075,Renville,48.9619,-101.6328,236,207.4,shape,false,true,America/Chicago,3,58782,1840001864
Harmon,Harmon,North Dakota,38059,Morton,46.9443,-100.9526,235,57.9,shape,false,false,America/North_Dakota/New_Salem,3,58554,1840023859
Plaza,Plaza,North Dakota,38061,Mountrail,48.026,-101.9594,231,82.4,shape,false,true,America/Chicago,3,58771,1840000070
Lansford,Lansford,North Dakota,38009,Bottineau,48.627,-101.376,230,260.4,shape,false,true,America/Chicago,3,58750,1840000007
Fordville,Fordville,North Dakota,38099,Walsh,48.2166,-97.7954,227,86.6,shape,false,true,America/Chicago,3,58231,1840000079
Golden Valley,Golden Valley,North Dakota,38057,Mercer,47.2901,-102.0652,224,115.5,shape,false,true,America/North_Dakota/Beulah,3,58541,1840000142
Flasher,Flasher,North Dakota,38059,Morton,46.4521,-101.2324,224,135.5,shape,false,true,America/North_Dakota/New_Salem,3,58535,1840000196
Sheyenne,Sheyenne,North Dakota,38027,Eddy,47.8272,-99.1168,222,146.5,shape,false,true,America/Chicago,3,58374,1840001900
Wing,Wing,North Dakota,38015,Burleigh,47.1423,-100.2823,221,133.7,shape,false,true,America/Chicago,3,58494,1840001927
Selfridge,Selfridge,North Dakota,38085,Sioux,46.0417,-100.9244,219,163.3,shape,false,true,America/Chicago,3,58568,1840001967
St. John,St. John,North Dakota,38079,Rolette,48.9437,-99.7132,216,188.8,shape,false,true,America/Chicago,3,58369,1840001852
Hazelton,Hazelton,North Dakota,38029,Emmons,46.4858,-100.2811,214,126.3,shape,false,true,America/Chicago,3,58544,1840000207
Alexander,Alexander,North Dakota,38053,McKenzie,47.8393,-103.6426,213,66.2,shape,false,true,America/Chicago,3,58831,1840000108
Lignite,Lignite,North Dakota,38013,Burke,48.8771,-102.5645,200,176.3,shape,false,true,America/Chicago,3,58752,1840000039
Des Lacs,Des Lacs,North Dakota,38101,Ward,48.2564,-101.5636,200,143.6,shape,false,true,America/Chicago,3,58733,1840000048
White Shield,White Shield,North Dakota,38055,McLean,47.6601,-101.8436,200,20.3,shape,false,false,America/Chicago,3,58775 58540,1840006615
Bowdon,Bowdon,North Dakota,38103,Wells,47.4685,-99.7089,198,93.8,shape,false,true,America/Chicago,3,58418,1840000116
Edinburg,Edinburg,North Dakota,38099,Walsh,48.4955,-97.8629,195,168.0,shape,false,true,America/Chicago,3,58227,1840000077
Oriska,Oriska,North Dakota,38003,Barnes,46.9313,-97.7908,193,108.1,shape,false,true,America/Chicago,3,58063,1840000167
Page,Page,North Dakota,38017,Cass,47.1592,-97.5681,193,74.2,shape,false,true,America/Chicago,3,58064,1840000188
Ross,Ross,North Dakota,38061,Mountrail,48.3128,-102.5435,188,114.5,shape,false,true,America/Chicago,3,58776,1840001878
Taylor,Taylor,North Dakota,38089,Stark,46.9018,-102.4222,186,143.3,shape,false,true,America/Denver,3,58656,1840001939
Max,Max,North Dakota,38055,McLean,47.8204,-101.2911,185,91.7,shape,false,true,America/Chicago,3,58759,1840000112
Upham,Upham,North Dakota,38049,McHenry,48.5815,-100.7284,183,167.4,shape,false,true,America/Chicago,3,58789,1840000059
Riverdale,Riverdale,North Dakota,38055,McLean,47.4975,-101.3661,182,50.7,shape,false,true,America/Chicago,3,58531 58565,1840000114
Amenia,Amenia,North Dakota,38017,Cass,47.0065,-97.2241,181,46.9,shape,false,true,America/Chicago,3,58004,1840000170
Rhame,Rhame,North Dakota,38011,Bowman,46.2347,-103.655,181,46.7,shape,false,true,America/Denver,3,58651,1840000259
Binford,Binford,North Dakota,38039,Griggs,47.5604,-98.3456,178,207.5,shape,false,true,America/Chicago,3,58416,1840001904
Frontier,Frontier,North Dakota,38017,Cass,46.8002,-96.8331,175,362.8,shape,false,true,America/Chicago,3,58104,1840000178
Osnabrock,Osnabrock,North Dakota,38019,Cavalier,48.67,-98.1488,175,155.6,shape,false,true,America/Chicago,3,58269,1840000032
Christine,Christine,North Dakota,38077,Richland,46.5752,-96.8066,166,47.5,shape,false,true,America/Chicago,3,58015,1840001949
Minnewaukan,Minnewaukan,North Dakota,38005,Benson,48.0762,-99.2607,163,130.2,shape,false,true,America/Chicago,3,58351,1840000092
Spiritwood Lake,Spiritwood Lake,North Dakota,38093,Stutsman,47.0743,-98.5866,162,54.8,shape,false,true,America/Chicago,3,58401,1840001924
Zap,Zap,North Dakota,38057,Mercer,47.2847,-101.9233,161,61.0,shape,false,true,America/North_Dakota/Beulah,3,58580,1840001908
New Leipzig,New Leipzig,North Dakota,38037,Grant,46.3758,-101.9517,159,69.0,shape,false,true,America/Denver,3,58562,1840000204
Mooreton,Mooreton,North Dakota,38077,Richland,46.269,-96.8758,157,147.4,shape,false,true,America/Chicago,3,58061,1840000235
Brooktree Park,Brooktree Park,North Dakota,38017,Cass,47.0039,-96.8958,156,137.6,shape,false,false,America/Chicago,3,58042,1840023846
Wimbledon,Wimbledon,North Dakota,38003,Barnes,47.1691,-98.4587,156,96.9,shape,false,true,America/Chicago,3,58492,1840001929
Arnegard,Arnegard,North Dakota,38053,McKenzie,47.8084,-103.4388,155,56.5,shape,false,true,America/Chicago,3,58835,1840000109
Sheldon,Sheldon,North Dakota,38073,Ransom,46.5886,-97.4944,155,146.5,shape,false,true,America/Chicago,3,58068,1840001945
Litchville,Litchville,North Dakota,38003,Barnes,46.6566,-98.1917,152,26.0,shape,false,true,America/Chicago,3,58461,1840000165
Medora,Medora,North Dakota,38007,Billings,46.9124,-103.5251,151,148.3,shape,false,true,America/Denver,3,58645,1840000147
Aneta,Aneta,North Dakota,38063,Nelson,47.6795,-97.9897,150,58.2,shape,false,true,America/Chicago,3,58212,1840000094
Regent,Regent,North Dakota,38041,Hettinger,46.4222,-102.5581,149,102.8,shape,false,true,America/Denver,3,58650,1840000223
Tolna,Tolna,North Dakota,38063,Nelson,47.8257,-98.4382,149,76.5,shape,false,true,America/Chicago,3,58380,1840001890
Almont,Almont,North Dakota,38059,Morton,46.7283,-101.5026,149,23.1,shape,false,true,America/North_Dakota/New_Salem,3,58520,1840000195
Grandin,Grandin,North Dakota,38017,Cass,47.2367,-97.0032,148,335.2,shape,false,true,America/Chicago,3,58038,1840000180
Carpio,Carpio,North Dakota,38101,Ward,48.4434,-101.7163,146,89.1,shape,false,true,America/Chicago,3,58725,1840000047
Fort Yates,Fort Yates,North Dakota,38085,Sioux,46.0865,-100.6301,144,571.8,shape,false,true,America/Chicago,3,58538,1840000236
Ruthville,Ruthville,North Dakota,38101,Ward,48.3708,-101.3003,142,208.1,shape,false,false,America/Chicago,3,58703,1840023763
Noonan,Noonan,North Dakota,38023,Divide,48.8899,-103.0101,142,72.8,shape,false,true,America/Chicago,3,58765,1840000036
Buffalo,Buffalo,North Dakota,38017,Cass,46.9193,-97.5507,136,109.1,shape,false,true,America/Chicago,3,58011,1840000174
Fingal,Fingal,North Dakota,38003,Barnes,46.7625,-97.7932,136,126.1,shape,false,true,America/Chicago,3,58031,1840000162
Golva,Golva,North Dakota,38033,Golden Valley,46.7347,-103.9829,131,6.1,shape,false,true,America/Denver,3,58632,1840000148
Palermo,Palermo,North Dakota,38061,Mountrail,48.338,-102.2297,131,22.5,shape,false,true,America/Chicago,3,58769,1840000068
Petersburg,Petersburg,North Dakota,38063,Nelson,48.0132,-98.0004,131,49.2,shape,false,true,America/Chicago,3,58272,1840000098
Portal,Portal,North Dakota,38013,Burke,48.9947,-102.5479,130,75.1,shape,false,true,America/Regina,3,58772,1840000040
Sanborn,Sanborn,North Dakota,38003,Barnes,46.9428,-98.2238,128,82.4,shape,false,true,America/Chicago,3,58480,1840001931
Marion,Marion,North Dakota,38045,LaMoure,46.6091,-98.3375,119,54.8,shape,false,true,America/Chicago,3,58466,1840000220
Cleveland,Cleveland,North Dakota,38093,Stutsman,46.891,-99.1195,119,48.3,shape,false,true,America/Chicago,3,58424,1840001922
East Fairview,East Fairview,North Dakota,38053,McKenzie,47.8554,-104.0375,119,99.8,shape,false,false,America/Denver,3,59221,1840023780
Verona,Verona,North Dakota,38045,LaMoure,46.3626,-98.0771,119,79.9,shape,false,true,America/Chicago,3,58490,1840000214
Wildrose,Wildrose,North Dakota,38105,Williams,48.6299,-103.1837,119,39.8,shape,false,true,America/Chicago,3,58795,1840001870
Forest River,Forest River,North Dakota,38099,Walsh,48.2166,-97.4703,117,90.2,shape,false,true,America/Chicago,3,58233,1840000080
Porcupine,Porcupine,North Dakota,38085,Sioux,46.2218,-101.0999,116,148.9,shape,false,false,America/Chicago,3,58568,1840023874
Lankin,Lankin,North Dakota,38099,Walsh,48.3147,-97.9203,115,127.5,shape,false,true,America/Chicago,3,58250,1840000083
Ryder,Ryder,North Dakota,38101,Ward,47.9211,-101.6694,114,84.0,shape,false,true,America/Chicago,3,58779,1840001867
Epping,Epping,North Dakota,38105,Williams,48.2817,-103.3579,113,53.8,shape,false,true,America/Chicago,3,58843,1840000055
Cogswell,Cogswell,North Dakota,38081,Sargent,46.107,-97.7842,113,78.4,shape,false,true,America/Chicago,3,58017,1840001984
Blacktail,Blacktail,North Dakota,38105,Williams,48.4327,-103.74,113,5.6,shape,false,false,America/Chicago,3,58801,1840150219
Pisek,Pisek,North Dakota,38099,Walsh,48.3107,-97.7104,112,144.6,shape,false,true,America/Chicago,3,58273,1840000086
Adams,Adams,North Dakota,38099,Walsh,48.4202,-98.0737,112,44.3,shape,false,true,America/Chicago,3,58210,1840001886
McGregor,McGregor,North Dakota,38105,Williams,48.5957,-102.9281,111,44.7,shape,false,false,America/Chicago,3,58755,1840033079
Mercer,Mercer,North Dakota,38055,McLean,47.4905,-100.7104,109,90.1,shape,false,true,America/Chicago,3,58559,1840000113
Hague,Hague,North Dakota,38029,Emmons,46.0289,-99.9991,108,71.5,shape,false,true,America/Chicago,3,58542,1840000206
Crary,Crary,North Dakota,38071,Ramsey,48.0716,-98.6385,107,43.5,shape,false,true,America/Chicago,3,58327,1840000072
Fort Ransom,Fort Ransom,North Dakota,38073,Ransom,46.5244,-97.931,106,85.3,shape,false,true,America/Chicago,3,58033,1840000226
Esmond,Esmond,North Dakota,38005,Benson,48.033,-99.7647,106,90.0,shape,false,true,America/Chicago,3,58332,1840000088
Goodrich,Goodrich,North Dakota,38083,Sheridan,47.4759,-100.1247,105,75.4,shape,false,true,America/Chicago,3,58444,1840000121
Pick City,Pick City,North Dakota,38057,Mercer,47.511,-101.4574,105,122.7,shape,false,true,America/North_Dakota/Beulah,3,58545,1840000144
Landa,Landa,North Dakota,38009,Bottineau,48.8958,-100.912,105,60.6,shape,false,true,America/Chicago,3,58783,1840000006
Deering,Deering,North Dakota,38049,McHenry,48.3959,-101.0499,102,51.9,shape,false,true,America/Chicago,3,58731,1840000062
Montpelier,Montpelier,North Dakota,38093,Stutsman,46.6987,-98.5884,99,99.8,shape,false,true,America/Chicago,3,58472,1840000156
Warwick,Warwick,North Dakota,38005,Benson,47.8547,-98.7056,98,58.2,shape,false,true,America/Chicago,3,58381,1840001889
Maxbass,Maxbass,North Dakota,38009,Bottineau,48.7225,-101.1426,98,82.4,shape,false,true,America/Chicago,3,58760,1840000008
Mountain,Mountain,North Dakota,38067,Pembina,48.6843,-97.8648,97,39.3,shape,false,true,America/Chicago,3,58262,1840000015
Crystal,Crystal,North Dakota,38067,Pembina,48.5981,-97.6685,96,53.8,shape,false,true,America/Chicago,3,58222,1840000012
Dodge,Dodge,North Dakota,38025,Dunn,47.3057,-102.2029,96,79.3,shape,false,true,America/Denver,3,58625,1840000124
Zeeland,Zeeland,North Dakota,38051,McIntosh,45.9731,-99.8325,96,81.2,shape,false,true,America/Chicago,3,58581,1840001988
Marmarth,Marmarth,North Dakota,38087,Slope,46.296,-103.9331,93,13.9,shape,false,true,America/Denver,3,58643,1840000213
Sykeston,Sykeston,North Dakota,38103,Wells,47.466,-99.3993,92,89.8,shape,false,true,America/Chicago,3,58486,1840001902
Willow City,Willow City,North Dakota,38009,Bottineau,48.6047,-100.2933,91,75.0,shape,false,true,America/Chicago,3,58384,1840001854
Streeter,Streeter,North Dakota,38093,Stutsman,46.6576,-99.3568,90,60.5,shape,false,true,America/Chicago,3,58483,1840001925
Coleharbor,Coleharbor,North Dakota,38055,McLean,47.5425,-101.2214,89,87.5,shape,false,true,America/Chicago,3,58531,1840001895
Dickey,Dickey,North Dakota,38045,LaMoure,46.5368,-98.4681,89,54.8,shape,false,true,America/Chicago,3,58431,1840000215
Regan,Regan,North Dakota,38015,Burleigh,47.1568,-100.5273,88,33.5,shape,false,true,America/Chicago,3,58477,1840000159
Havana,Havana,North Dakota,38081,Sargent,45.9517,-97.6185,88,36.0,shape,false,true,America/Chicago,3,58043,1840000247
Douglas,Douglas,North Dakota,38101,Ward,47.8579,-101.5018,87,123.4,shape,false,true,America/Chicago,3,58735,1840000050
Hannaford,Hannaford,North Dakota,38039,Griggs,47.3141,-98.1889,87,154.4,shape,false,true,America/Chicago,3,58448,1840000131
Reeder,Reeder,North Dakota,38001,Adams,46.1059,-102.9422,86,48.4,shape,false,true,America/Denver,3,58649,1840000244
Makoti,Makoti,North Dakota,38101,Ward,47.9633,-101.8029,86,61.5,shape,false,true,America/Chicago,3,58756,1840000052
Dazey,Dazey,North Dakota,38003,Barnes,47.1883,-98.2007,83,98.5,shape,false,true,America/Chicago,3,58429,1840000161
Egeland,Egeland,North Dakota,38095,Towner,48.6281,-99.098,83,24.2,shape,false,true,America/Chicago,3,58331,1840000019
Rutland,Rutland,North Dakota,38081,Sargent,46.0543,-97.5068,82,81.8,shape,false,true,America/Chicago,3,58067,1840001985
Buchanan,Buchanan,North Dakota,38093,Stutsman,47.0626,-98.829,82,148.7,shape,false,true,America/Chicago,3,58420,1840000152
Kathryn,Kathryn,North Dakota,38003,Barnes,46.6812,-97.9704,82,54.5,shape,false,true,America/Chicago,3,58049,1840000163
Donnybrook,Donnybrook,North Dakota,38101,Ward,48.5077,-101.8868,76,43.1,shape,false,true,America/Chicago,3,58734,1840000049
White Earth,White Earth,North Dakota,38061,Mountrail,48.3799,-102.7718,76,19.6,shape,false,true,America/Chicago,3,58794,1840001877
Solen,Solen,North Dakota,38085,Sioux,46.3873,-100.7958,74,121.8,shape,false,true,America/Chicago,3,58570,1840001968
Glenfield,Glenfield,North Dakota,38031,Foster,47.4551,-98.5664,74,86.2,shape,false,true,America/Chicago,3,58443,1840000139
Lehr,Lehr,North Dakota,38051,McIntosh,46.2826,-99.3528,73,85.9,shape,false,true,America/Chicago,3,58460,1840000250
Dawson,Dawson,North Dakota,38043,Kidder,46.8679,-99.7536,72,51.1,shape,false,true,America/Chicago,3,58428,1840000149
Gardner,Gardner,North Dakota,38017,Cass,47.1445,-96.9686,71,55.2,shape,false,true,America/Chicago,3,58036,1840000179
Butte,Butte,North Dakota,38055,McLean,47.837,-100.6658,71,84.0,shape,false,true,America/Chicago,3,58723,1840000110
Pingree,Pingree,North Dakota,38093,Stutsman,47.1638,-98.9086,70,70.7,shape,false,true,America/Chicago,3,58476,1840000157
Alamo,Alamo,North Dakota,38105,Williams,48.5824,-103.4676,70,49.3,shape,false,true,America/Chicago,3,58830,1840000054
Caledonia,Caledonia,North Dakota,38097,Traill,47.4577,-96.8892,69,51.3,shape,false,false,America/Chicago,3,58219,1840023810
Pekin,Pekin,North Dakota,38063,Nelson,47.7919,-98.3278,68,76.6,shape,false,true,America/Chicago,3,58361,1840000097
Columbus,Columbus,North Dakota,38013,Burke,48.905,-102.7812,66,141.6,shape,false,true,America/Chicago,3,58727,1840001863
Selz,Selz,North Dakota,38069,Pierce,47.8594,-99.8934,66,46.9,shape,false,false,America/Chicago,3,58341,1840023767
Sharon,Sharon,North Dakota,38091,Steele,47.5974,-97.8994,65,16.9,shape,false,true,America/Chicago,3,58277,1840001903
Clifford,Clifford,North Dakota,38097,Traill,47.3483,-97.4102,65,24.4,shape,false,true,America/Chicago,3,58016,1840001906
Menoken,Menoken,North Dakota,38015,Burleigh,46.8148,-100.5341,64,11.4,shape,false,false,America/Chicago,3,58558,1840025257
Fullerton,Fullerton,North Dakota,38021,Dickey,46.1632,-98.4272,63,62.4,shape,false,true,America/Chicago,3,58441,1840000253
Galesburg,Galesburg,North Dakota,38097,Traill,47.2701,-97.4087,63,50.7,shape,false,true,America/Chicago,3,58035,1840000133
Driscoll,Driscoll,North Dakota,38015,Burleigh,46.8427,-100.1439,63,42.2,shape,false,false,America/Chicago,3,58532,1840025256
Foxholm,Foxholm,North Dakota,38101,Ward,48.3654,-101.5721,63,25.4,shape,false,false,America/Chicago,3,58718,1840023761
Bisbee,Bisbee,North Dakota,38095,Towner,48.6272,-99.3788,63,109.1,shape,false,true,America/Chicago,3,58317,1840001860
Newburg,Newburg,North Dakota,38009,Bottineau,48.7139,-100.9127,61,173.1,shape,false,true,America/Chicago,3,58762,1840000009
Pettibone,Pettibone,North Dakota,38043,Kidder,47.117,-99.5208,61,105.7,shape,false,true,America/Chicago,3,58475,1840000150
Milton,Milton,North Dakota,38019,Cavalier,48.626,-98.0459,60,49.2,shape,false,true,America/Chicago,3,58260,1840000029
McHenry,McHenry,North Dakota,38031,Foster,47.5764,-98.591,58,47.4,shape,false,true,America/Chicago,3,58464,1840000141
Wheatland,Wheatland,North Dakota,38017,Cass,46.9049,-97.3455,58,5.6,shape,false,false,America/Chicago,3,58079,1840006628
Martin,Martin,North Dakota,38083,Sheridan,47.8268,-100.1154,57,50.4,shape,false,true,America/Chicago,3,58758,1840000123
Souris,Souris,North Dakota,38009,Bottineau,48.91,-100.6826,57,85.1,shape,false,true,America/Chicago,3,58783,1840001855
Briarwood,Briarwood,North Dakota,38017,Cass,46.787,-96.7949,56,138.0,shape,false,true,America/Chicago,3,58104,1840000173
Balta,Balta,North Dakota,38069,Pierce,48.1666,-100.0369,55,60.5,shape,false,true,America/Chicago,3,58313,1840001880
Dwight,Dwight,North Dakota,38077,Richland,46.3039,-96.7402,54,109.6,shape,false,true,America/Chicago,3,58075,1840000229
Fortuna,Fortuna,North Dakota,38023,Divide,48.9099,-103.7783,54,20.7,shape,false,true,America/Chicago,3,58844,1840000035
Karlsruhe,Karlsruhe,North Dakota,38049,McHenry,48.0911,-100.6162,54,27.8,shape,false,true,America/Chicago,3,58744,1840000065
Courtenay,Courtenay,North Dakota,38093,Stutsman,47.2241,-98.5685,53,48.9,shape,false,true,America/Chicago,3,58426,1840001923
Tuttle,Tuttle,North Dakota,38043,Kidder,47.1445,-99.9934,53,101.5,shape,false,true,America/Chicago,3,58488,1840001920
Jessie,Jessie,North Dakota,38039,Griggs,47.5402,-98.2291,52,42.3,shape,false,false,America/Chicago,3,58452,1840023807
North River,North River,North Dakota,38017,Cass,46.9503,-96.8019,51,108.1,shape,false,true,America/Chicago,3,58102,1840000187
Berlin,Berlin,North Dakota,38045,LaMoure,46.3784,-98.4885,51,59.0,shape,false,true,America/Chicago,3,58415,1840001944
Nome,Nome,North Dakota,38003,Barnes,46.6758,-97.8162,51,47.5,shape,false,true,America/Chicago,3,58062,1840000166
Barney,Barney,North Dakota,38077,Richland,46.2658,-96.9988,51,18.9,shape,false,true,America/Chicago,3,58008,1840001947
Manning,Manning,North Dakota,38025,Dunn,47.231,-102.7702,50,33.6,shape,false,false,America/Denver,3,58642,1840025250
Grace City,Grace City,North Dakota,38031,Foster,47.5513,-98.8039,49,49.1,shape,false,true,America/Chicago,3,58445,1840000140
Bucyrus,Bucyrus,North Dakota,38001,Adams,46.0648,-102.7885,49,30.7,shape,false,true,America/Denver,3,58639,1840000241
Long Creek,Long Creek,North Dakota,38105,Williams,48.1009,-103.2548,49,142.1,shape,false,false,America/Chicago,3,58843,1840150220
Bathgate,Bathgate,North Dakota,38067,Pembina,48.8803,-97.4741,48,22.8,shape,false,true,America/Chicago,3,58216,1840001856
Erie,Erie,North Dakota,38017,Cass,47.1154,-97.3879,47,9.0,shape,false,false,America/Chicago,3,58029,1840004000
Jud,Jud,North Dakota,38045,LaMoure,46.5258,-98.8976,47,31.4,shape,false,true,America/Chicago,3,58454,1840000217
Robinson,Robinson,North Dakota,38043,Kidder,47.1421,-99.7817,46,37.9,shape,false,true,America/Chicago,3,58478,1840000151
Woodworth,Woodworth,North Dakota,38093,Stutsman,47.1421,-99.3045,46,71.6,shape,false,true,America/Chicago,3,58496,1840001921
Sentinel Butte,Sentinel Butte,North Dakota,38033,Golden Valley,46.9195,-103.84,45,16.9,shape,false,true,America/Denver,3,58654,1840001917
Alice,Alice,North Dakota,38017,Cass,46.76,-97.5562,44,17.4,shape,false,true,America/Chicago,3,58031,1840000169
Flaxton,Flaxton,North Dakota,38013,Burke,48.8974,-102.3933,44,23.3,shape,false,true,America/Chicago,3,58737,1840000038
Voltaire,Voltaire,North Dakota,38049,McHenry,48.0187,-100.844,43,34.1,shape,false,true,America/Chicago,3,58792,1840000061
McLeod,McLeod,North Dakota,38073,Ransom,46.3887,-97.2987,42,21.0,shape,false,false,America/Chicago,3,58057,1840023871
Rogers,Rogers,North Dakota,38003,Barnes,47.074,-98.2031,41,16.1,shape,false,true,America/Chicago,3,58479,1840001930
Sutton,Sutton,North Dakota,38039,Griggs,47.4038,-98.4412,41,21.5,shape,false,false,America/Chicago,3,58484,1840023808
Cayuga,Cayuga,North Dakota,38081,Sargent,46.0761,-97.3845,40,15.4,shape,false,true,America/Chicago,3,58013,1840001983
Englevale,Englevale,North Dakota,38073,Ransom,46.3912,-97.9038,40,10.4,shape,false,false,America/Chicago,3,58033,1840023870
Heimdal,Heimdal,North Dakota,38103,Wells,47.7926,-99.6528,39,32.1,shape,false,false,America/Chicago,3,58341,1840023801
Oberon,Oberon,North Dakota,38005,Benson,47.9242,-99.2059,38,131.0,shape,false,true,America/Chicago,3,58357,1840000093
Haynes,Haynes,North Dakota,38001,Adams,45.9739,-102.471,38,16.2,shape,false,true,America/Denver,3,58639,1840000242
Elliott,Elliott,North Dakota,38073,Ransom,46.4023,-97.8149,37,31.0,shape,false,true,America/Chicago,3,58054,1840000224
Gardena,Gardena,North Dakota,38009,Bottineau,48.7012,-100.4981,37,2.4,shape,false,true,America/Chicago,3,58318 58748,1840000004
Prairie Rose,Prairie Rose,North Dakota,38017,Cass,46.8171,-96.8353,36,862.6,shape,false,true,America/Chicago,3,58104,1840000189
Mantador,Mantador,North Dakota,38077,Richland,46.1654,-96.9779,34,62.5,shape,false,true,America/Chicago,3,58058 58041,1840000234
Luverne,Luverne,North Dakota,38091,Steele,47.2514,-97.9348,33,32.2,shape,false,true,America/Chicago,3,58056,1840000130
Wolford,Wolford,North Dakota,38069,Pierce,48.4975,-99.7038,33,45.0,shape,false,true,America/Chicago,3,58385,1840001881
Starkweather,Starkweather,North Dakota,38071,Ramsey,48.4521,-98.8784,33,136.3,shape,false,true,America/Chicago,3,58377,1840001885
Brocket,Brocket,North Dakota,38071,Ramsey,48.2107,-98.3556,32,16.4,shape,false,true,America/Chicago,3,58321,1840000071
Embden,Embden,North Dakota,38017,Cass,46.805,-97.4395,32,17.2,shape,false,false,America/Chicago,3,58079,1840023847
Leith,Leith,North Dakota,38037,Grant,46.3626,-101.6385,31,9.7,shape,false,true,America/Denver,3,58529,1840000203
Great Bend,Great Bend,North Dakota,38077,Richland,46.1546,-96.801,31,21.3,shape,false,true,America/Chicago,3,58075,1840000231
Springbrook,Springbrook,North Dakota,38105,Williams,48.2521,-103.4618,31,25.7,shape,false,true,America/Chicago,3,58843,1840033094
Amidon,Amidon,North Dakota,38087,Slope,46.4822,-103.3196,31,19.1,shape,false,true,America/Denver,3,58620,1840000212
Niagara,Niagara,North Dakota,38035,Grand Forks,47.9983,-97.8717,31,12.8,shape,false,true,America/Chicago,3,58266,1840000105
Hamilton,Hamilton,North Dakota,38067,Pembina,48.808,-97.4518,30,24.3,shape,false,true,America/Chicago,3,58238,1840000014
Knox,Knox,North Dakota,38005,Benson,48.3439,-99.6911,30,24.0,shape,false,true,America/Chicago,3,58343,1840000089
Hampden,Hampden,North Dakota,38071,Ramsey,48.5395,-98.6542,29,75.5,shape,false,true,America/Chicago,3,58338,1840000074
Ambrose,Ambrose,North Dakota,38023,Divide,48.9559,-103.4813,29,11.1,shape,false,true,America/Chicago,3,58833,1840000033
Dahlen,Dahlen,North Dakota,38063,Nelson,48.1587,-97.9319,28,0.4,shape,false,false,America/Chicago,3,58224,1840023778
Ludden,Ludden,North Dakota,38021,Dickey,46.0082,-98.1254,27,13.1,shape,false,true,America/Chicago,3,58474,1840000254
Inkster,Inkster,North Dakota,38035,Grand Forks,48.1513,-97.6442,26,10.1,shape,false,true,America/Chicago,3,58244,1840000102
Kramer,Kramer,North Dakota,38009,Bottineau,48.691,-100.7078,25,13.9,shape,false,true,America/Chicago,3,58748,1840000005
Fredonia,Fredonia,North Dakota,38047,Logan,46.3291,-99.0955,25,51.2,shape,false,true,America/Chicago,3,58440,1840000209
Hurdsfield,Hurdsfield,North Dakota,38103,Wells,47.4468,-99.931,25,113.8,shape,false,true,America/Chicago,3,58451,1840000120
Loma,Loma,North Dakota,38019,Cavalier,48.6417,-98.5248,24,0.1,shape,false,true,America/Chicago,3,58311,1840016556
Gascoyne,Gascoyne,North Dakota,38011,Bowman,46.119,-103.0788,24,9.3,shape,false,true,America/Denver,3,58653,1840000258
Hansboro,Hansboro,North Dakota,38095,Towner,48.9524,-99.3802,23,13.2,shape,false,true,America/Chicago,3,58339,1840000020
Cathay,Cathay,North Dakota,38103,Wells,47.5542,-99.4108,22,58.3,shape,false,true,America/Chicago,3,58422,1840001901
Spiritwood,Spiritwood,North Dakota,38093,Stutsman,46.9343,-98.4933,22,9.7,shape,false,false,America/Chicago,3,58481,1840023844
Alsen,Alsen,North Dakota,38019,Cavalier,48.6303,-98.7048,22,18.4,shape,false,true,America/Chicago,3,58311 58352 58338,1840016544
Forbes,Forbes,North Dakota,38021,Dickey,45.9425,-98.782,20,25.9,shape,false,true,America/Chicago,3,58439,1840000252
De Lamere,De Lamere,North Dakota,38081,Sargent,46.2668,-97.3332,20,5.8,shape,false,false,America/Chicago,3,58060,1840023879
Ardoch,Ardoch,North Dakota,38099,Walsh,48.2054,-97.338,20,103.4,shape,false,true,America/Chicago,3,58261,1840000076
Brinsmade,Brinsmade,North Dakota,38005,Benson,48.184,-99.3236,19,24.9,shape,false,true,America/Chicago,3,58351,1840000087
Monango,Monango,North Dakota,38021,Dickey,46.1734,-98.5952,19,52.0,shape,false,true,America/Chicago,3,58436,1840000255
Nekoma,Nekoma,North Dakota,38019,Cavalier,48.5763,-98.3755,18,13.2,shape,false,true,America/Chicago,3,58355,1840000031
Sibley,Sibley,North Dakota,38003,Barnes,47.2188,-97.9654,18,170.6,shape,false,true,America/Chicago,3,58429,1840001932
Lawton,Lawton,North Dakota,38071,Ramsey,48.3036,-98.3684,18,7.6,shape,false,true,America/Chicago,3,58345,1840000075
Denhoff,Denhoff,North Dakota,38083,Sheridan,47.4786,-100.2592,18,10.6,shape,false,false,America/Chicago,3,58430,1840023802
Sarles,Sarles,North Dakota,38019,Cavalier,48.945,-98.9969,18,32.3,shape,false,true,America/Chicago,3,58372,1840001861
Fairdale,Fairdale,North Dakota,38099,Walsh,48.49,-98.2312,17,45.3,shape,false,true,America/Chicago,3,58229,1840000078
Perth,Perth,North Dakota,38095,Towner,48.7148,-99.4582,17,4.7,shape,false,true,America/Chicago,3,58363,1840000021
Overly,Overly,North Dakota,38009,Bottineau,48.6811,-100.151,16,3.3,shape,false,true,America/Chicago,3,58384,1840000010
Braddock,Braddock,North Dakota,38029,Emmons,46.564,-100.0896,16,17.4,shape,false,true,America/Chicago,3,58524,1840000205
Venturia,Venturia,North Dakota,38051,McIntosh,45.9971,-99.5479,16,11.1,shape,false,true,America/Chicago,3,58413,1840000249
Hamberg,Hamberg,North Dakota,38103,Wells,47.7633,-99.516,15,14.2,shape,false,true,America/Chicago,3,58341,1840000118
Ayr,Ayr,North Dakota,38017,Cass,47.0411,-97.4909,15,15.9,shape,false,true,America/Chicago,3,58007,1840001934
Calvin,Calvin,North Dakota,38019,Cavalier,48.8518,-98.938,14,26.2,shape,false,true,America/Chicago,3,58323,1840000025
Tolley,Tolley,North Dakota,38075,Renville,48.7303,-101.8274,14,64.6,shape,false,true,America/Chicago,3,58787,1840001865
York,York,North Dakota,38005,Benson,48.3132,-99.5733,14,24.5,shape,false,true,America/Chicago,3,58386,1840001888
Antler,Antler,North Dakota,38009,Bottineau,48.9713,-101.2832,13,27.7,shape,false,true,America/Chicago,3,58711,1840000002
Conway,Conway,North Dakota,38099,Walsh,48.2343,-97.6751,13,7.9,shape,false,true,America/Chicago,3,58233,1840001887
Balfour,Balfour,North Dakota,38049,McHenry,47.9509,-100.5343,13,8.9,shape,false,true,America/Chicago,3,58712,1840001873
Kief,Kief,North Dakota,38049,McHenry,47.86,-100.5133,13,4.1,shape,false,true,America/Chicago,3,58712 58723,1840000066
Mylo,Mylo,North Dakota,38079,Rolette,48.6358,-99.6179,12,5.4,shape,false,true,America/Chicago,3,58353,1840000001
Hannah,Hannah,North Dakota,38019,Cavalier,48.9729,-98.6903,11,11.1,shape,false,true,America/Chicago,3,58239 58281,1840000026
Auburn,Auburn,North Dakota,38099,Walsh,48.5066,-97.4368,10,3.8,shape,false,false,America/Chicago,3,58237,1840023768
Raleigh,Raleigh,North Dakota,38037,Grant,46.3572,-101.3054,10,10.8,shape,false,false,America/Denver,3,58564,1840023864
Pillsbury,Pillsbury,North Dakota,38003,Barnes,47.2071,-97.7957,9,14.4,shape,false,true,America/Chicago,3,58065,1840000168
Leal,Leal,North Dakota,38003,Barnes,47.1049,-98.3155,9,6.6,shape,false,true,America/Chicago,3,58479,1840000164
Ypsilanti,Ypsilanti,North Dakota,38093,Stutsman,46.7834,-98.561,9,6.3,shape,false,false,America/Chicago,3,58497,1840023845
Wales,Wales,North Dakota,38019,Cavalier,48.8952,-98.6008,8,42.2,shape,false,true,America/Chicago,3,58281,1840001862
Loraine,Loraine,North Dakota,38075,Renville,48.8683,-101.5678,8,2.2,shape,false,true,America/Chicago,3,58761,1840000044
Nash,Nash,North Dakota,38099,Walsh,48.4778,-97.5245,7,2.6,shape,false,false,America/Chicago,3,58237,1840023769
Calio,Calio,North Dakota,38019,Cavalier,48.6238,-98.938,6,0.0,shape,false,true,America/Chicago,3,58352,1840016555
Bantry,Bantry,North Dakota,38049,McHenry,48.4973,-100.6095,5,2.1,shape,false,true,America/Chicago,5,58713,1840001874
Ruso,Ruso,North Dakota,38055,McLean,47.8373,-100.9343,4,4.4,shape,false,true,America/Chicago,3,58778,1840001896
Heil,Heil,North Dakota,38037,Grant,46.3892,-101.7012,4,15.3,shape,false,false,America/Denver,3,58533,1840023863
Larson,Larson,North Dakota,38013,Burke,48.8916,-102.8626,4,3.8,shape,false,false,America/Chicago,3,58727,1840023758
Churchs Ferry,Churchs Ferry,North Dakota,38071,Ramsey,48.2686,-99.1944,2,1.8,shape,false,true,America/Chicago,3,58325,1840001884
Grano,Grano,North Dakota,38075,Renville,48.6153,-101.5892,2,9.0,shape,false,true,America/Chicago,3,58750,1840000043
Barton,Barton,North Dakota,38069,Pierce,48.5093,-100.1734,0,10.8,shape,false,false,America/Chicago,3,58384,1840023765
Blanchard,Blanchard,North Dakota,38097,Traill,47.3432,-97.2228,0,25.8,shape,false,false,America/Chicago,3,58009,1840023809
Bergen,Bergen,North Dakota,38049,McHenry,48.0037,-100.7199,0,2.9,shape,false,true,America/Chicago,3,58792,1840001875
Orrin,Orrin,North Dakota,38069,Pierce,48.091,-100.1671,0,0.4,shape,false,false,America/Chicago,3,58368,1840023766
